kappa_true,rep,kappa_hat,TS,sigma,ci_lo,ci_hi,covered
0.0,4,0.0012596539237755531,0.03583810895042916,0.18930955852895848,0.0,0.01609241121254933,True
0.0,5,0.0006687380588809674,0.008961900014810453,0.09466731228259548,0.0,0.01569533881089781,True
0.0,6,0.004667605670456099,0.4613184114557498,0.6792042487026637,0.0,0.020747015691449038,True
0.0,7,0.004704153899228624,0.48907169409972084,0.699336610009601,0.0,0.020482578846123208,True
0.0,28,0.0008077117111565712,0.014710404752804607,0.12128645741716017,0.0,0.015519348645902913,True
0.0,29,1.796348389048602e-12,0.0,0.0,0.0,0.0087808005651899,True
0.0,30,0.011111014776875296,2.544274762889472,1.5950782936550394,0.0,0.02936214951834993,True
0.0,31,0.0026655192888835927,0.15556028281548606,0.3944113117235433,0.0,0.01828225193326909,True
0.0,8,0.003937479692968456,0.3394448354013093,0.5826189452818277,0.0,0.01963051640283659,True
0.0,9,1.4784491873663002e-07,0.0,0.0,0.0,0.008168488520653062,True
0.0,10,0.00249809121877337,0.13933164788636532,0.37327154711599075,0.0,0.018014808491789658,True
0.0,11,0.0012396532802966295,0.03549013020960956,0.18838824328924977,0.0,0.016336273859379063,True
0.0,16,4.2621999565796084e-10,0.0,0.0,0.0,0.007354084831785862,True
0.0,17,2.288320954165618e-12,0.0001801437285848806,0.013421763244256717,0.0,0.010679108917137784,True
0.0,18,7.688033274019443e-09,0.0,0.0,0.0,0.01396008453310579,True
0.0,19,0.0072769753699649525,1.193109829232526,1.0922956693279187,0.0,0.02363059569516892,True
0.0,0,7.239303557657339e-13,2.5618714971642476e-06,0.0016005847360150126,0.0,0.006116734512342413,True
0.0,1,0.01038487833104667,2.5489930959950016,1.596556637265024,0.0,0.0274768617375238,True
0.0,2,0.0016490426435234909,0.05938190101505825,0.2436840187928996,0.0,0.01681066445962256,True
0.0,3,3.247275582110576e-11,1.0559114798525115e-05,0.0032494791580382717,0.0,0.010229158493072694,True
0.0,12,0.0014716729693729689,0.04718434568098928,0.21721957941444708,0.0,0.016460317004100045,True
0.0,13,8.057076539345724e-08,0.0,0.0,0.0,0.014341232377311643,True
0.0,14,1.0912173499001698e-08,0.0,0.0,0.0,0.013598996639796319,True
0.0,15,2.4020125081666843e-13,4.587755074680899e-05,0.006773296889020073,0.0,0.009577431275961508,True
0.0,20,4.386698740799916e-12,6.840857622592011e-07,0.0008270947722354441,0.0,0.0054080231033233235,True
0.0,21,3.8000544952485754e-10,1.721840590107604e-06,0.0013121892356316614,0.0,0.012190355100205006,True
0.0,22,0.017648119759258066,6.391490340520932,2.528139699565855,0.0037760216654800782,0.03857442221251333,False
0.0,23,0.00419290512965768,0.3897964383420458,0.6243367988049766,0.0,0.019788358017612983,True
0.0,24,4.535339909097352e-08,0.0,0.0,0.0,0.006916486767114742,True
0.0,25,2.9165812451791007e-11,6.233072281247587e-05,0.00789498086207154,0.0,0.011453746646216506,True
0.0,26,7.038881683443278e-08,0.0,0.0,0.0,0.009902246655829693,True
0.0,27,0.015797102598765825,5.105197334352624,2.2594683742758215,0.002012717794065465,0.036033489379734,False
0.0,36,0.0040802075859202504,0.36119509905938685,0.6009950907115522,0.0,0.019884143219085063,True
0.0,37,0.007083725719182744,1.0889904411822044,1.0435470479006705,0.0,0.023752272693067886,True
0.0,38,6.201774285254894e-07,0.0,0.0,0.0,0.01441456937305118,True
0.0,39,0.0009300665347345704,0.02003879070957737,0.14155843567084714,0.0,0.015409321704151957,True
0.0,32,3.002625004102505e-12,0.00012787524292434682,0.011308193618980302,0.0,0.010711375463748807,True
0.0,33,0.006284707153375894,0.7888397171207089,0.8881664917799528,0.0,0.023350490919282978,True
0.0,34,0.0021750044449403453,0.10715116389224022,0.3273395238773348,0.0,0.017152907583559675,True
0.0,35,0.007874911918702722,1.29787483967948,1.1392430994653775,0.0,0.025069420218809944,True
0.0,44,0.014764249147285394,4.350046057301142,2.0856764028250265,0.0008607007152471209,0.034772385001642266,False
0.0,45,0.005630896870982845,0.7210234065264558,0.8491309713621661,0.0,0.021494805481057484,True
0.0,46,0.0003165723694750173,0.001975875919470127,0.044450825858133695,0.0,0.01484967665402645,True
0.0,47,0.006090645775325626,0.7768900826051777,0.8814136841490366,0.0,0.022696770978074703,True
0.0,40,0.007185745559949831,1.1186530122627119,1.057663941080867,0.0,0.02389871728151316,True
0.0,41,0.0023851500445876894,0.12116297703937562,0.34808472681141245,0.0,0.017899401501399407,True
0.0,42,1.7166451677578902e-09,1.577294369781157e-06,0.0012559038059426196,0.0,0.013267133064434203,True
0.0,43,1.2895932694108325e-11,0.0,0.0,0.0,0.010537548015952846,True
0.0,48,7.862294840058157e-08,0.0,0.0,0.0,0.005834855851112788,True
0.0,49,0.004627319470812284,0.45541550150801413,0.6748447980891711,0.0,0.020735368772458452,True
0.0,50,1.0346177040099214e-12,0.0,0.0,0.0,0.009072209073426579,True
0.0,51,0.00288472792007948,0.19750041860152123,0.44441019182903674,0.0,0.017706900742778767,True
0.0,52,0.0027435877376127925,0.16650511890725284,0.4080503877062891,0.0,0.01804896791732071,True
0.0,53,2.583091508799682e-08,0.0,0.0,0.0,0.012034155321047872,True
0.0,54,0.006050540819216363,0.7920506813193242,0.8899722924447279,0.0,0.02242767980170486,True
0.0,55,4.452613910335603e-08,0.0,0.0,0.0,0.012412264360635772,True
0.0,56,0.0031047205662327877,0.2143960300309118,0.4630291891780817,0.0,0.018463473011766183,True
0.0,57,3.02458904818427e-11,0.0,0.0,0.0,0.011714878390529536,True
0.0,58,8.445816567978753e-09,0.0,0.0,0.0,0.006408468203670285,True
0.0,59,5.4577231638230396e-08,0.0,0.0,0.0,0.012379548462405372,True
0.0,60,5.365533229306427e-11,0.0,0.0,0.0,0.010353284199948824,True
0.0,61,7.367099038332208e-06,0.0,0.0,,,False
0.0,62,3.057746829175645e-11,1.750250021359534e-06,0.0013229701513486742,0.0,0.008822096178396719,True
0.0,63,0.007213294408177054,1.0896414892479243,1.043858941259749,0.0,0.024189491417340173,True
0.0,72,2.1559416946799123e-08,0.0,0.0,0.0,0.010821618903956953,True
0.0,73,0.005494893032480841,0.6271583787884083,0.7919333171349772,0.0,0.022013694803680497,True
0.0,74,3.467011224607343e-07,0.0,0.0,0.0,0.013722851505385937,True
0.0,75,0.009343477184525993,1.8184876920056467,1.3485131412061384,0.0,0.027062958873317923,True
0.0,68,0.00807308550668158,1.4142262159789425,1.1892124351767193,0.0,0.025026428222406298,True
0.0,69,0.00247713865816645,0.13312471319386532,0.3648625949502981,0.0,0.017881990619985265,True
0.0,70,0.0053686524227426384,0.6104978071091409,0.7813435909439207,0.0,0.0217164281606812,True
0.0,71,0.0060321087989187875,0.7607753636564212,0.8722243768987549,0.0,0.02263551489819662,True
0.0,80,0.009970489622774277,2.125552029388018,1.457927305934016,0.0,0.027683019972337658,True
0.0,81,0.005401297156468492,0.6265640199840163,0.7915579700716912,0.0,0.02164586936824081,True
0.0,82,3.738642672898064e-09,0.0,0.0,0.0,0.00896913404514208,True
0.0,83,6.5219375111548634e-09,0.0,0.0,0.0,0.011112011896333426,True
0.0,88,0.004345992588818208,0.4291224052783491,0.6550743509544158,0.0,0.01976355838440169,True
0.0,89,0.012212916850573807,2.9965562336076346,1.7310563923823032,0.0,0.031197508020625764,True
0.0,90,0.007530855663395638,1.2427005450979323,1.1147647936214762,0.0,0.024255269685024755,True
0.0,91,0.003289798737839197,0.24410742053623835,0.4940722827038958,0.0,0.018469545733986063,True
0.0,76,0.011769097010572296,3.1165898600281707,1.7653866035597332,0.0,0.029747128512555805,True
0.0,77,0.0137249842103861,4.037094183486261,2.0092521453232943,0.00032728992536053443,0.032780765213818716,False
0.0,78,3.002394709098518e-09,1.3308740562933963e-06,0.0011536351486901724,0.0,0.009847425652059308,True
0.0,79,9.772464175774112e-10,2.1647520043188706e-07,0.0004652689549409965,0.0,0.013435890367505258,True
0.0,64,1.2920390310835767e-05,0.0,0.0,,,False
0.0,65,0.004169329920695267,0.37650219200440915,0.6135977444583781,0.0,0.020008398396536838,True
0.0,66,4.3715162214577e-08,1.8785167412715964e-06,0.0013705899245476732,0.0,0.01338179663196883,True
0.0,67,7.003490669343915e-14,0.0,0.0,0.0,0.00885458375978967,True
0.0,92,0.005663311389514244,0.6984062825943056,0.8357070554891263,0.0,0.021878142604477825,True
0.0,93,0.0020783438870896473,0.09725853313602784,0.3118630037949802,0.0,0.017073049114316105,True
0.0,94,0.003246992133735295,0.2357838566567807,0.4855757990847368,0.0,0.018588526929596887,True
0.0,95,3.345157297864054e-10,5.53086465515662e-08,0.0002351779040462054,0.0,0.01232104613775641,True
0.0,84,0.00032663717597743733,0.002581944065468633,0.050812833668952506,0.0,0.014535419394782395,True
0.0,85,4.2693778200264543e-13,2.665267402335303e-07,0.0005162622785305259,0.0,0.006979739544913036,True
0.0,86,0.007772202780612814,1.3295477699296043,1.1530601761961967,0.0,0.024545266057928464,True
0.0,87,5.420790403359854e-09,0.0,0.0,0.0,0.007499828979975361,True
0.0,100,1.943280469808746e-10,1.0506780654395698e-06,0.001025025885253426,0.0,0.012275516501238842,True
0.0,101,0.003524460930256697,0.2724628154930997,0.5219797079323101,0.0,0.019095009945628457,True
0.0,102,0.015618006808760064,5.0166805223746,2.239794750055147,0.0018768681169874443,0.03574302935220596,False
0.0,103,0.006568362228084103,0.9321340059746035,0.9654708726702238,0.0,0.02309708984293226,True
0.0,96,1.7985189351482286e-08,0.0,0.0,0.0,0.011663692865119495,True
0.0,97,0.006024892633854219,0.8142485303110334,0.9023572077126848,0.0,0.022109739430176092,True
0.0,98,6.868908653673289e-13,0.00015335683769990283,0.01238373278538837,0.0,0.009284134882078516,True
0.0,99,0.0032943803888546056,0.24212832760849778,0.49206536924325184,0.0,0.018412963004399836,True
0.0,108,1.2178805656559537e-09,0.0,0.0,0.0,0.006498917701982441,True
0.0,109,0.0007118729215686366,0.010869010827036618,0.10425454823189546,0.0,0.015680572891196492,True
0.0,110,8.374590135945548e-10,1.4035850654181559e-05,0.0037464450688861777,0.0,0.008095496672368419,True
0.0,111,0.007667177732401812,1.2859562872322385,1.1340001266456008,0.0,0.024298118399399667,True
0.0,120,0.0019645627447232804,0.08220897883688849,0.28672108195402807,0.0,0.017326913354039755,True
0.0,121,2.4077001893954564e-11,1.540579205538961e-06,0.0012412007112223877,0.0,0.012984410695963027,True
0.0,122,7.03569201596782e-13,0.0,0.0,0.0,0.00854373773064434,True
0.0,123,1.646884475987138e-08,0.0,0.0,0.0,0.00920680398455705,True
0.0,116,5.651935834353659e-07,0.0,0.0,0.0,0.011414487133275832,True
0.0,117,0.015512598457060187,4.923388730504485,2.218871048642639,0.0017481754802410564,0.03572052529346898,False
0.0,118,1.4569421233793047e-06,0.0,0.0,0.0,0.014663650415781075,True
0.0,119,3.1784020844438134e-07,0.0,0.0,0.0,0.01194737967887898,True
0.0,112,1.38389396652297e-08,0.0,0.0,0.0,0.008608806356179572,True
0.0,113,7.0394551732883e-12,1.6881381270650309e-07,0.0004108695811404187,0.0,0.00956176006349591,True
0.0,114,0.004400892073052759,0.4357594347620761,0.6601207728606002,0.0,0.01994141291073332,True
0.0,115,0.0021842880690757503,0.10153376787138768,0.3186436377387562,0.0,0.017578613450927594,True
0.0,132,4.6287450380846223e-11,0.0,0.0,0.0,0.010278442617744547,True
0.0,133,2.7512134177884884e-08,0.0,0.0,0.0,0.006475073268765724,True
0.0,134,0.007610004420177335,1.2526771950256261,1.119230626379401,0.0,0.02445450424267631,True
0.0,135,0.0016251594895448514,0.0614267947873941,0.24784429545057943,0.0,0.016052105538687505,True
0.0,104,0.0009569931673660104,0.020742530588222508,0.14402267386846596,0.0,0.015639726613833206,True
0.0,105,3.328609089747747e-15,2.189325869039749e-06,0.001479637073420286,0.0,0.007316158570379493,True
0.0,106,2.454027432652328e-12,0.0,0.0,0.0,0.006323043084171455,True
0.0,107,4.814219227260164e-13,0.00014627029327130003,0.01209422561685121,0.0,0.009042952574124984,True
0.0,124,8.773429248723486e-12,0.0,0.0,0.0,0.006137873987697344,True
0.0,125,1.6590705046760912e-12,2.702925030462211e-07,0.0005198966272695189,0.0,0.010639649156137616,True
0.0,126,0.005293378544177635,0.5880735064067721,0.766859508910708,0.0,0.021694535867849522,True
0.0,127,0.00962627984359834,2.041014726285539,1.4286408667980695,0.0,0.026976267330012293,True
0.0,136,0.006050504049996852,0.8108510834447316,0.9004726999996899,0.0,0.022244658363154597,True
0.0,137,0.006217077317430802,0.7808177698998406,0.8836389363873915,0.0,0.023144873189735824,True
0.0,138,0.00100644860872577,0.02232273295521736,0.14940794140612929,0.0,0.015900616062937006,True
0.0,139,6.607977612088558e-09,0.0,0.0,0.0,0.011513923121734207,True
0.0,128,1.0112164236931835e-09,0.0,0.0,0.0,0.007340142253786462,True
0.0,129,0.008290522856711509,1.5108736618763032,1.2291760093153068,0.0,0.02511993795326205,True
0.0,130,0.002237482423752204,0.11673123412560926,0.3416595295401685,0.0,0.017028540181195373,True
0.0,131,1.2152392810799162e-08,0.0,0.0,0.0,0.010091216844546811,True
0.0,140,9.176651951346704e-13,6.433317594201071e-07,0.0008020796465564421,0.0,0.007968570585079247,True
0.0,141,0.008156749252524922,1.412230271754197,1.1883729514568215,0.0,0.02531985248984886,True
0.0,142,0.00432934723834835,0.3993205339356791,0.631918138634807,0.0,0.020350479659002645,True
0.0,143,0.007851624293311064,1.3020234312009507,1.1410624133678888,0.0,0.024959836008488792,True
0.0,144,0.0011136917322147816,0.028059470075959325,0.16750961189125632,0.0,0.015787494630838266,True
0.0,145,0.00024283953103259177,0.001068669005007905,0.03269050328471412,0.0,0.014750799582101893,True
0.0,146,2.4532834340938205e-08,0.0,0.0,0.0,0.011454687853916706,True
0.0,147,0.005807771300978085,0.7144895923029253,0.8452748619845057,0.0,0.02227747141670757,True
0.0,148,0.013085312465202644,3.6663288309200652,1.9147659989983281,0.0,0.03194261622032365,True
0.0,149,0.006366403511767062,0.8771937181438716,0.9365862043313854,0.0,0.022825259371954787,True
0.0,150,0.008281560172172055,1.5144335912170845,1.2306232531595869,0.0,0.025187464991666686,True
0.0,151,0.0018123697441238585,0.0747078011204394,0.2733272784052836,0.0,0.0166786822450994,True
0.0,164,0.006935685379080556,1.0477929899784613,1.0236175994864787,0.0,0.02350932328809221,True
0.0,165,1.2328305731422635e-09,0.0,0.0,0.0,0.010230086841294643,True
0.0,166,0.013914780176694883,3.8795113265180134,1.9696475132667808,6.6510796064366e-05,0.03354105320533163,False
0.0,167,0.0002772597524584987,0.0015419754706726962,0.03926799550107818,0.0,0.014823180992979332,True
0.0,184,0.01272044538266009,3.4746562441334845,1.8640429834457908,0.0,0.03136646209071686,True
0.0,185,0.0006992350593998608,0.010078171409077186,0.10039009617027561,0.0,0.01568671075551822,True
0.0,186,1.601854169057046e-10,5.7005541975740925e-05,0.007550201452659454,0.0,0.009261838623080115,True
0.0,187,3.887981321320914e-07,0.0,0.0,0.0,0.013579042294724005,True
0.0,156,0.0050332486441306045,0.5372267340774215,0.7329575254251923,0.0,0.02116503269221874,True
0.0,157,0.006803276192440736,1.0007085240481501,1.0003541992955045,0.0,0.023421586548450876,True
0.0,158,0.0033049694359346808,0.23921344811446943,0.48909451858967856,0.0,0.018794331558435906,True
0.0,159,0.002612728262290115,0.1546305762690281,0.39323094520781054,0.0,0.017570132750957937,True
0.0,172,2.870883327073248e-13,1.6860003142937785e-05,0.004106093416245883,0.0,0.0071135460433881985,True
0.0,173,0.008082622210772803,1.418916432715605,1.1911827872814504,0.0,0.025061729873671182,True
0.0,174,3.488170256110701e-12,1.3608814697363414e-07,0.000368901269953946,0.0,0.010614279871723184,True
0.0,175,9.308711957511798e-08,0.0,0.0,0.0,0.00949497002195378,True
0.0,160,4.526544070126981e-17,4.8110301122505916e-05,0.006936158960296824,0.0,0.009696492583643626,True
0.0,161,0.014848131349906315,4.673970424722484,2.161936730046114,0.0013406006201890346,0.03442233095950416,False
0.0,162,0.0019173161897037103,0.07784385153286166,0.2790051102271456,0.0,0.017307022059283524,True
0.0,163,0.008092170081665106,1.3681020382312,1.169658940987158,0.0,0.025352267164597653,True
0.0,152,2.8021205147887862e-15,0.0,0.0,0.0,0.006321353588136324,True
0.0,153,3.4721379417457232e-12,5.286654641167843e-06,0.0022992726330663448,0.0,0.009496069386915306,True
0.0,154,0.0019725667402556205,0.08470849707828165,0.291047242004252,0.0,0.01723019729382799,True
0.0,155,3.9829109411623764e-11,2.8027850476064486e-06,0.0016741520383783692,0.0,0.007132302094619042,True
0.0,168,5.001966722761875e-15,7.20738853488001e-07,0.0008489633993806806,0.0,0.007642020923643514,True
0.0,169,5.688102237117848e-05,3.4512967886257684e-05,0.005874773858307882,0.0,0.014806311553982486,True
0.0,170,0.012010514719730319,3.115985428899421,1.7652154058072973,0.0,0.03035125050951485,True
0.0,171,0.008988120838697286,1.6535523611275948,1.2859052691110628,0.0,0.026709495238889006,True
0.0,180,2.4156794626705586e-09,0.0,0.0,0.0,0.010021389057384972,True
0.0,181,0.008470987780684044,1.5531532605882603,1.2462556963112588,0.0,0.02556648511431981,True
0.0,182,6.215312811945137e-10,0.0,0.0,0.0,0.008793362133734555,True
0.0,183,0.000191716213957649,0.0007614703956733138,0.027594753046065002,0.0,0.014662830975278594,True
0.0,176,1.5082401473576201e-13,0.0,0.0,0.0,0.01005553864879512,True
0.0,177,0.0034168878596726403,0.24715026258127182,0.49714209496005446,0.0,0.01925633594665479,True
0.0,178,2.9253430957991433e-09,0.0,0.0,0.0,0.003854747320628827,True
0.0,179,1.406511033943264e-10,1.1792972145485692e-06,0.0010859545177163586,0.0,0.009224099181093657,True
0.01,16,0.019045879764119106,6.9282724532945394,2.632161175402171,0.004604387650543778,0.04115483630299119,True
0.01,17,0.011664415664124725,2.719258962894628,1.649017575071481,0.0,0.030492024047074764,True
0.01,18,1.941419410910611e-07,0.0,0.0,0.0,0.01358569917719893,True
0.01,19,0.014217382684642295,3.8283081010704336,1.9566062713459837,0.0,0.03435022056515515,True
0.0,196,0.003070714723323934,0.21148963654241015,0.4598800240741167,0.0,0.018291610964168384,True
0.0,197,0.0032511960326528145,0.23114510512868947,0.4807755246772546,0.0,0.018780468080799397,True
0.0,198,0.007295622531703938,1.1526063457613418,1.0735950566956527,0.0,0.024048553378485278,True
0.0,199,0.012227482764689556,3.1810484867453397,1.7835494068697226,0.0,0.03077512656355178,True
0.01,0,0.0027964879893203807,0.1736929814096584,0.4167648994453088,0.0,0.018080192474036347,True
0.01,1,0.008019453188194643,1.3758027499029595,1.1729461837198498,0.0,0.025099751370755,True
0.01,2,0.01078814103270782,2.4807671541459513,1.5750451276537925,0.0,0.028812903267616992,True
0.01,3,0.015800188074194428,5.239972035982191,2.28909852037482,0.002185168009498039,0.03580610617069639,True
0.0,188,2.1441511218432685e-12,0.0,0.0,0.0,0.009745636300518296,True
0.0,189,2.179214680887373e-11,0.0,0.0,0.0,0.010632120324221202,True
0.0,190,0.003919864078093423,0.33345234369312493,0.5774533259867198,0.0,0.019672843930636816,True
0.0,191,1.1030892545964635e-10,0.0,0.0,0.0,0.012137185738724677,True
0.01,8,0.008084494891355334,1.363774225395673,1.1678074436291597,0.0,0.025359699348239704,True
0.01,9,0.01279452133915521,3.4076041914586312,1.8459697157479673,0.0,0.03169604228923766,True
0.01,10,0.008806584400722968,1.6173423261932385,1.2717477447171819,0.0,0.026317392402513812,True
0.01,11,0.0009319443904405426,0.018993561499655698,0.13781713064657708,0.0,0.01577440771949864,True
0.01,4,0.01219414096490684,2.8247975837502963,1.680713415115824,0.0,0.031604103420139154,True
0.01,5,0.010996250844273496,2.5581282836878927,1.599414981700463,0.0,0.029034712072245852,True
0.01,6,1.1275649870321337e-05,0.0,0.0,,,False
0.01,7,0.007113269935187771,1.1204318319662434,1.0585045261907213,0.0,0.02363039568768572,True
0.0,192,3.9710259819997207e-13,0.0,0.0,0.0,0.008052133151928124,True
0.0,193,0.004940688573978791,0.5442855016747217,0.7377570749743588,0.0,0.020737222296659825,True
0.0,194,0.0138352165351319,4.089146483755485,2.022163812295009,0.00041346881739677196,0.03296913395684133,False
0.0,195,1.1734152805426305e-07,0.0,0.0,0.0,0.012282822941609985,True
0.01,20,0.006944630836170287,0.9717598200541033,0.985778788600213,0.0,0.02415819927221662,True
0.01,21,6.571345250224597e-07,0.0,0.0,0.0,0.012934248346595865,True
0.01,22,0.018684350411620525,6.412023582643087,2.532197382243945,0.0040088261073371635,0.040915433566281315,True
0.01,23,0.009891051075110655,2.00647608531267,1.4165013537983895,0.0,0.027886580387309026,True
0.01,12,0.009813295577902652,1.980051775497941,1.407143125448844,0.0,0.02777147044566759,True
0.01,13,0.0041006900630010685,0.3533920593124549,0.5944678791259077,0.0,0.020350719071808902,True
0.01,14,0.010147676202732806,2.008749324530072,1.4173035400118326,0.0,0.028652013301999187,True
0.01,15,0.0080645377532553,1.377028816708389,1.1734687114313653,0.0,0.025219865831340275,True
0.01,28,0.025041354373029588,12.034161425619459,3.4690288879770748,0.01000287157449231,0.04967045419698215,False
0.01,29,0.017639730979784878,5.960259549413877,2.441364280359217,0.0033167075112367946,0.03912351305077458,True
0.01,30,0.009012117148343012,1.6354939656919214,1.2788643265381678,0.0,0.026895314165435367,True
0.01,31,0.0006665428882511518,0.010096919165107465,0.10048342731568956,0.0,0.015798581859065266,True
0.01,32,0.022276961171683506,9.545232768944516,3.089536011919025,0.0075951459754869804,0.045734643291499455,True
0.01,33,0.0021240359095109594,0.09227560898807496,0.30376900597012024,0.0,0.017898972851551277,True
0.01,34,4.0584443401422976e-10,5.5156546522994176e-05,0.0074267453519690696,0.0,0.008379414799905964,False
0.01,35,0.0029805333110802103,0.19218585300609448,0.4383900694656466,0.0,0.0185164073179124,True
0.01,36,0.0270614426933373,13.988792999428824,3.7401594885016367,0.011763104536607762,0.052764323300967655,False
0.01,37,4.752205245528267e-10,0.0,0.0,0.0,0.013998003046033568,True
0.01,38,0.001611514026464819,0.052878634948910985,0.22995354954623115,0.0,0.017431273893330965,True
0.01,39,0.024243432528936033,11.943141685738283,3.45588507993803,0.00967280035653416,0.048083105836134434,True
0.01,24,9.597035492692196e-11,0.0,0.0,0.0,0.013498953617944875,True
0.01,25,0.014366903442945549,4.158391573027984,2.0392134692150266,0.0005413483960352312,0.034154510426911526,True
0.01,26,0.012141572386585591,3.1196540999667377,1.7662542568856665,0.0,0.030630138323221034,True
0.01,27,3.451480746173574e-12,1.071550741471583e-07,0.00032734549660436493,0.0,0.011397545287788465,True
0.01,48,0.012144913709159058,3.0440863880935467,1.7447310360320718,0.0,0.030832339387919162,True
0.01,49,7.49818480476679e-05,0.00013626777695208148,0.011673378986055472,0.0,0.015452565984669141,True
0.01,50,0.008322217113638977,1.4597872519241264,1.2082165583719362,0.0,0.025586763802268604,True
0.01,51,0.001096598299311865,0.026553263668802174,0.16295172189578783,0.0,0.015879847995319885,True
0.01,40,0.007964646187629933,1.3072780823370067,1.1433626206663425,0.0,0.02530066439420333,True
0.01,41,0.024299455745156334,11.017379949737688,3.3192438822324712,0.009204521955786598,0.048917082903240386,True
0.01,42,0.009535006466829532,1.7653020813372677,1.3286467105055684,0.0,0.027819460563183216,True
0.01,43,0.004708485763560347,0.4770642708108426,0.6906983935198073,0.0,0.020648833843837054,True
0.01,56,0.014335430284156781,4.10873365507382,2.0270011482665273,0.00045982792654407703,0.03413981823445969,True
0.01,57,0.007946927913350355,1.2712857715425798,1.1275130915171583,0.0,0.025455605844162503,True
0.01,58,0.018260810758926126,6.469979940526173,2.5436155252958677,0.003981053575700432,0.039910207364241064,True
0.01,59,0.014761490998996134,4.554757540658784,2.134187794140615,0.0011709175818404808,0.03457801892940805,True
0.01,44,0.0010559413355301836,0.024760891958749198,0.15735594033511793,0.0,0.015757717916289625,True
0.01,45,0.022057788795326515,9.521523907053506,3.0856966647830935,0.00751001084301915,0.04528111219941143,True
0.01,46,0.005442776761388704,0.6122050045314609,0.7824353037353701,0.0,0.02198777139668276,True
0.01,47,0.010802166847042433,2.2500391993696667,1.5000130663996454,0.0,0.029656733789344955,True
0.01,52,0.002959131551598616,0.19365801925414416,0.4400659260317074,0.0,0.01859379167135198,True
0.01,53,0.013169730353568733,3.516069643141691,1.8751185677555675,0.0,0.032438721717413375,True
0.01,54,0.004261652809963308,0.39467213566967985,0.628229365494546,0.0,0.020096912430585194,True
0.01,55,0.009696145139887802,1.8822929533644128,1.3719668193379944,0.0,0.027833314760238873,True
0.01,60,0.024640885840173016,12.201396760297484,3.4930497792469954,0.009952786752324774,0.048814127902853624,True
0.01,61,0.007139579998413917,1.1094654981638996,1.0533116813953503,0.0,0.023801976757166894,True
0.01,62,0.010807958624455983,2.407312224155021,1.5515515538179905,0.0,0.028955953426404474,True
0.01,63,0.003994275826645166,0.3313442051030506,0.5756250560069902,0.0,0.020070978609494784,True
0.01,64,0.005923393338597843,0.7267861362522581,0.8525175284134973,0.0,0.022619920514111106,True
0.01,65,4.2542980470579306e-07,0.0,0.0,0.0,0.014214799161731349,True
0.01,66,0.008551897123695633,1.5964083317071527,1.263490534870425,0.0,0.02564004057765868,True
0.01,67,0.011794832223136998,2.9150320890871626,1.7073465052786334,0.0,0.030261367414715176,True
0.01,68,0.01699626656967617,5.807783183396623,2.4099342695178687,0.003034885150056359,0.03782870308777447,True
0.01,69,0.028639519501019794,15.24358671244795,3.904303614275912,0.012967981437839775,0.055360316081905885,False
0.01,70,0.005813507444736076,0.70716684599779,0.8409321292457496,0.0,0.02265989023063144,True
0.01,71,0.005493182870914608,0.6392930041483851,0.7995580054932757,0.0,0.021876422922978523,True
0.01,72,0.013204784956070829,3.4573591713376572,1.859397529130782,0.0,0.03267149884093712,True
0.01,73,0.010629806173049755,2.3426928178125763,1.5305857760388917,0.0,0.028791891312640337,True
0.01,74,0.0026675276622052167,0.14522853290964122,0.3810886155602673,0.0,0.018620837647745598,True
0.01,75,6.246999765705885e-08,0.0,0.0,0.0,0.013744068635963384,True
0.01,76,0.009971331044001846,2.0471683333184956,1.4307929037140545,0.0,0.027967580810630555,True
0.01,77,0.016480227036526737,5.541153045577175,2.3539653875061917,0.002643757625953624,0.036985429792559865,True
0.01,78,0.01148234133438446,2.715588941023725,1.647904408946018,0.0,0.029881135012617063,True
0.01,79,0.0021692727352225776,0.09622288337686769,0.3101981356760026,0.0,0.017915742892590843,True
0.01,80,0.02601643697842666,12.991024646662709,3.604306402993884,0.010884294457948812,0.05116973975832799,False
0.01,81,0.00492397543376708,0.4911017525062107,0.700786524204205,0.0,0.021476493284785535,True
0.01,82,0.012649996686417354,3.1926729115407397,1.7868052248470563,0.0,0.03185161535050984,True
0.01,83,0.004253050322889942,0.3840172698983224,0.619691269825808,0.0,0.020204856215165563,True
0.01,84,0.009654859000447144,2.013098490764378,1.4188370205081264,0.0,0.027043662379959334,True
0.01,85,0.013451193974169303,3.838621958929025,1.9592401483557407,0.0,0.0326026600366402,True
0.01,86,0.012925074835354156,3.6214970464361613,1.9030231334474528,0.0,0.03159938862258446,True
0.01,87,0.01300916261627023,3.4689476827970793,1.862511122865332,0.0,0.032097485795737735,True
0.01,88,0.01527141144651411,4.7138686924570266,2.171144558166735,0.0014312747007006153,0.035349734492051706,True
0.01,89,0.002891364134384884,0.17899901737291657,0.42308275475717105,0.0,0.018687395520788345,True
0.01,90,0.010022485814925798,2.1029874138826017,1.4501680640127894,0.0,0.02790620620320485,True
0.01,91,0.021559250355642403,9.157968068073615,3.026213486863347,0.007098448535065924,0.044528763699147225,True
0.01,92,0.016764715401050543,5.481753587208004,2.3413144998500317,0.0026210083948478187,0.03784198430187723,True
0.01,93,0.017984022945147442,6.780794102997561,2.60399579550305,0.00423590521558141,0.0390018549216479,True
0.01,94,0.007799626972832411,1.1820938440953341,1.087241391823975,0.0,0.025547837659150884,True
0.01,95,0.018456135181838678,6.75628525577531,2.5992855279432674,0.004308708724785325,0.03999519747498689,True
0.01,96,0.009917286749273842,1.9591516301763932,1.3996969779835895,0.0,0.028163628280894734,True
0.01,97,7.648916598246378e-09,6.979338195378659e-05,0.008354243350165626,0.0,0.01149571158508754,True
0.01,98,0.016767139122180957,5.48072218357629,2.341094227829433,0.0026135204052575873,0.0377538500360223,True
0.01,99,0.021911409303500957,9.352739071709493,3.0582248236042906,0.0073481575321089065,0.04511170520310053,True
0.01,100,0.0043104245677203215,0.4209880615642305,0.6488359280775307,0.0,0.019731430675473,True
0.01,101,0.010518529794172029,2.2222993347370448,1.4907378490992456,0.0,0.028908467203305623,True
0.01,102,0.010833917801426705,2.439682008581485,1.5619481452921173,0.0,0.029052849919039607,True
0.01,103,0.006887232557535914,1.0371269146548912,1.018394282512864,0.0,0.023416006748885974,True
0.01,104,0.007451609287239133,1.1953774698922643,1.0933331925320224,0.0,0.024276848973250265,True
0.01,105,0.016320758728528704,5.515699662137649,2.348552673911669,0.0025885414701618675,0.03665805534545034,True
0.01,106,0.007100586280201831,1.0578111640299994,1.0284994720611185,0.0,0.024026661659142606,True
0.01,107,0.01125121714442409,2.622530927937305,1.61942302315896,0.0,0.029588818651230864,True
0.01,108,0.00601957768310734,0.7998019982571805,0.8943164978111388,0.0,0.022213682657820234,True
0.01,109,0.008303319765211923,1.4569388570921546,1.2070372227450794,0.0,0.02556842255977644,True
0.01,110,0.0006232059648787539,0.008830707130073279,0.09397184221921627,0.0,0.015193758650289102,True
0.01,111,0.020315479318316215,8.159807059894774,2.856537599944166,0.005996108567877826,0.04269802397773148,True
0.01,112,0.011496165313472499,2.80856229083156,1.6758765738656174,0.0,0.02962260321386965,True
0.01,113,0.008251054045527586,1.4619145457429568,1.2090965824709607,0.0,0.02537135393125223,True
0.01,114,0.005781066494141434,0.703866697078638,0.8389676376825497,0.0,0.022292797136449157,True
0.01,115,0.010183706844552508,2.10084217080248,1.4494282220249748,0.0,0.028435061674394312,True
0.01,116,0.00830515169121324,1.3699260366176986,1.1704383950544763,0.0,0.026039493243173485,True
0.01,117,0.015578569712893248,4.801133780540567,2.191148963566961,0.001584178535354754,0.0359642240059328,True
0.01,118,0.013532855235908003,3.6007146784377255,1.897554921059658,0.0,0.03317200660614188,True
0.01,119,0.014174409979367262,4.195951042711158,2.048402070568949,0.0005950576361931359,0.03369338387484111,True
0.01,128,0.0069956664302232375,1.051369624505469,1.0253631671293195,0.0,0.0236981223226009,True
0.01,129,6.842648708272388e-08,0.0,0.0,0.0,0.005943834983794594,False
0.01,130,4.2136831036708325e-07,0.0,0.0,0.0,0.013763000994942858,True
0.01,131,0.020460504172665074,8.410628440740084,2.9001083498276548,0.0062332648150503316,0.04278622471281809,True
0.01,132,0.011397063733516335,2.567012924857636,1.602190040181762,0.0,0.030180684943104073,True
0.01,133,0.012999961266876725,3.267644081275421,1.8076626016144222,0.0,0.03260548133794999,True
0.01,134,0.015297807254605122,4.633514170536728,2.152559911021463,0.0013253280363943482,0.0357491945161517,True
0.01,135,3.272390612554365e-09,1.2831790400014143e-05,0.0035821488522971992,0.0,0.013892436449232095,True
0.01,120,0.014361531866621452,4.034609331195043,2.0086336976151333,0.0003375275037916393,0.03436765853900566,True
0.01,121,5.136189325412321e-13,7.502330845454708e-08,0.00027390383066789535,0.0,0.006830255476718651,False
0.01,122,0.007506326041918123,1.219529533778541,1.104323111131222,0.0,0.02433447445899994,True
0.01,123,0.0033539489719950077,0.2539936435321124,0.5039778204763702,0.0,0.018339900440296084,True
0.01,124,0.02039531286664756,7.7415687600941965,2.782367473949873,0.005672438289659238,0.043294285184097586,True
0.01,125,0.011986811376734007,2.867211804975341,1.6932843249068779,0.0,0.030943466209732977,True
0.01,126,0.0012781999359315966,0.034503842196500045,0.18575209876741647,0.0,0.016466989413878898,True
0.01,127,0.006874075390918366,0.9967364444521536,0.9983668886998174,0.0,0.023667884972401042,True
0.01,136,0.013660996529830374,3.690707372106772,1.9211213840116328,0.0,0.03331334182362724,True
0.01,137,0.002940217365174716,0.17670450274499672,0.4203623469638982,0.0,0.018900626247511324,True
0.01,138,0.013256479668601856,3.4208102062625585,1.849543242604119,0.0,0.0328867965079388,True
0.01,139,0.00707547898934437,1.0189306326292353,1.009420939266288,0.0,0.024240936049221066,True
0.01,140,0.008123019777966678,1.339964405523915,1.1575683157049155,0.0,0.025823068053407,True
0.01,141,0.011238551760325783,2.4229159188064386,1.556571848263497,0.0,0.030235992007690594,True
0.01,142,0.01437740868990724,4.310309742267009,2.0761285466625155,0.0007794929911485709,0.033894200283245,True
0.01,143,0.010702185336164285,2.1842431383383882,1.4779185154596273,0.0,0.0296560894995724,True
0.01,144,0.019849138976319097,7.687027374159243,2.772548894818492,0.005489603288326879,0.042160689373027596,True
0.01,145,0.0012385860748610523,0.03371159308790084,0.18360717057865913,0.0,0.016130092587939546,True
0.01,146,0.02345783916090788,10.584463585871617,3.2533772584610623,0.008643106190060902,0.0474291773911918,True
0.01,147,0.0016579180656740911,0.05547434820300623,0.23552993058846305,0.0,0.01711843851886276,True
0.01,160,0.016491063627693415,5.064006167676098,2.250334679036898,0.002042566080915492,0.03772449867715166,True
0.01,161,0.027721343448192316,14.53123527359071,3.811985738901801,0.012278243826160853,0.05387953743568999,False
0.01,162,0.015811609086410456,4.836543899078606,2.199214382246216,0.0016566387764324429,0.03645334485671143,True
0.01,163,0.01966585926789603,7.4753539411817655,2.7341093506262264,0.005256469968021423,0.041927723094717845,True
0.01,148,0.004468417882352754,0.40053327752366386,0.6328769845109425,0.0,0.020874064629805997,True
0.01,149,0.011341750419691881,2.5952461965432576,1.6109767833656876,0.0,0.029973078047698422,True
0.01,150,0.021589188759199043,9.235887783105,3.0390603454201104,0.007165960651907579,0.0445207244768535,True
0.01,151,0.00825749216368701,1.5144673753368352,1.2306369795097314,0.0,0.02511103906655876,True
0.01,152,0.00863972006771136,1.540525152644932,1.2411789365941286,0.0,0.02622753023192248,True
0.01,153,0.011636064564839496,2.5457941028823825,1.5955544813269094,0.0,0.030982035961632924,True
0.01,154,0.011539672883611195,2.918898752330506,1.7084784904500572,0.0,0.029606305294089398,True
0.01,155,3.9831355878525154e-11,7.245503866215586e-06,0.002691747362999653,0.0,0.010607275767245097,True
0.01,156,0.006463099469605028,0.8814178746861216,0.9388385775446819,0.0,0.023300903782664615,True
0.01,157,0.009863511129377254,2.018037312778688,1.4205764015985511,0.0,0.02775042610430859,True
0.01,158,0.015841933899151665,5.047452208309778,2.2466535576963746,0.0019429884303333034,0.036190763136806386,True
0.01,159,0.01843178244055481,6.078099315916006,2.4653801564699926,0.003595811689618613,0.04078977470152587,True
0.01,164,0.01135460225871466,2.646545824793975,1.6268207721792758,0.0,0.02991090036803847,True
0.01,165,0.01707141896311693,5.569699799330692,2.3600211438312777,0.002767504158130601,0.03834292612522128,True
0.01,166,0.005826693334937928,0.7254876900240106,0.8517556515949927,0.0,0.022240390053583844,True
0.01,167,0.018020196998867904,6.609835443723114,2.5709600237504886,0.00407391326348165,0.03915878291802405,True
0.01,168,0.013669730100410253,3.7554357014184916,1.937894656945648,0.0,0.03328877117106673,True
0.01,169,0.009855132417897561,1.9121672110318286,1.3828113432539626,0.0,0.028109712774699695,True
0.01,170,0.006449720624322631,0.8662500921629999,0.9307255729606874,0.0,0.02331343593906989,True
0.01,171,0.017557708827389114,6.02564963934401,2.454719869831181,0.00337492683600381,0.03884277069730097,True
0.01,172,0.0029334534935259427,0.18418242715870292,0.42916480186369305,0.0,0.01856015692043592,True
0.01,173,0.002401192877598467,0.12426225368699306,0.35250851576521247,0.0,0.017694747433321233,True
0.01,174,0.006851447718046745,0.9714113198940595,0.98560200887278,0.0,0.02380791533389813,True
0.01,175,0.009039184491160032,1.583282763631587,1.2582856446894668,0.0,0.027002209638295006,True
0.01,176,1.6031078374501018e-13,6.94325990480138e-07,0.0008332622579237211,0.0,0.011760870387781877,True
0.01,177,0.007407484933161626,1.1112800164125929,1.0541726691641142,0.0,0.024715054928044898,True
0.01,178,0.007124605029060808,1.001192117130131,1.0005958810279658,0.0,0.02456312279650005,True
0.01,179,0.008774950366406692,1.580616513279665,1.2572257208948856,0.0,0.02640300244649517,True
0.01,192,0.0012376364417729646,0.03208288463065401,0.17911695796505145,0.0,0.016246924298164475,True
0.01,193,0.02002847515240645,8.09538767433105,2.8452394757438344,0.005868338560360252,0.04210850689000654,True
0.01,194,0.005615690732025669,0.6702104461082854,0.8186638175150318,0.0,0.021953358982977778,True
0.01,195,0.018721344885227652,7.002371365476165,2.646199419068065,0.004604743868247829,0.0403614414041237,True
0.01,180,0.002372381693202847,0.12157970108000882,0.3486828086958243,0.0,0.017755767968773158,True
0.01,181,0.003145712248425864,0.22123868864264296,0.4703601690647742,0.0,0.018460452826676653,True
0.01,182,0.017681650368812096,6.149944584431751,2.4799081806453542,0.0035333018071691466,0.038964760498808176,True
0.01,183,0.015389246436406705,4.878510930195489,2.2087351426088846,0.001669871913619364,0.03540758797790713,True
0.01,184,0.002050421611323953,0.08765038683304738,0.2960580801684821,0.0,0.01764310616591209,True
0.01,185,0.006858975626719303,0.9959064574788954,0.9979511298049095,0.0,0.023627981473095756,True
0.01,186,0.006028962568706509,0.7648034724563786,0.874530429691488,0.0,0.02261398812930165,True
0.01,187,0.02103227272220124,8.434826083612052,2.9042772050222845,0.006418193700903716,0.043985563464507244,True
0.01,188,0.004684110415667858,0.46803694059804,0.6841322537331799,0.0,0.02078487819558958,True
0.01,189,0.009053046470091187,1.7090623830035838,1.3073111270862738,0.0,0.02665084651301336,True
0.01,190,0.004685698648154595,0.44432597904892646,0.6665778116986242,0.0,0.02116357150799328,True
0.01,191,0.01716177109214208,5.763890170261448,2.4008103153438523,0.0030108974059362414,0.038278429655516664,True
0.02,12,0.005070808355135984,0.5270673355355484,0.7259940327134572,0.0,0.021581447824818828,True
0.02,13,0.014926576990875743,4.271118704840319,2.0666685038584003,0.0007454515029980645,0.03530145687604949,True
0.02,14,0.015780883456037356,4.761145646109981,2.1820049601478866,0.0015424920512821533,0.03641875255533038,True
0.02,15,0.013207703561586554,3.41040478982859,1.8467281310004973,0.0,0.03268589425551206,True
0.02,8,0.01946782747892158,7.2352256171936915,2.6898374704048,0.004994669350089534,0.041761797514981394,True
0.02,9,0.021799623867203553,8.909488331203647,2.9848766023411497,0.007008110532356931,0.04527784934249146,True
0.02,10,0.021661313726779236,8.874796197070737,2.9790596162330716,0.006933879681423737,0.04496742700170772,True
0.02,11,0.010251299706148798,2.133956581453731,1.4608068255090167,0.0,0.028545889989537908,True
0.02,16,0.013029047481264102,3.256926161913725,1.8046955870488866,0.0,0.03263172848083408,True
0.02,17,0.007963800071782406,1.2738142344312564,1.128633791108195,0.0,0.025746104133387036,True
0.02,18,0.022079542636058075,9.189635653781579,3.0314411842853852,0.007300560118114533,0.04564427146483416,True
0.02,19,0.016790086270111273,5.2334692553140485,2.2876776991774976,0.0023059962175751396,0.03817135730539313,True
0.01,196,0.004118234344028435,0.3509784207278699,0.5924343176486908,0.0,0.020270057326802038,True
0.01,197,0.030477745115934683,17.81403838110805,4.220668001763234,0.0147268918899012,0.057881516007854794,False
0.01,198,1.2420598097500745e-07,6.997645186856971e-06,0.0026453062557777636,0.0,0.014582977088203435,True
0.01,199,0.00014370464598475416,0.0005021124959512235,0.022407866831789757,0.0,0.014849969799160532,True
0.02,0,0.02420635397380385,10.098777782281104,3.1778574200679777,0.008591049173784856,0.04935586375825833,True
0.02,1,0.024228241505482508,10.73263618900478,3.2760702356641835,0.008999756703389572,0.048926396744033554,True
0.02,2,0.022664222935578134,9.576293188133377,3.094558641896026,0.0077568806508221625,0.046610315874958494,True
0.02,3,0.01415290028555309,3.6646780733983633,1.9143348906077962,0.0,0.03439616736383543,True
0.02,4,0.021884875057193852,9.450649453887763,3.0741908616557567,0.007407078093853927,0.04497253054815807,True
0.02,5,0.022117514259558338,9.045567310847218,3.0075849631967535,0.007199416493850223,0.04580093974272345,True
0.02,6,0.02488130190206355,11.535422067881882,3.3963836750110965,0.009711524852714743,0.04977581190782045,True
0.02,7,0.014441404765284827,4.171841279724049,2.0425085751898444,0.0005659581466944501,0.034280957555130095,True
0.02,20,0.011782372899459662,2.86879505519164,1.6937517690593389,0.0,0.030302362718955395,True
0.02,21,0.016588202458781683,5.2946121062598195,2.3010024133537583,0.0023570176762936178,0.037605412988318,True
0.02,22,0.02140515734522051,8.423271729433736,2.9022873271669254,0.0065142598961657975,0.04482947324014762,True
0.02,23,0.018166008738326227,6.76048220603343,2.6000927302758705,0.0042495705889950275,0.03934043576819986,True
0.02,24,0.020756527183247886,8.072902008148048,2.84128527398219,0.006054830048324902,0.04372075707403274,True
0.02,25,0.011297217350318927,2.5814755391986637,1.6066970900573212,0.0,0.029898644531656637,True
0.02,26,0.02190027801849099,9.059889533355317,3.0099650385603014,0.007141092652655957,0.045324069726425414,True
0.02,27,0.024745045612932483,11.237459201327738,3.3522319730781964,0.009493106859420055,0.0496964100925402,True
0.02,40,0.027450397437062273,13.541209851582607,3.6798382914990446,0.01173821937642618,0.05381650914859984,True
0.02,41,0.010705313937386253,2.3616488650341125,1.536765715727063,0.0,0.02903499693813918,True
0.02,42,0.02022672097568574,7.744356081509295,2.782868319110571,0.00564166775137457,0.0429222715783308,True
0.02,43,0.0400066013950606,26.494213430075888,5.14725299845227,0.02176339736172149,0.07342710939467777,False
0.02,48,0.023167826121193672,10.628128520291284,3.2600810603865793,0.008573425715393605,0.04677158355865351,True
0.02,49,0.02228951851287035,9.631551352417318,3.1034740779354544,0.007657782080476754,0.04566487932213398,True
0.02,50,0.011849833249051521,2.8418756604435202,1.685786362634222,0.0,0.030543271377312983,True
0.02,51,0.02026416145149709,7.339726158519397,2.7091928979899893,0.005297601253901777,0.04342963574935745,True
0.02,32,0.01964160679618916,7.532659349556525,2.744569064453749,0.0053020243656232945,0.04180177941317774,True
0.02,33,0.003343562746713924,0.23238573369121696,0.4820640348451821,0.0,0.019248258894835155,False
0.02,34,0.02020672430151639,8.123418746305333,2.8501611790046772,0.00593598484759846,0.042503922429549194,True
0.02,35,0.035151473234719406,22.512392660443993,4.744722611538423,0.018330171074477448,0.0653463687726337,True
0.02,28,0.011759967262611002,2.6591783734756973,1.6306987378040425,0.0,0.030933835868387046,True
0.02,29,0.013445989311517886,3.8048478329108093,1.9506019155406389,0.0,0.03254223965459388,True
0.02,30,0.018367996156562354,6.675230324659424,2.5836467104965073,0.004211772680047202,0.03988507958041503,True
0.02,31,0.026073241465825944,12.531813577534422,3.54003016618989,0.010690998906998645,0.051609752072909396,True
0.02,36,0.016012609913968353,4.966979322096449,2.2286720983797617,0.001856430379289729,0.036742284584750914,True
0.02,37,8.317533392488742e-06,0.0,0.0,,,False
0.02,38,0.014719642987184386,4.359272942794405,2.087887195897902,0.0008729100691517722,0.03464405845618377,True
0.02,39,0.04532264206631586,34.01217510353854,5.8319958079150345,0.026064220355323426,0.08159344863604402,False
0.02,44,0.008570674171479435,1.5280558533254407,1.2361455631621385,0.0,0.026021223441584432,True
0.02,45,0.01706692844366704,5.845493027199836,2.4177454430108716,0.0030894348302282805,0.037939679561660646,True
0.02,46,0.02534617262609535,11.786278071222114,3.4331149225189233,0.010026119428476192,0.0505596012756852,True
0.02,47,0.01497848392957649,4.576375894015882,2.1392465715797893,0.001212964045334176,0.034886336003076154,True
0.02,52,0.02435306936974116,10.837662763909975,3.2920605650428083,0.009121063630569257,0.04915739021929108,True
0.02,53,0.006349206461605487,0.840910459371571,0.9170117007822589,0.0,0.02314712060149191,True
0.02,54,0.002139336633942609,0.09751825646594625,0.31227913229344395,0.0,0.01759537384370876,False
0.02,55,2.5850195442382335e-08,1.3367079873205512e-05,0.0036561017317910498,0.0,0.011201398884148572,False
0.02,60,0.029251468873446384,14.97096208414996,3.8692327513539375,0.013108310067511422,0.05674094605856571,True
0.02,61,0.01880122837132366,7.108065208076141,2.6660954986789465,0.004707615748071518,0.04028295639602672,True
0.02,62,0.021976882053160087,8.949498159913674,2.9915711858342386,0.007086172257908224,0.04559538387074545,True
0.02,63,0.020828032003531893,8.178327322899577,2.859777495348122,0.0061587055216722215,0.0438084491928625,True
0.02,56,0.004348240085778796,0.3738187045967152,0.6114071512476078,0.0,0.020851878954667218,True
0.02,57,0.014743506275752497,4.15197925704183,2.037640610373142,0.0005444660497860663,0.03508448861610123,True
0.02,58,0.01823914243657064,6.412764166606166,2.532343611480513,0.003922754687436617,0.03994849504527059,True
0.02,59,0.014121746067391876,4.0392013825771755,2.009776450896262,0.00033977515731060774,0.03375538033929494,True
0.02,68,0.01866033435119915,6.486824071360161,2.546924433775011,0.004084715330874641,0.04076049868701289,True
0.02,69,0.02030697160025787,7.759058917969469,2.7855087359348687,0.005674085387844393,0.043079811571973936,True
0.02,70,0.019733975697692665,6.907611934696661,2.6282336149392544,0.004732600544236671,0.04260652182826308,True
0.02,71,0.041153369499634815,28.48126045158665,5.336783717894763,0.022786407637463,0.07509990344813347,False
0.02,76,0.021709466986683218,9.364385988055574,3.0601284267258415,0.007294621695246752,0.044661468843772374,True
0.02,77,0.017141239321440488,5.719746781735466,2.3915992100967642,0.002958961007335654,0.038269864499920855,True
0.02,78,0.020083587381646572,7.931980749868671,2.816377238558193,0.005749137270985166,0.04240620582938838,True
0.02,79,0.00268405186064714,0.15874358288851909,0.39842638327364704,0.0,0.01800733942555064,False
0.02,72,0.009484831508124715,1.8376413108899214,1.3555962934774946,0.0,0.027380908011971197,True
0.02,73,0.017947039295302822,6.697251937094279,2.5879049320047054,0.004134797347522432,0.0388847164969084,True
0.02,74,0.01921072210701397,7.087610063203101,2.6622565735111072,0.004794261665060697,0.04133645279519081,True
0.02,75,0.025480625954051508,11.882103429859626,3.447042707867082,0.010127184016486221,0.050783702310927034,True
0.02,64,0.020900355904718882,8.478264904696971,2.911746023384761,0.006415780206844348,0.043647978998182416,True
0.02,65,0.007779272479966835,1.1345827137890865,1.065167927506779,0.0,0.025769840994246687,True
0.02,66,0.02913057670479342,14.533690692115215,3.8123077908420795,0.012882056666493825,0.056658363810494376,True
0.02,67,0.027082263462293116,12.963354128726223,3.600465821074576,0.011303920777592576,0.05342663969415458,True
0.02,108,0.014554566242997764,4.145356687351978,2.0360149035191215,0.0005268352126715174,0.03461916131643658,True
0.02,109,0.02138397845167822,8.18556732019806,2.861043047596114,0.00632505501078762,0.044986734645775725,True
0.02,110,0.01829514134874211,6.209178721747776,2.491822369621835,0.0037153355368323027,0.04028308359084791,True
0.02,111,0.042332085464445904,28.792757967725493,5.365888367057732,0.02345044539807626,0.07709865780110979,False
0.02,84,0.017321858488463567,5.856664692429376,2.420054687900539,0.003143578881235669,0.038527905754222984,True
0.02,85,0.018822193372563203,7.134025738650962,2.6709597036741237,0.004743530571358311,0.04038226556136529,True
0.02,86,0.011327746942703372,2.462434348683473,1.5692145642592898,0.0,0.030367186072628158,True
0.02,87,0.02269385427716703,9.876372832269453,3.1426696982453395,0.007948926185892153,0.04635507700013412,True
0.02,100,0.02309211622743201,9.669164749928314,3.109528059035376,0.007943976198505398,0.047381942358292406,True
0.02,101,0.022988577070809053,9.62658136519508,3.102673261108085,0.007883183671593366,0.04716283222057355,True
0.02,102,0.018386941597698894,6.310300630462734,2.512031176252145,0.003845003819938327,0.040437457351752845,True
0.02,103,0.02752958018782454,13.862198065058237,3.7231972906439212,0.011903207816114997,0.05384789107338644,True
0.02,88,0.02576395259865723,12.016521974860098,3.4664855365139053,0.010307865787016295,0.051311082562948,True
0.02,89,0.017111515853306822,5.677843909538069,2.382822676897731,0.0029085957849712494,0.03835613599596196,True
0.02,90,0.01846883951214362,6.570971067391383,2.5633905413321987,0.004138792859630773,0.040285329694351266,True
0.02,91,0.027680996881996038,14.119197232017996,3.757552026521788,0.0120872372400448,0.05398316398662968,True
0.02,92,0.014279402849076948,4.224522831046215,2.0553644034686926,0.0006432478751469666,0.03387204231750208,True
0.02,93,0.018302850640477195,6.096862078206186,2.4691824716302735,0.0035944632441072214,0.04043329886058047,True
0.02,94,0.020031929309938724,7.569058954839875,2.7511922787838503,0.005421176405776952,0.04253576261473016,True
0.02,95,0.016976244124577572,5.273617036586302,2.2964357244622158,0.0023819048370653483,0.03849661903177335,True
0.02,80,0.026838583064061138,12.6386016149454,3.5550810982234147,0.01103980327410651,0.05313340007007562,True
0.02,81,0.01278374665989235,3.033171490714949,1.7416002672011017,0.0,0.03241497260663822,True
0.02,82,0.0183636614511152,6.55715533627631,2.5606943074635655,0.004101978539540923,0.04005713427765281,True
0.02,83,0.031372021936077084,17.62597491541419,4.198330015067204,0.015060893012620126,0.059743143462997465,True
0.02,96,0.011159705924144676,2.533861799920487,1.5918108555731385,0.0,0.02971783524517301,True
0.02,97,0.00834087062091648,1.494028697173917,1.222304666265296,0.0,0.025458480210819957,True
0.02,98,0.02502779027226421,11.580320555074422,3.402987004834785,0.009790269379995085,0.05005298661509547,True
0.02,99,0.01720947153023881,5.554979873016464,2.3569004800832096,0.002772939453564608,0.038664243813873345,True
0.02,112,0.020548875045397656,7.671569215489853,2.7697597757729557,0.005657238761361464,0.04365929000392936,True
0.02,113,0.02811196201774716,13.746187706021828,3.7075851582966814,0.012113698215302688,0.055146111804170006,True
0.02,114,0.02837363310588426,14.623689128649858,3.824093242672027,0.012601188876276408,0.055109476780196835,True
0.02,115,0.02346143096233878,10.098639383520322,3.17783564451032,0.008347930385757747,0.047836966571495644,True
0.02,104,0.008151886923454962,1.3886931287108837,1.1784282450412005,0.0,0.02542605932597721,True
0.02,105,0.00966822953820129,1.9444570869127347,1.394437910741362,0.0,0.02747181436910219,True
0.02,106,0.01933757237264261,7.142149137222987,2.6724799601162563,0.004878210764840678,0.04154359675892512,True
0.02,107,0.021709266977391638,9.105777100679688,3.0175780189880244,0.00711282445786535,0.04488533742431118,True
0.02,116,0.017080664881024506,5.218629339977497,2.2844319512687385,0.002321456972983936,0.03884113053447172,True
0.02,117,0.0188186114878019,6.644187025695828,2.5776320578577208,0.004276366444853198,0.040966366062232404,True
0.02,118,0.01799818125973012,6.277817388200901,2.505557300921474,0.003734572189724261,0.039556421675961365,True
0.02,119,0.014484989737582856,4.032662845914501,2.0081491094822868,0.00033677532924602377,0.034606853405423826,True
0.02,120,0.012206902417249551,2.8235433210361407,1.6803402396646165,0.0,0.031660880212196964,True
0.02,121,0.02530638329760906,11.943352813641013,3.455915625943581,0.010089133920315045,0.05040267430431597,True
0.02,122,0.02296835195759349,10.029142393359734,3.1668821249550376,0.00814412076138501,0.046812513893934746,True
0.02,123,0.03682394261905383,23.747266902436422,4.873116754443343,0.019486386422706097,0.06816063395046916,True
0.02,128,0.022972441517323992,10.034793772234025,3.167774261565054,0.008146788313807293,0.04682339273025328,True
0.02,129,0.01686220173437566,5.8110360911546195,2.4106090705783507,0.003014725889267763,0.037514354720541584,True
0.02,130,0.021636240361165796,8.417222847864423,2.901245051329588,0.0065716376353327655,0.04530822763716345,True
0.02,131,0.019741936037760376,7.483776856929808,2.7356492569278337,0.005275131661567416,0.04198375136073504,True
0.02,124,0.0274422198626359,14.083895405627572,3.752851636506241,0.011968468169694097,0.05349384272550529,True
0.02,125,0.017332409659574975,5.589414473487295,2.364194254600771,0.0028329298655349437,0.03886638452747958,True
0.02,126,0.029939559290883138,16.37034347919939,4.046028111518677,0.013969001879937062,0.05740780986290443,True
0.02,127,0.029045280709895822,14.950258548515649,3.866556419931778,0.013019225765879383,0.05631353063967172,True
0.02,132,0.019018959071748106,6.945780307906261,2.6354848335564864,0.004615928383410907,0.04106241761562253,True
0.02,133,0.02504987034678085,10.939956313918628,3.3075604777416587,0.009428317795427018,0.050573101755651384,True
0.02,134,0.03253996196292714,18.938493853344653,4.351837985649817,0.016049699646351747,0.06150198920062371,True
0.02,135,0.03597676459147493,21.43727204287984,4.630040177242509,0.018459165576792683,0.0672935319184198,True
0.02,140,0.00349140008210186,0.257582946671846,0.5075263014582062,0.0,0.019478189125864742,False
0.02,141,0.013447872138164268,3.3900696749578856,1.841214184976285,0.0,0.033245795165711294,True
0.02,142,0.009241514733710359,1.7784583718289468,1.333588531680198,0.0,0.026897849229925757,True
0.02,143,0.022672777810661907,9.494282116164868,3.0812792986298514,0.007704436451512196,0.046744129978019945,True
0.02,144,0.013855122886910104,3.762850165287773,1.939806734004131,0.0,0.03366150536738053,True
0.02,145,0.01750345961700216,6.136115007801891,2.4771182870024377,0.0034859997217627243,0.03856117451143917,True
0.02,146,0.024625805105667656,11.108048074100225,3.3328738461124243,0.009380157673573539,0.049518877200836045,True
0.02,147,0.019359884080971,6.969516568393374,2.639984198512062,0.004719137365930676,0.04180028867446946,True
0.02,136,0.016570679343488853,5.060482763393111,2.249551680533948,0.0020450246766667447,0.03784662456211317,True
0.02,137,0.011383458467391857,2.546805477292537,1.5958713849469628,0.0,0.030247222833469437,True
0.02,138,0.023382018927910014,10.057485131243766,3.1713538325522377,0.008296495895864665,0.047688415453125355,True
0.02,139,0.026156944322992683,12.898903051253,3.5915042880738706,0.010908565352714727,0.05155884763591905,True
0.02,148,0.006064506423201357,0.7428144605009948,0.8618668461549004,0.0,0.022986454174729436,True
0.02,149,0.018186923459519645,6.20939722893695,2.491866214092753,0.0037042062427264794,0.04016259297281355,True
0.02,150,0.02647136472422718,13.47229763769542,3.6704628642305344,0.011302732472101552,0.05185980531819129,True
0.02,151,0.025634891125474436,11.560651819893792,3.400095854515545,0.01000112054202209,0.05134294631228326,True
0.02,152,0.017501072247559774,5.400940083459318,2.3239922726763353,0.002620871705354468,0.03956542747296403,True
0.02,153,0.005056242870102513,0.5389721023859693,0.7341471939508925,0.0,0.021307921608010504,True
0.02,154,0.004475223674273332,0.4299123648438581,0.6556770278451565,0.0,0.020469654908955658,True
0.02,155,0.019297923337329066,6.968362258001207,2.6397655687581816,0.004715066620818956,0.04173063900827949,True
0.02,160,0.02119575179266044,8.787819560366643,2.964425671250106,0.0067321178373854675,0.04404358211219984,True
0.02,161,0.02201047086268712,9.218604566373187,3.036215500647671,0.00729513255969029,0.04548671729633248,True
0.02,162,0.02635300045358995,12.95416098408964,3.5991889342030436,0.011010584969429613,0.05192491409541045,True
0.02,163,0.006107537508201697,0.7708892831008143,0.8780030085943978,0.0,0.022865382286637648,True
0.02,156,0.016509685839136777,4.991466478520806,2.2341590092293804,0.0019498693076839928,0.03789332179650451,True
0.02,157,0.02640195267783307,13.0960842440536,3.6188512326501625,0.011093424198775485,0.05193673334881026,True
0.02,158,0.020604922547441753,7.569395923428829,2.751253518567278,0.005583988234246688,0.04392011010295788,True
0.02,159,0.020883778302751836,7.809159858960811,2.7944874054038626,0.005866098136128475,0.0442832244988763,True
0.02,164,0.016863558641131458,5.482950612787363,2.341570116991452,0.002637874630740283,0.038058997556938305,True
0.02,165,0.030043310575191967,15.735741835382896,3.9668301999685966,0.013780938148408431,0.05790656695029961,True
0.02,166,0.025483199668948967,11.956274971022822,3.457784691247103,0.010159805231806936,0.050765223065319505,True
0.02,167,0.005129717222056777,0.5316774597065432,0.7291621628324821,0.0,0.021769657342947252,True
0.02,168,0.033922307434579156,22.17377885488645,4.708904209567917,0.017643001325706967,0.06308499599191367,True
0.02,169,0.020348410028465363,7.753152689289891,2.7844483635524453,0.005674219102705155,0.04315493768681871,True
0.02,170,0.01888659032986767,6.834984273796863,2.614380284847035,0.0044789372622017,0.04089478235979911,True
0.02,171,0.03099305345132055,16.567350846463796,4.070301075653225,0.01454799660363778,0.05949958623456596,True
0.02,172,0.012229534668281234,3.042350077193305,1.744233378075682,0.0,0.031108692918491568,True
0.02,173,0.023399431227188468,10.518756788383143,3.243263293102048,0.008597770038718191,0.04735624783935538,True
0.02,174,0.017012343059773918,5.584676828164902,2.36319208448338,0.0027745366921660807,0.0380857676951972,True
0.02,175,0.022652384563603203,9.53169645310777,3.0873445633922643,0.007707251717092712,0.046550614911257865,True
0.02,176,0.027258232087992242,13.89440673132276,3.727520185233443,0.01181863375151455,0.05323810753613108,True
0.02,177,0.015067220624736604,4.32362887798854,2.079333758199616,0.0008356002705879485,0.03547311688997557,True
0.02,178,0.012690582139829005,3.305784598860555,1.818181673777556,0.0,0.031701468663947185,True
0.02,179,0.01878734528284843,6.9127983591495195,2.629220104736292,0.004531452782170445,0.04057952575825158,True
0.02,184,0.009027208283654286,1.6071337960324854,1.2677278083376122,0.0,0.027023030323839303,True
0.02,185,0.021096353550065717,8.105414684800962,2.847000998384258,0.006177489088484601,0.04442725457353372,True
0.02,186,0.011168613532752425,2.52149199069072,1.5879206499982044,0.0,0.029722734407467463,True
0.02,187,0.011395743406429636,2.632137477985225,1.622386352871974,0.0,0.029963331675638666,True
0.02,180,0.01301968159586336,3.1983951886656996,1.7884057673429985,0.0,0.03272320978756088,True
0.02,181,0.004415266740969471,0.3985591049568029,0.6313153767783602,0.0,0.020743940626708562,True
0.02,182,0.025647381805552528,12.120642403245029,3.481471298638699,0.010322587275906138,0.05097830380226,True
0.02,183,0.022023750822582917,9.456561542200916,3.0751522795141244,0.007453975362064968,0.04526771939198601,True
0.02,192,0.027913186681717803,13.974909156865806,3.738302978206262,0.012123135712956038,0.05452758450530347,True
0.02,193,0.02387651366287888,10.394029941505323,3.223977348168768,0.00868417525216246,0.04846519281095419,True
0.02,194,0.020914051939238277,8.279504769053801,2.8774128603754106,0.006258319327860305,0.0438831758457666,True
0.02,195,0.01518691433459944,4.334445420250859,2.081933096968022,0.0008590451829436595,0.035778091322402006,True
0.03,0,0.022421902853076582,9.132103508661885,3.0219370457807164,0.007356284477460185,0.04637910802625281,True
0.03,1,0.03242722923262599,18.809349104576086,4.336974648827923,0.015948048750656616,0.061339329277370874,True
0.03,2,0.020843172265263853,7.99513189774666,2.827566426761122,0.0060079994557131165,0.04402634613121095,True
0.03,3,0.030124370283459566,15.410688587051254,3.9256449899413033,0.013688791606503211,0.05827382041432014,True
0.02,196,0.03127227772054183,17.248588450766192,4.153141997423901,0.014888654637452193,0.059698539748509624,True
0.02,197,0.025170353016531515,12.704027231700366,3.564270925687379,0.010416777969861558,0.04968114920321488,True
0.02,198,0.017408941204075063,6.188743108284825,2.4877184543844235,0.003523405169145833,0.03828004600297227,True
0.02,199,0.017425803016600717,5.987090615219131,2.446853206716564,0.00330885809872339,0.03858576041007018,True
0.02,188,0.018961401642537807,6.766977174439262,2.601341418276206,0.0044326644935427685,0.041149384461485736,True
0.02,189,0.021673387621408306,8.840128391682583,2.973235340783266,0.006915577338494738,0.04500832978143099,True
0.02,190,0.015437837354995198,4.838155716764049,2.199580804781686,0.0016217568407496247,0.035609258345984655,True
0.02,191,0.012967093911439935,3.3310259867055265,1.8251098560649786,0.0,0.03233729668885948,True
0.03,4,0.019599111755235817,6.998264473024392,2.6454233069632527,0.004803226159396875,0.042280893343842045,True
0.03,5,0.022858736813912303,9.296167137861858,3.048961649129398,0.007612200823441825,0.047176687128210576,True
0.03,6,0.023964156543920142,10.097658312796284,3.177681279297262,0.008526865065679784,0.04887467502804152,True
0.03,7,0.03621541835063788,22.093216775631845,4.700342197716231,0.01874959525203283,0.0675717862912822,True
0.03,8,0.045436192048315706,31.463142477269002,5.609201590000934,0.02564104687967934,0.08244974611821024,True
0.03,9,0.03353342619633541,19.271122491064716,4.389888664996496,0.016623287467553285,0.06334308157742957,True
0.03,10,0.032267355689057156,18.213166405320862,4.26768864906062,0.015675021396037894,0.061217535256941555,True
0.03,11,0.033032846633121886,18.448941631625075,4.295223117793193,0.016118232516445525,0.06264938193731975,True
0.03,16,0.01922409163202763,6.8836194103796515,2.6236652626392054,0.004604303309181344,0.041593231771333436,True
0.03,17,0.03338436488205812,19.256829409538796,4.388260408127438,0.01656720046798379,0.06296825744281709,True
0.03,18,0.030836482468073807,16.381031389642203,4.047348686441805,0.01437734097059554,0.05919806781474674,True
0.03,19,0.02635428591289951,13.088197970200554,3.6177614584436815,0.011059143729753987,0.05181126646717114,True
0.03,12,0.03457863465408379,21.114053070439695,4.595003054453794,0.01764656638859984,0.06466495110235869,True
0.03,13,0.04507715021256034,32.16020161452889,5.670996527465776,0.025616277113633068,0.08153883108477929,True
0.03,14,0.026480335615156315,12.328269447620414,3.511163546122626,0.010758048723199323,0.05264211494642903,True
0.03,15,0.03054823709438654,16.747250294817604,4.092340442194125,0.014377963634632486,0.058440564624060644,True
0.03,40,0.03457088273752567,20.165282720872256,4.49057710332116,0.017375715670524476,0.06496618105299998,True
0.03,41,0.030971453098782697,16.281912808485004,4.03508522939541,0.014393125241593918,0.05953001160185203,True
0.03,42,0.03644587022440855,21.83002028933106,4.672260725744129,0.018799557155200097,0.06811844245263815,True
0.03,43,0.020083795324868346,7.27019095574633,2.6963291630930986,0.0051713364863594825,0.043045569882263046,True
0.03,36,0.03472262361110967,20.275847396790823,4.502871017116838,0.017508745367611083,0.06522676240354006,True
0.03,37,0.03390014279912555,19.2314982731657,4.385373219369783,0.01679448164329468,0.06401381965337456,True
0.03,38,0.028830875306707755,15.193572667314811,3.897893362742856,0.013030956129686588,0.05574778548330765,True
0.03,39,0.01900781227264322,6.549305872432342,2.5591611657791975,0.004221719481660266,0.0414935686106502,True
0.03,20,0.021132006322204553,8.20643933824158,2.864688349234796,0.006275680263295301,0.044454092832659456,True
0.03,21,0.03564057611393026,22.497436367576483,4.743146251969939,0.01858389563042008,0.06626359205221517,True
0.03,22,0.04077422498941077,27.48534018972441,5.24264629645415,0.022382808040017778,0.07462141751021074,True
0.03,23,0.025526143180959898,12.396928207610244,3.52092718010615,0.010402389841385676,0.05053456188729958,True
0.03,28,0.03000591141546611,15.761143547951178,3.9700306734269923,0.013766329169108495,0.05783848132956515,True
0.03,29,0.03263887568999131,18.5390134866484,4.305695470728091,0.015964576175512477,0.06183725134356583,True
0.03,30,0.0354069207273366,20.791310109034157,4.559748908551232,0.017990514357604234,0.06641773582761455,True
0.03,31,0.027831731768476198,13.695212224273291,3.7007042876016576,0.01195819853053372,0.054526958017482335,True
0.03,24,0.02551059045581921,10.958791522032925,3.3104065493580883,0.009604242262083763,0.05150883545353026,True
0.03,25,0.0250516663357364,11.001763573521885,3.3168906484118352,0.009464026824366511,0.0504686381000644,True
0.03,26,0.035603955458664904,20.015696695552606,4.473890554713269,0.017839751217705348,0.0670854781728945,True
0.03,27,0.02192034574107345,8.967505128666971,2.9945792907630566,0.0070820148729128,0.045441280238933124,True
0.03,32,0.03990763264078492,26.69259664681931,5.166487844447068,0.021766322705090043,0.07316648325834685,True
0.03,33,0.02453380146549565,10.272187000115082,3.2050252729292295,0.008833805678376605,0.0499585976738761,True
0.03,34,0.032746682792586176,19.198197760716766,4.381574803734014,0.016204917855762564,0.061777490883745886,True
0.03,35,0.014521669815308051,4.0837684528287355,2.020833603449016,0.0004242615686429821,0.0346497774050913,True
0.03,48,0.023441106236115204,10.502656773963963,3.240780272397986,0.008596265948697855,0.047466667283092796,True
0.03,49,0.02623572361732592,12.325424631369742,3.510758412561272,0.010651183042567267,0.05205886362150333,True
0.03,50,0.029771777002031215,15.183189265870169,3.896561210332794,0.013438030024416545,0.057601173824969,True
0.03,51,0.032221277858443864,18.563105200187692,4.308492218884432,0.01579367769003522,0.06096782360091999,True
0.03,44,0.01723834328824073,5.959393694073469,2.4411869436963385,0.0032441440729056373,0.038191550901055776,True
0.03,45,0.04031453602875237,26.90260121861388,5.186771753086295,0.022024924413794462,0.07387825642772544,True
0.03,46,0.05118713872136945,40.02896187907936,6.326844543615669,0.030255170354713215,0.09135618713706962,False
0.03,47,0.03824299006384917,25.756316848864117,5.075068161991927,0.020693555264980994,0.07027388522177772,True
0.03,52,0.03615255253253979,22.31336839908772,4.7237028271354795,0.018779651727866845,0.06725395259207137,True
0.03,53,0.03393633837527992,18.344075780182493,4.282998456710263,0.016522875396417287,0.06446388417742084,True
0.03,54,0.03567512347896722,21.26181858424229,4.611053955902305,0.01824661603539395,0.06675594241527451,True
0.03,55,0.03626795340794167,21.63306665484606,4.651136060667981,0.01861015024586391,0.06769387431355363,True
0.03,64,0.027937828330229824,13.738026211171245,3.7064843465433985,0.01202404014073927,0.05471272725661924,True
0.03,65,0.027233911769314743,13.31049522813737,3.6483551400785217,0.011540437855348886,0.0535578199887245,True
0.03,66,0.022252790745398945,9.214215842234807,3.035492685254703,0.007367927653637453,0.04599837602774173,True
0.03,67,0.02982663848966014,16.01527274290993,4.001908637501602,0.013786588685977801,0.05735641701912972,True
0.03,68,0.018592108590019536,6.744440913691506,2.597006144330719,0.00432557494557995,0.04032966311053986,True
0.03,69,0.040760250914288636,26.646771759365265,5.1620511194064385,0.02216427347425095,0.07485482277946263,True
0.03,70,0.02638500222025856,11.664592393388375,3.415346599305607,0.010352084925967443,0.05280450360236203,True
0.03,71,0.03187791648220453,16.436802418604884,4.054232654720852,0.014860060424389837,0.06123563843716407,True
0.03,60,0.019458662790199883,7.142696830106388,2.672582427186557,0.004905226778297871,0.04184198338541883,True
0.03,61,0.03154141214201221,17.923528513271776,4.233618843645679,0.015234614890570958,0.05988758772938946,True
0.03,62,0.014415469117544377,3.978814984131077,1.9946967148243557,0.00024344818885923582,0.0345980285045317,True
0.03,63,0.04471024704306445,33.334087950118146,5.773568043256972,0.025624886403454016,0.0806183085227031,True
0.03,72,0.049066543317439135,38.95453144775638,6.241356539067159,0.02890957689899026,0.08765811148620797,True
0.03,73,0.03470376459387084,20.413736935906172,4.518156364702993,0.0175474334972622,0.06512331002413009,True
0.03,74,0.03249299376634537,18.540094880093193,4.305821045990323,0.015911164930716447,0.06151597004272183,True
0.03,75,0.03511163441794589,20.21314294753506,4.495902906818058,0.01765821490483476,0.06605157683047998,True
0.03,56,0.01751816683444188,5.970395215656936,2.4434392187359473,0.003309207006448194,0.03880423715348526,True
0.03,57,0.032861430058097024,18.571009061029372,4.309409363361686,0.01607341786365451,0.06232057833079492,True
0.03,58,0.032943412297988,17.758495161343944,4.214082956153562,0.01583427225553565,0.0627709168601791,True
0.03,59,0.029547609822807835,15.47037292746154,3.933239495309374,0.013452265818986009,0.05702974555531201,True
0.03,76,0.04276864320862466,30.858214317170223,5.555017040223209,0.02412918482030483,0.0775192860908927,True
0.03,77,0.024604735461525112,10.477548790821857,3.236904198585719,0.008985390539411922,0.049953892688886954,True
0.03,78,0.035778855902277217,22.421916983427764,4.735178664361859,0.0186069128386147,0.06649997899262117,True
0.03,79,0.01562157013347614,4.4698550510065616,2.1142031716480236,0.0010973269387696619,0.036564188241440684,True
0.03,96,0.03268028903568349,18.763884864346664,4.331730008246897,0.0160510731230597,0.061780443571619215,True
0.03,97,0.02101947770284102,8.106031093338288,2.8471092520903176,0.006151888749318652,0.04428914168284556,True
0.03,98,0.03284739328395601,18.812518515726424,4.3373400276813,0.016161523250667498,0.06210307935966361,True
0.03,99,0.03208977719707762,17.221712392683912,4.149905106467365,0.015259865834306885,0.06130220759233467,True
0.03,80,0.04050142950111388,25.59801957175182,5.059448544234027,0.021822883708441522,0.07462869685835172,True
0.03,81,0.04082823169186231,26.903243208555978,5.18683363995376,0.022284933175511973,0.07486425643486261,True
0.03,82,0.018617312677905996,6.572741335624642,2.5637358162698125,0.004166437771372237,0.040605826199402575,True
0.03,83,0.020330638345232206,7.897394900849122,2.8102303999581815,0.0057898969374319785,0.042982404374698704,True
0.03,84,0.03586993019727817,20.499958172482593,4.527687949989773,0.018130662636456293,0.06739644649873071,True
0.03,85,0.02933410119464404,14.994281520520644,3.8722450233063306,0.013155138240898187,0.0568908734150716,True
0.03,86,0.03969504700505025,26.18085258210249,5.116722836162077,0.021530310340072415,0.07292508924277971,True
0.03,87,0.030587215402198366,16.45894646196507,4.056962713898794,0.014296360165117376,0.058662309790216534,True
0.03,88,0.027685866153380412,14.26997039959133,3.7775614355813367,0.012132650794794886,0.05387388080485367,True
0.03,89,0.03120639095951161,16.366134604345916,4.045507953810734,0.014555244993103483,0.06003521072895435,True
0.03,90,0.024835314309365513,11.556476191901993,3.3994817534297774,0.00971103522472825,0.04964774106797128,True
0.03,91,0.030633798423404444,15.817603079725131,3.977135034132627,0.014066459595249048,0.05904624293612877,True
0.03,104,0.023871650304213204,10.540860286577072,3.2466691064192346,0.008774862296995593,0.04833802825319265,True
0.03,105,0.02547210595486222,11.208699475042067,3.3479395865281183,0.009750393630017926,0.05121100892979731,True
0.03,106,0.04031166571516322,26.67895443446514,5.165167415918398,0.021953108882000666,0.07397445190928673,True
0.03,107,0.023176242246866527,9.15837338778806,3.026280454252061,0.0076232547300717005,0.04801821820414317,True
0.03,100,0.034708593205620336,20.7322045792705,4.5532630694119245,0.01763883218804713,0.06508209965534212,True
0.03,101,0.02321111905200439,9.866910077267448,3.1411638093654792,0.008119511720399254,0.04746054932775013,True
0.03,102,0.026601352882210612,12.618006364456733,3.552183323599267,0.010953875392036055,0.052607264205482646,True
0.03,103,0.025412828614805098,11.508525106207571,3.3924217170345394,0.009891690224516853,0.0509131342392312,True
0.03,92,0.034843025325941225,20.596925932079557,4.538383625486012,0.017635217305432847,0.06541353289024623,True
0.03,93,0.02247369968835552,9.644444065327662,3.105550525321986,0.007728050900622256,0.046066800959445084,True
0.03,94,0.03899031902429753,23.920983403469563,4.890908239117716,0.020605655755287836,0.07226129527660424,True
0.03,95,0.038523340558708416,25.219537929642,5.021905806528235,0.02071521396203265,0.07093827107702039,True
0.03,120,0.04822570036898192,34.9610678627721,5.912788501440931,0.027813423118434676,0.08682734861783027,True
0.03,121,0.034030972587546386,19.259442110009104,4.388558090080283,0.01684412678369986,0.06429893745857088,True
0.03,122,0.04000653151774986,27.43632913228862,5.237969943813025,0.02199253056282874,0.07317325895682815,True
0.03,123,0.021204919824613807,8.420506821745903,2.9018109555492932,0.006462617815206666,0.04437324314538528,True
0.03,116,0.015835995156526922,4.759656763936846,2.181663760513257,0.0015497134767172936,0.03661709152384193,True
0.03,117,0.02247671454980043,9.450525151369902,3.074170644477938,0.007595412532172975,0.04623504365950862,True
0.03,118,0.02350292572565181,9.927358896537044,3.150771159023937,0.008250823360920452,0.04805456691501933,True
0.03,119,0.031092031798653223,16.899466279118315,4.110896043336332,0.014683449516902626,0.05947644464329733,True
0.03,108,0.016134882345237495,4.834421061263129,2.198731693786927,0.0016847559648951616,0.037253446034110016,True
0.03,109,0.026406621676170427,11.80432162055672,3.4357417860713455,0.010427478247036562,0.052782030021992554,True
0.03,110,0.035314868737189475,20.595568629520812,4.538234087122524,0.01786388505439964,0.06638150102791886,True
0.03,111,0.02278436635873748,9.310189714265107,3.051260348489638,0.0075975214550021986,0.046985619960326484,True
0.03,112,0.029384444217937067,15.4340277996032,3.928616524885472,0.01335128558302387,0.05675833294947494,True
0.03,113,0.02713561558723392,12.90559615633515,3.5924359641245034,0.01130498833812274,0.053541330765823264,True
0.03,114,0.021622890334036953,8.784930284052507,2.963938306384346,0.006859411121150863,0.04494968767470102,True
0.03,115,0.044828062938788056,33.96409676651956,5.827872404790582,0.02577942553932152,0.08074574030137908,True
0.03,124,0.03164363817894275,17.80373962161184,4.219447786335534,0.015246671163282995,0.06018062723385516,True
0.03,125,0.02851990738352942,14.236985272422089,3.7731929810734686,0.012489735704730321,0.05562338727855725,True
0.03,126,0.028472345834358034,15.108723448451883,3.8869941405219386,0.012834117331676217,0.05509883353108183,True
0.03,127,0.029594713997553798,14.90236112104435,3.860357641598036,0.013239680289393103,0.05745314126384726,True
0.03,140,0.04494399540812084,31.47282584372533,5.610064691581135,0.02539814536652391,0.081503834502855,True
0.03,141,0.02472115032964486,11.081864981954368,3.328943523395128,0.00939396911068526,0.04977744557637417,True
0.03,142,0.03349576531661463,18.506383835143197,4.301904675273872,0.016353064462250586,0.0635347227798509,True
0.03,143,0.04852687332405178,37.41614955427963,6.116874165313492,0.02838653995711242,0.08689068905283873,True
0.03,144,0.02750645163248712,13.286382769053716,3.64504907635737,0.011630058376381255,0.05410490591286274,True
0.03,145,0.027598689535772682,12.940061801199818,3.5972297398414543,0.011498654717719627,0.05449097399576067,True
0.03,146,0.03239438459271393,17.583348421354913,4.193250340887712,0.015533391783994089,0.061738992537245865,True
0.03,147,0.022787829730022507,9.802431737062534,3.130883539364333,0.007937709875947205,0.04660075683684538,True
0.03,132,0.027091987261446845,12.926379480294145,3.5953274510528446,0.011296968691805298,0.05346594845319466,True
0.03,133,0.02204622221795681,8.580647071669546,2.929274154405754,0.006830126510442491,0.04605615841044685,True
0.03,134,0.0239786665753521,10.33203790805078,3.2143487533325907,0.008674898036831748,0.048649708933232866,True
0.03,135,0.017625489164808415,5.601317424187982,2.366710253535059,0.0028909387160845,0.03953805714440367,True
0.03,128,0.036728582705661594,23.235694263551977,4.820341716471145,0.019321131488123183,0.06812024074473585,True
0.03,129,0.03824929412176861,23.140355612458734,4.81044235101708,0.020052707194924344,0.07109715872377345,True
0.03,130,0.038521043774829476,25.892828199895803,5.08849960203357,0.02087795919962955,0.07074633952072856,True
0.03,131,0.02283958708141607,8.965768819689856,2.994289368062121,0.007370739244774433,0.04744304456059563,True
0.03,136,0.021827545619296028,8.449033756041672,2.906722166984948,0.006655616990395042,0.045707336502742196,True
0.03,137,0.03989507305023555,27.56521469603581,5.250258536113799,0.02194415029781099,0.07292343582960845,True
0.03,138,0.021162437200919676,7.812779481477492,2.795134966594188,0.0059601751731189895,0.044989113183706075,True
0.03,139,0.019933508080575604,7.271320313250499,2.69653857996701,0.005134812706060237,0.04264902211468717,True
0.03,148,0.027013686694281475,12.620530833876956,3.5525386463593827,0.011091942980264884,0.053394198150328656,True
0.03,149,0.03174779304089438,17.546059201598155,4.188801642665615,0.015214727093251414,0.06048805620481422,True
0.03,150,0.042960228842336814,29.427282533592916,5.4246919298327825,0.023938176015628348,0.07824946694183191,True
0.03,151,0.025750595221448878,12.33189212855109,3.5116793886331776,0.010468218104611886,0.051052275127576055,True
0.03,152,0.032979386875091624,18.590185837284707,4.311633778196463,0.016133645502632847,0.06249984329410861,True
0.03,153,0.03829639751188582,26.58561947521798,5.156124462735358,0.020902320234842432,0.07015781002964261,True
0.03,154,0.03422713155861313,20.806277753456243,4.561389892725269,0.017418445850591872,0.06410143901606258,True
0.03,155,0.029908334304174305,15.821668468453936,3.977646096431146,0.013730585979166623,0.057642955676742436,True
0.03,168,0.0342314267785039,21.082978015146864,4.59162041278968,0.01748707450328538,0.06401085126767678,True
0.03,169,0.03596157439019275,20.110910860631975,4.484519022217653,0.018036271745443203,0.0677647912348148,True
0.03,170,0.02457345183894535,10.664836801334332,3.2657061719227483,0.009098985388879597,0.04971858632629043,True
0.03,171,0.034136324324426856,18.824446866670087,4.338714886538419,0.016746749320545887,0.0647026983913168,True
0.03,172,0.015468666338643763,4.5229254110452075,2.126717050066888,0.0011700660227140693,0.03614931379588384,True
0.03,173,0.031456894999258515,16.853209487866025,4.105266067853097,0.014832309073681604,0.06021863625042792,True
0.03,174,0.03279765551056614,18.384845767830484,4.287755329753609,0.01599872105914778,0.06218386070384391,True
0.03,175,0.03361033486434462,19.152057709707606,4.376306400345799,0.016627381730971925,0.06352532462036264,True
0.03,156,0.03742899002384238,22.377947855708044,4.730533569874337,0.01943999595342582,0.06976123438656337,True
0.03,157,0.02930897037782775,15.028529407532687,3.876664727253659,0.013167124958216678,0.056828899611256076,True
0.03,158,0.04029638001344864,28.02762359243252,5.294112162811865,0.02224632657004858,0.0735817462912216,True
0.03,159,0.04014169429133494,26.887762477919296,5.185341114904524,0.021916651302469597,0.07357498413985815,True
0.03,160,0.02783426061768324,14.413832650477161,3.7965553664443195,0.012281064579576182,0.054130242078610544,True
0.03,161,0.037382717715239405,23.778525320901736,4.876322930334058,0.019775596903153655,0.06921850225590545,True
0.03,162,0.027596730255368684,13.425022074886783,3.664017204502018,0.011751690940117649,0.054268837680883364,True
0.03,163,0.04260942342285938,30.77440140844101,5.547468017793434,0.024013573930079378,0.07726308718912984,True
0.03,164,0.025912516339446447,11.769314218124919,3.4306434116831377,0.010219419650757625,0.05178678466015901,True
0.03,165,0.026689432216333946,11.585862612724895,3.4038012005293283,0.010409675299748924,0.053520416689743396,True
0.03,166,0.025402144933730202,11.533809847264365,3.3961463230055866,0.009902302067970783,0.05078303521572601,True
0.03,167,0.045423105274220964,29.805389073490687,5.459431204208977,0.025311210743261956,0.08271914222617405,True
0.03,196,0.033940388201242615,19.921836375520797,4.463388441030065,0.017026876487706254,0.06387436020777428,True
0.03,197,0.016415683964963818,5.0565281190010865,2.2486725237350784,0.0020219115567473994,0.03746627488174767,True
0.03,198,0.023084991751143157,9.646669362734201,3.1059087821013356,0.007926991480695486,0.0473467211689881,True
0.03,199,0.01520117385201113,4.490459338338724,2.119070394852121,0.0011024208599120025,0.035575914534266465,True
0.03,176,0.03712024035155078,23.18082399781474,4.814646819634306,0.019499571919802134,0.0688729586632518,True
0.03,177,0.023107588418282005,8.963042520483896,2.9938340836599306,0.007454286113830172,0.048066229378257115,True
0.03,178,0.031587879398639676,17.39890594681151,4.171199581272935,0.015099326006386703,0.060214864093903905,True
0.03,179,0.028412437180721867,14.026906893470823,3.7452512457071316,0.012345076001078162,0.05555026194538204,True
0.03,184,0.019581150751078105,7.147563466257907,2.6734927466252656,0.00494294209786318,0.04211451932986817,True
0.03,185,0.02711745225978325,13.12456054115296,3.6227835349566444,0.011401013282090991,0.05337087254884787,True
0.03,186,0.019300254485488253,7.013875289015459,2.6483721960886575,0.004748091438339173,0.0416093729272998,True
0.03,187,0.033164874340977396,19.028646402275626,4.3621836736061015,0.01637692902984913,0.06265842251712674,True
0.03,180,0.025009414195573735,10.965976683312192,3.3114916100319793,0.009423908319655217,0.05046244683378327,True
0.03,181,0.024747084234092536,11.113611326401497,3.3337083445318814,0.009421574715344858,0.04978872512028149,True
0.03,182,0.03302228135351817,17.971210675249722,4.239246474935106,0.015981901762796995,0.06300316961037976,True
0.03,183,0.036571430245422996,21.629947960472464,4.65080078701211,0.01879166866445854,0.06838810808136422,True
0.04,0,0.04868774218088399,35.590783659823956,5.96580117501614,0.02820725889403157,0.08759686318189536,True
0.04,1,0.022591640286260126,9.412027720857623,3.0679028212864927,0.007608555056625761,0.046508616479103905,True
0.04,2,0.04507372144838247,30.943251241816142,5.5626658394888455,0.025381758810094492,0.08183149503049891,True
0.04,3,0.0360102823032514,21.65561714090836,4.653559620431263,0.018540019212451648,0.06722901531250043,True
0.03,188,0.04184541038487486,26.78188371485885,5.1751216135332365,0.022777913584026935,0.0767793352442708,True
0.03,189,0.025397377872459975,11.366355701875364,3.371402631231601,0.00980133191977422,0.05090387613738106,True
0.03,190,0.04043314261869142,28.672972118320786,5.35471494276967,0.022457321793634116,0.07366883620045701,True
0.03,191,0.02835839952339535,14.369954525945104,3.7907722862162405,0.01248543026381526,0.05521511685656729,True
0.03,192,0.028335309709642164,14.30586044534789,3.782308877570404,0.012447543983805539,0.055215059373590086,True
0.03,193,0.029131907149635143,15.709714837694719,3.9635482635757975,0.013361777768234735,0.056115008364437266,True
0.03,194,0.02235487126772246,8.100470610508182,2.846132570789383,0.0065170504162820955,0.04722545123068318,True
0.03,195,0.03214680568515501,18.349470889313352,4.283628238924726,0.015670705193609406,0.06090778296800735,True
0.04,4,0.042518036691011826,29.774623077219303,5.456612784248054,0.023788167488607813,0.07729805639762097,True
0.04,5,0.034639217000939346,18.425006358421797,4.292435946921258,0.016868822302293,0.06586483761414696,True
0.04,6,0.03773617775472657,23.799923370982924,4.878516513345314,0.01992905683161669,0.06976612701344212,True
0.04,7,0.031797363100868004,17.397427874973346,4.171022401638877,0.015189883200835218,0.06063759976302619,True
0.04,8,0.041937713150014336,26.52951094414084,5.150680629212109,0.02276945835745137,0.0770685971498424,True
0.04,9,0.04987869092427923,37.26127050640821,6.104201053897898,0.029098180753454633,0.08945915509965063,True
0.04,10,0.04217081051956735,29.53030090697689,5.434178954265022,0.023535932049703792,0.07675796018817053,True
0.04,11,0.02236956607485459,8.849601733522832,2.9748280174697213,0.007134345286228033,0.04649961247871223,True
0.04,20,0.04536154103553033,31.381218841681402,5.601894219072813,0.025633866423055113,0.08227927187390767,True
0.04,21,0.04986144415958343,39.0945860343013,6.252566355849517,0.02937105418008406,0.08904741106775631,True
0.04,22,0.04164290331822359,27.428634205964727,5.237235359038653,0.022829667926326937,0.07627802268211928,True
0.04,23,0.04339697414403902,28.770641328408146,5.363827115820209,0.024028667308258186,0.07917296963817447,True
0.04,12,0.033653274930864646,19.363262509825972,4.400370724135181,0.016702986787026003,0.06351406605926012,True
0.04,13,0.047033232489317886,35.88552331500932,5.990452680308001,0.027318379967298894,0.08440602294455153,True
0.04,14,0.04440266260520315,32.54612599623283,5.704921208591125,0.025319085374910146,0.08019099253831426,True
0.04,15,0.04448258141351914,31.975167350992706,5.654658906688599,0.025245014037613582,0.08049995141218386,True
0.04,16,0.037342430071325906,22.880409533114744,4.783347105648381,0.019494472180855038,0.0693191311615996,True
0.04,17,0.031151014173474486,16.610816536090397,4.075636948513741,0.014609146961765143,0.05970849951989063,True
0.04,18,0.030335237394138875,15.74436515020625,3.9679169787441686,0.013920232863082378,0.05856962459310418,True
0.04,19,0.05371823072555386,42.39500139726442,6.511144399970287,0.03200066487596026,0.09551242290842064,True
0.04,36,0.025552773923866068,11.361513808891686,3.370684471867945,0.009833271048465986,0.051119707117567935,True
0.04,37,0.03945392813187173,25.19220429015536,5.019183627857758,0.021178747518286783,0.07273440895749522,True
0.04,38,0.04655807725243299,38.0436802904469,6.167955924813901,0.027407823863618806,0.08311750683572239,True
0.04,39,0.032290131531865975,16.752388554217532,4.092968183875552,0.015159884128720404,0.061956481480383796,True
0.04,28,0.04293807926286436,28.812846058503965,5.367759873401936,0.02381223779794628,0.07833145621601525,True
0.04,29,0.03173777552905342,16.563932357753174,4.069881123295025,0.014869887179936907,0.061094741057409904,True
0.04,30,0.05146582019029194,41.791004269071436,6.464596218563959,0.03066438118827965,0.09152940994290099,True
0.04,31,0.03012033273333507,15.815026839432221,3.9768111395227486,0.013842760768947974,0.058031752932203404,True
0.04,24,0.057232590258240706,46.83951553746397,6.84394005945873,0.03466206494088457,0.10127047884182218,True
0.04,25,0.05372179772480373,44.7797929508763,6.6917705393174005,0.03237834690568915,0.09516365649660871,True
0.04,26,0.03187580130389,17.03526984443147,4.127380506378285,0.015131644322419084,0.061167480213229375,True
0.04,27,0.038581966116055647,23.459600459930016,4.8435111706209595,0.020298922117515033,0.07157457012513631,True
0.04,48,0.039116316595141934,24.642441122116452,4.964115341338923,0.020886084858768587,0.07222641098198795,True
0.04,49,0.03521543749326818,19.849877118149834,4.455320091547838,0.017611659032110684,0.06636047329353219,True
0.04,50,0.029919642181622807,14.874644797971314,3.8567661062049527,0.013356625561248024,0.05809920649170884,True
0.04,51,0.044454496382372484,31.7496711047786,5.634684649985179,0.025190245668093962,0.08050088536267208,True
0.04,32,0.048313423077059624,36.720627545612615,6.059754743024887,0.028132175802538958,0.08666733521313896,True
0.04,33,0.045620405309258684,33.90716556350549,5.822985966281001,0.026158954536007476,0.0820848679794639,True
0.04,34,0.0332066071756881,18.39228046104745,4.288622210109844,0.016202611741082635,0.06306214230911245,True
0.04,35,0.05239416247219184,40.43013085557436,6.35846922266471,0.031014834960998494,0.09345665823805163,True
0.04,44,0.03770022530289191,21.943039491542322,4.684339813841682,0.01946483171238577,0.07045392966764522,True
0.04,45,0.038579450746119244,23.305302940201045,4.8275566221641615,0.020263393754544303,0.07167978539341358,True
0.04,46,0.04791294409582457,35.28279148398519,5.939931942706515,0.02768957538258816,0.08621627923752731,True
0.04,47,0.05266377494300612,41.929294975403764,6.475283389582557,0.03133723070247005,0.09376437602703408,True
0.04,40,0.04892677144589149,38.39918960649038,6.196707965241736,0.02877666049276989,0.08742351734860504,True
0.04,41,0.04448156162010548,30.075655299625623,5.48412757871529,0.024891001045678096,0.08079183381251426,True
0.04,42,0.04186581976008084,28.50369513935084,5.33888519630745,0.02319523524861061,0.07635880836646833,True
0.04,43,0.04720071800347491,34.95034897332425,5.91188201618776,0.027261031172926976,0.08491885894807215,True
0.04,56,0.03646804020813941,20.88724244017567,4.570256277297332,0.01853352499818624,0.06843062341030957,True
0.04,57,0.030724050462274992,16.57114582024883,4.070767227470619,0.01439850113720106,0.058889467006457086,True
0.04,58,0.03455457999855588,20.05822411700865,4.47864087832555,0.017366009081198303,0.06496785799572903,True
0.04,59,0.04645740870851977,33.431349870568965,5.781984942091165,0.0265883263418692,0.083865390614694,True
0.04,68,0.03542421566059002,19.60876141491167,4.428178114632661,0.017624081814197754,0.06687636016508469,True
0.04,69,0.038191794115734964,24.521506815359544,4.951919508166458,0.020383010508364843,0.0705034284886158,True
0.04,70,0.043692940117857196,30.925853826464845,5.561101853631603,0.024658316935542858,0.0792856133470522,True
0.04,71,0.0358597616776576,21.877890522456028,4.677380733108651,0.018523866410487973,0.066870023935369,True
0.04,52,0.03815239607140425,23.216927744971372,4.818394726978205,0.02005159148070962,0.07082966137314711,True
0.04,53,0.044811058337507745,32.23248076464938,5.677365653597572,0.02547204355739673,0.08105619567503773,True
0.04,54,0.037767970813463975,23.29724210356426,4.826721672477527,0.019850034536064227,0.07009010162618357,True
0.04,55,0.036895796169707215,22.308533889615546,4.723191070623287,0.01915397502133958,0.06872706874661397,True
0.04,60,0.056570774514658875,48.22024600409941,6.944079924950419,0.03440939811281585,0.09990577658228753,True
0.04,61,0.04773025212949685,35.58562718390931,5.965368989753216,0.027663591717844493,0.08572423921380724,True
0.04,62,0.021041941130756643,8.03330561045368,2.8343086653456924,0.006093386813614423,0.04443050232587459,True
0.04,63,0.0509218731250397,39.91726486129414,6.318011147607619,0.030105889742073372,0.09085307099404427,True
0.04,64,0.03493827014156588,19.784778355728577,4.4480083583249455,0.017461624898575993,0.06583457110419283,True
0.04,65,0.03997688678976452,26.377656755195403,5.135918297169008,0.021716970252132112,0.07342125298342111,True
0.04,66,0.03259251351337638,17.73426841127457,4.2112074766359555,0.01567245321471713,0.06207070662755877,True
0.04,67,0.03625739440466655,22.475941113312047,4.740879782626011,0.018855408926060902,0.06733210322810095,True
0.04,80,0.027213097633464082,13.006262954580507,3.606419686417612,0.011375899679174836,0.05372153931677297,True
0.04,81,0.04377146405293219,30.134854760954568,5.489522270740375,0.02450170986349451,0.07962423608327326,True
0.04,82,0.046026436859055005,31.941129305108234,5.651648370617924,0.026060603716037776,0.08341440099017713,True
0.04,83,0.04649013313252822,33.426227129598374,5.781541933567409,0.026594732911290137,0.08395034953796626,True
0.04,76,0.025359172843762857,11.166624057110994,3.3416499004400495,0.009679509618814183,0.05102041500124925,True
0.04,77,0.03311769362350349,17.48281537717571,4.1812456729036755,0.01579467069196248,0.06328388596969546,True
0.04,78,0.03947389378587506,25.426138396693432,5.042433777125232,0.021246875957134346,0.07270501372329943,True
0.04,79,0.04355839233203782,28.960598416857465,5.38150521851066,0.02417242218589696,0.0793278041705246,True
0.04,72,0.03292700765536869,17.020905666913677,4.125640031184698,0.01555944706688668,0.06308444478369062,True
0.04,73,0.027128503906457765,12.754913393901688,3.5714021607628688,0.011230094427424266,0.053635002891872896,True
0.04,74,0.04260958079959443,29.564789294684033,5.437351312420785,0.023779837436017883,0.07755245329932131,True
0.04,75,0.04643396779170968,34.34856941675184,5.860765258628931,0.02671825936074082,0.08363895563109078,True
0.04,84,0.036894276898538185,21.196827959855227,4.604001298854642,0.01884668671202096,0.06914482048192121,True
0.04,85,0.04062546092050022,28.014122862031854,5.292836938923384,0.02242245440021858,0.07419930936621799,True
0.04,86,0.04519444074555886,31.577742803878436,5.619407691552414,0.025546691800017996,0.08195016157338494,True
0.04,87,0.04281423328443313,29.03800092509846,5.388691949360109,0.02378368927599246,0.07804858807838387,True
0.04,88,0.03773209296468104,22.75843772962412,4.770580439487853,0.019689042376800418,0.0701950386763916,True
0.04,89,0.03382533087177341,18.25450547200876,4.272529165729447,0.01641144227402023,0.06430654960629453,True
0.04,90,0.039206178839798565,24.73190211118572,4.973117946639283,0.020935235314967753,0.07240884890150726,True
0.04,91,0.040901424268646534,27.511141507562797,5.245106434340756,0.022433562010502072,0.07471883099439573,True
0.04,92,0.05479288388389083,41.64584686054218,6.453359346924839,0.032509100181369266,0.09771689954905614,True
0.04,93,0.043297470550520925,30.0000853553654,5.477233366889291,0.024246730735825395,0.07870893091701346,True
0.04,94,0.03887569814953708,24.270530973749146,4.9265130644045945,0.02065079128707057,0.07190764720049957,True
0.04,95,0.036092617996578126,22.07581264497776,4.698490464497907,0.0186834748407318,0.06729781619403484,True
0.04,96,0.04279477249317561,29.476986099330816,5.429271230960083,0.02385687057626441,0.07793462169353331,True
0.04,97,0.04640442102298799,34.53522310226617,5.876667686900985,0.02675073273227637,0.08352428154178554,True
0.04,98,0.027922973927875832,14.111574305914246,3.7565375421941742,0.012193727783149321,0.05447787703273768,True
0.04,99,0.04351499728261151,28.22158952689574,5.312399601582673,0.024002846797981203,0.07954857996977227,True
0.04,108,0.05157972776905306,38.99063741086479,6.244248346347605,0.03036271150658205,0.09219030880849066,True
0.04,109,0.053194094388358294,43.482646800739985,6.594137305268975,0.03187952960645025,0.09443407857879099,True
0.04,110,0.03552705234559325,21.066730521903764,4.58985081695514,0.018099049728201144,0.06646812486790776,True
0.04,111,0.03438047463993207,18.686527811012866,4.322791668703555,0.016809904493388105,0.06524592682422717,True
0.04,104,0.04525062337454765,31.55265578071385,5.617175071218081,0.02559126410126938,0.08201468938376014,True
0.04,105,0.028924499016663163,14.044439963060313,3.747591221446159,0.012563109807890535,0.05656626143471639,True
0.04,106,0.0391983740717474,24.723703222213317,4.972293557525875,0.020953584743976385,0.07238573880309782,True
0.04,107,0.042928692184640856,31.448139233451684,5.607864052689909,0.02433455183168475,0.07767877374208176,True
0.04,100,0.02618259669694406,12.80354111517704,3.5782036156676496,0.01087518656867207,0.051650163003558416,True
0.04,101,0.0440383747908398,30.927646117452696,5.561262996609016,0.024800624786060023,0.07992782182118457,True
0.04,102,0.034778737090220044,20.323379705420848,4.508145927698087,0.017547242813028652,0.06533743421512787,True
0.04,103,0.029817001817549656,16.18813094686675,4.023447644355119,0.013847676429213796,0.05725018884371996,True
0.04,116,0.043919054310921204,31.720388390078824,5.632085616366181,0.024901795213841598,0.07948487083182995,True
0.04,117,0.04888085577405878,35.29409619464627,5.940883452370217,0.028226147597442654,0.08799256355167713,True
0.04,118,0.05333809131568678,41.40613576632927,6.434759961826803,0.03167136021577406,0.09504677367514797,True
0.04,119,0.04832971754908151,38.197348428341,6.180400345312672,0.028398930983849886,0.08638574208085953,True
0.04,112,0.043815012570999255,29.315690025165168,5.414396552263712,0.024360346766255966,0.07988671295483943,True
0.04,113,0.05027856543512141,39.13661383203248,6.255926296883019,0.02962291418871524,0.0898253391329352,True
0.04,114,0.0508060489109294,37.659811294542806,6.136759022036209,0.02969571257150968,0.09105087482571837,True
0.04,115,0.054358906581788845,42.95143435841351,6.553734382656464,0.03248180169870503,0.09662359818415822,True
0.04,120,0.03416839242456494,19.39059339569735,4.40347514988984,0.016961778200072948,0.0644984272361443,True
0.04,121,0.04705362815772131,34.94936214112977,5.911798553835353,0.027155707767283183,0.08467701823298701,True
0.04,122,0.03610883459331096,21.618933994417148,4.649616542728782,0.018582191158277635,0.06750032671891565,True
0.04,123,0.04283356719706329,27.85184972257457,5.277485170284666,0.023527094379043177,0.07840007560695497,True
0.04,124,0.028134103114150055,13.57361282606712,3.6842384323041744,0.01203302768621315,0.05519334796600703,True
0.04,125,0.05040940348210848,36.92183892982666,6.076334333282416,0.029343585699981675,0.09049207328317897,True
0.04,126,0.04236082201117157,26.557388450567487,5.153386115028399,0.022984053511570412,0.07787450517008956,True
0.04,127,0.04985541247174233,38.87867211159073,6.235276426237311,0.029337899618421023,0.08907913678290434,True
0.04,132,0.0350452116997478,21.041941487802205,4.587149603817409,0.0178736144283323,0.06553296677581336,True
0.04,133,0.046620666738357366,31.83888503019739,5.642595593359264,0.02635908201847356,0.08461146134899528,True
0.04,134,0.045114490413074526,30.85387296959857,5.554626267319753,0.025401195537991045,0.08200256145885278,True
0.04,135,0.045819134079032535,30.648776281808296,5.536133694358211,0.025708938019800186,0.0834285452748392,True
0.04,128,0.04796726841641109,34.873237146627844,5.905356648554585,0.02764893700475577,0.0863995729189394,True
0.04,129,0.054215136983228975,43.69872568583742,6.610501167524094,0.03247511382140618,0.09630221933892708,True
0.04,130,0.037441054179807184,22.781258931773436,4.7729717086709655,0.019545448420633445,0.06963749075863385,True
0.04,131,0.04946356197147427,38.96485226216373,6.242183292900308,0.02912516008125318,0.08833883189621128,True
0.04,140,0.04431993595609931,31.62745051415277,5.623828812664266,0.02508883642942684,0.08027875745255922,True
0.04,141,0.045821232022504335,34.281117986089384,5.855007940736663,0.026390699990788035,0.08248143128097654,True
0.04,142,0.02644381377158769,12.195500828657487,3.49220572542018,0.010655392555253215,0.05259558673454971,True
0.04,143,0.043458872311295464,30.50405837729909,5.523047924588297,0.024395304710181486,0.07897798319103658,True
0.04,136,0.03830456523093101,23.391616326969825,4.836488015799256,0.020158753868257866,0.07109791525315606,True
0.04,137,0.028519672664933035,13.834607775332643,3.71949025745903,0.012285829479530153,0.05587969135503128,True
0.04,138,0.049630818945748285,38.224867137128285,6.1826262330120105,0.029121268186930723,0.08879886426208489,True
0.04,139,0.0508055276385316,37.687257790687454,6.138994851821221,0.02966977348783899,0.09110203876732995,True
0.04,148,0.04551612216804912,34.509312017303046,5.8744627003074115,0.026248482483155228,0.08192079083786577,True
0.04,149,0.03857169055823997,24.626222711445507,4.962481507415973,0.020595066986980923,0.0712124447266526,True
0.04,150,0.024896000772101957,11.303967061053527,3.3621372757597996,0.009584613248378915,0.0499729611187673,True
0.04,151,0.03442543182371822,20.37702048317169,4.5140913241949026,0.017387142839048575,0.06460444105228264,True
0.04,160,0.03278274839695406,17.992218787195952,4.241723563269529,0.015842924898232365,0.06235466558673456,True
0.04,161,0.039803083292506015,26.139451298174663,5.112675551819679,0.021549934379377647,0.07308983482121068,True
0.04,162,0.05703839691342403,47.04404200963836,6.85886594194976,0.03452291185706086,0.10096331534847769,True
0.04,163,0.036161877829624385,21.845616444518555,4.67392944368211,0.018670614919735668,0.06750480298927325,True
0.04,144,0.03043972469729368,15.338398142019741,3.916426705814848,0.013784122036279135,0.0589121299167471,True
0.04,145,0.03741923554875987,22.856185705390317,4.780814334963273,0.01956314577444244,0.0695520139657003,True
0.04,146,0.04599481068760601,32.128974155702736,5.6682425985222915,0.026099603704616593,0.08327776444669457,True
0.04,147,0.03733665385021031,23.055793299314928,4.8016448535178995,0.0195675264924898,0.06934403838301227,True
0.04,156,0.04058265573263781,27.727889772241497,5.2657278482885435,0.02235170614738246,0.07415197685410677,True
0.04,157,0.030909522071059115,17.05597378815696,4.12988786629334,0.014665423615054358,0.05902543719596001,True
0.04,158,0.03186023599088177,16.86471615352002,4.106667280596277,0.015009522075713818,0.06094845481558572,True
0.04,159,0.032599030283548304,18.11219574220354,4.255842541989018,0.015799850868763794,0.06191989206347967,True
0.04,164,0.04213660923186723,29.871906770838905,5.465519807926681,0.02359041282041116,0.07661095934234766,True
0.04,165,0.03454012344883803,20.10433374099648,4.483785648422154,0.01736867213615801,0.06494260097340489,True
0.04,166,0.04746721496276821,32.05276712656996,5.661516327501843,0.026852591075822094,0.08599121020588325,True
0.04,167,0.02108350334423924,7.907857214112255,2.8120912528067534,0.006004953604031476,0.044620613835352124,True
0.04,152,0.04217489059803878,30.36025313274922,5.510013895876236,0.0237214265236064,0.07652116323035248,True
0.04,153,0.04013179639253052,25.37896841979068,5.037754303237771,0.021554132794443653,0.0740097817483149,True
0.04,154,0.03828781223693611,23.50979579708587,4.84869011147195,0.020157480269122542,0.07104076375088775,True
0.04,155,0.04567457277692274,29.03878195235461,5.3887644179676855,0.02526096513546326,0.08338830170151698,True
0.04,172,0.03887552808987949,24.740542573808398,4.973986587618467,0.020780440729776747,0.07174845309889172,True
0.04,173,0.03662691241944457,22.396525376356067,4.732496738124187,0.01903493837252214,0.06822850509696748,True
0.04,174,0.04530630461945205,32.42119756363218,5.693961500013166,0.025803898576310578,0.08191820492737015,True
0.04,175,0.040715131275333466,27.110408171246945,5.206765615163309,0.022265626315338564,0.07461391413287519,True
0.04,168,0.021153652062853173,7.909571018376482,2.812395956898047,0.006030760577985159,0.04477741136806272,True
0.04,169,0.032399681528089565,17.97299644898726,4.2394570936603735,0.015662267688288326,0.061594775875260147,True
0.04,170,0.051249811452683564,40.94921956166422,6.399157722830734,0.030443424558795694,0.09127247270884964,True
0.04,171,0.03271464288390062,18.065159190063014,4.250312834376196,0.015834381353472673,0.062190233762860016,True
0.04,176,0.046988336723649944,33.70335627921304,5.805459179015303,0.026921559207349417,0.0847879614637452,True
0.04,177,0.038207243191555364,22.446440860479015,4.737767497511778,0.019858993695979463,0.07125311684006924,True
0.04,178,0.03790097794857473,21.932028726410635,4.683164392417869,0.019547526894349004,0.07084649482822611,True
0.04,179,0.03297668620213547,18.758891016177586,4.331153543362044,0.016204537177273663,0.062389826738131704,True
0.04,180,0.03382583171972709,17.775040986575277,4.216045657553447,0.01625268637954814,0.06454792566926859,True
0.04,181,0.06595110601485285,61.195368733327996,7.822746879027084,0.04125976107556656,0.11527020539552764,False
0.04,182,0.04862756327087601,36.730754709555185,6.060590293820824,0.028345509290126587,0.08719781651759254,True
0.04,183,0.045250595273977894,32.85465108086805,5.731897685833903,0.025847465140623156,0.0817017711883999,True
0.04,184,0.029160279460637213,15.029937824318267,3.876846376156562,0.013099294423676619,0.05650972123150241,True
0.04,185,0.0312826937136551,16.800832979762617,4.09888191825071,0.014734082812951792,0.05989707423002924,True
0.04,186,0.02686907841661506,12.378954066548431,3.518373781528681,0.010913263791384492,0.053325984387712175,True
0.04,187,0.04836057433889682,33.948934206149715,5.826571393722874,0.027710036894078142,0.08731589454032872,True
0.04,188,0.03682857734655759,21.754829187412497,4.664207241044559,0.01895738495309001,0.06880655646854207,True
0.04,189,0.025051338950791615,10.57677082305463,3.252194770159781,0.00920883656154264,0.05081307925870426,True
0.04,190,0.04301567974835257,28.924292133169047,5.378130914469176,0.02388365081423042,0.07844148384011598,True
0.04,191,0.04429957385413903,29.945803564371317,5.472275903531484,0.02474728759824561,0.08051458840903541,True
0.04,192,0.042528523714961124,26.827364978570586,5.179513971268983,0.02312136781089679,0.07805420815566186,True
0.04,193,0.037813751110914874,23.441828230753117,4.841676179873363,0.019929622098202596,0.07012537103480343,True
0.04,194,0.03601765204361854,20.7060986955546,4.5503954438657965,0.0182564146510258,0.06762454470016069,True
0.04,195,0.045207423500487565,30.533870090238906,5.525746111634057,0.025384967169105228,0.08226532316727517,True
0.05,0,0.055568006109754715,48.55665904897842,6.968260833879456,0.03386755211842385,0.09797047269449838,True
0.05,1,0.0484210750105608,33.26236476711506,5.767353358960682,0.02763413689499971,0.08753704772435175,True
0.05,2,0.04779820084862025,33.430816420074734,5.781938811512513,0.027321817358800484,0.08627836137780492,True
0.05,3,0.04960516333148409,36.73122749221352,6.060629298366096,0.028890330283566055,0.08899428179656116,True
0.05,8,0.07068830878581409,60.27567031491253,7.763740742381377,0.04391630147247229,0.12365377379295399,True
0.05,9,0.06839277957860145,63.039492970347965,7.939741366716422,0.042908274179456155,0.11927634885155342,True
0.05,10,0.04218962564494193,27.131349237690756,5.208776174658569,0.02306774249285094,0.07733451148941334,True
0.05,11,0.0610173750438831,48.59291409388652,6.970861789899906,0.03698131548893399,0.10782438364623106,True
0.05,4,0.053018459725594345,41.45310022177796,6.438408205587617,0.0315021594223755,0.09444374829328175,True
0.05,5,0.0423828664870073,27.868736345213392,5.2790848018585,0.023303469215507865,0.07756281456212183,True
0.05,6,0.06117280657075426,51.32056088008426,7.163837022160977,0.03741780031927075,0.10785132922677873,True
0.05,7,0.05123835711731212,37.713088715778895,6.141098331388196,0.029920734831706947,0.09187844749583852,True
0.04,196,0.024869156969971887,11.768778482043217,3.430565329802541,0.009838449657338785,0.04957598678876616,True
0.04,197,0.031202919975994833,17.069537164255735,4.1315296397648815,0.014799212917990981,0.059610836565770514,True
0.04,198,0.03600049414431104,20.122358383564233,4.485795178512304,0.018054349615583127,0.06783750973271979,True
0.04,199,0.051263064725899754,39.664138454393424,6.297947161924545,0.030278363578739996,0.09147804373083451,True
0.05,12,0.0467222687944436,34.86298813944836,5.90448881271261,0.026970339045101405,0.08397109641634577,True
0.05,13,0.05069567283709411,37.62724679981693,6.134105215906956,0.029633031736918263,0.09084864962256407,True
0.05,14,0.04111735982230594,25.71192937989258,5.070693185343852,0.022166402403303014,0.07568756813948012,True
0.05,15,0.05737612424141312,47.905495709027036,6.921379610238629,0.03486192686083278,0.10138229194733527,True
0.05,20,0.05134169707262554,40.79400104408228,6.387018165316447,0.030477312637824196,0.09146187981508003,True
0.05,21,0.052538597149380424,41.30958705827243,6.427253461492897,0.03119366978813775,0.09362195117306449,True
0.05,22,0.04668558844336059,32.12739387184479,5.668103198764538,0.026425043129319255,0.08466555109539198,True
0.05,23,0.04954442522100173,39.15958136852373,6.257761689975396,0.029218527705751455,0.08843486334743744,True
0.05,16,0.03885602696550189,23.74618188534032,4.873005426360648,0.020506642786765852,0.0720494062529146,True
0.05,17,0.05528437095001514,43.05135611222431,6.561353222638171,0.033021343565921055,0.09826493499580466,True
0.05,18,0.03603501880225484,21.79923150677132,4.66896471466334,0.01858186780702857,0.06725013572783169,True
0.05,19,0.04235543620869048,27.800690742388497,5.272636033559352,0.023267794459882914,0.07735933396157996,True
0.05,24,0.06745427801990642,58.64967626416956,7.658307663196195,0.041908054258149516,0.11820937044255864,True
0.05,25,0.07106503478028112,68.6846576494188,8.287620747199934,0.044989313390449565,0.12362158407710189,True
0.05,26,0.051383916567748544,39.10135717919479,6.25310780166109,0.030247862540075245,0.09181990714197195,True
0.05,27,0.06492523152007353,56.145525311031406,7.493031783666169,0.040164215354006126,0.11394871513901068,True
0.05,28,0.034952975275222016,20.008337582451077,4.473068027925696,0.01753379692649886,0.06579769927273353,True
0.05,29,0.03247745337531938,18.306352494459134,4.278592349647152,0.015818229663120235,0.06159683434905304,True
0.05,30,0.05004516660736852,35.7920737145605,5.982647717738401,0.028988495975283017,0.08998118754003825,True
0.05,31,0.04699737677273527,31.837812225566495,5.642500529514064,0.026546116349270833,0.08525718200151691,True
0.05,32,0.04369419917678747,28.179326478123357,5.308420337362459,0.02405565886688552,0.079863554763307,True
0.05,33,0.06116413127025287,51.32614942806845,7.164227064245552,0.03746574123339785,0.10777304730188965,True
0.05,34,0.05406702255327969,41.36973604668083,6.4319309734076615,0.032079648497499114,0.09639056673530927,True
0.05,35,0.07695620997017695,71.60568708957635,8.462014363588397,0.04880916574881282,0.13378217996742645,True
0.05,40,0.060512054096492456,53.927777655629825,7.3435534760516195,0.03736052027447154,0.10627107456463453,True
0.05,41,0.05218502396400936,39.571949453239085,6.290623931951352,0.030764404286498296,0.09322998979062658,True
0.05,42,0.04858028928238957,37.249191779587136,6.10321159551159,0.02838418685545694,0.087019677040992,True
0.05,43,0.035010504858726935,19.44233679454169,4.409346526929097,0.017373771033460484,0.06612041642686353,True
0.05,36,0.05331929208652777,44.05872374591377,6.637674573667631,0.03204856895954897,0.09454859834798258,True
0.05,37,0.04962919908232499,36.244907211354075,6.020374341463667,0.02880034686703471,0.08915416659949424,True
0.05,38,0.052515073382934666,40.35880904270289,6.352858336426438,0.031073344324119172,0.09369257508134075,True
0.05,39,0.03693659188802189,23.851627561650503,4.883812809849545,0.01957169253180162,0.06833701562598071,True
0.05,44,0.05481373289803258,44.88827441093008,6.6998712234587074,0.03298885454393541,0.09718936149931016,True
0.05,45,0.03622551316259246,20.426581935410468,4.519577627988092,0.018286369414428273,0.06814275067038128,True
0.05,46,0.0521919017126157,41.0700078907455,6.4085886036432,0.030961164680404253,0.0928956418865674,True
0.05,47,0.04557532423848055,31.080621798047105,5.574999712829329,0.0256609955067217,0.08276091617440766,True
0.05,48,0.05311491845106168,44.15557088643686,6.644965830343815,0.03190624869501636,0.09418584081399098,True
0.05,49,0.051304718767188624,39.06706493786169,6.250365184360166,0.030189655963240872,0.09170519435654831,True
0.05,50,0.06664782108167197,57.371157269465584,7.574375041511054,0.04127120306410158,0.11698474818758295,True
0.05,51,0.05649737064663269,46.284228322560466,6.803251305262835,0.03412096461456296,0.10006699556401322,True
0.05,52,0.05679772300370544,46.59010596327562,6.825694540724454,0.0343508189050547,0.10056377722656891,True
0.05,53,0.05454066586129636,41.46168415808779,6.439074790533792,0.03231719097101398,0.0971077275331567,True
0.05,54,0.04642570068622313,34.00717446035242,5.831567067294383,0.02667617070162964,0.08367167615357704,True
0.05,55,0.041736960637426046,26.868544681556386,5.183487694743413,0.022740714974238997,0.07661506173443924,True
0.05,60,0.056037416404195003,42.23759040342725,6.49904534554324,0.033329826666940766,0.09984171291837657,True
0.05,61,0.05782000086932343,51.36755207895021,7.167116022428423,0.03549696677277195,0.10170263478925647,True
0.05,62,0.057430558452813286,46.27950785849134,6.802904369347797,0.03469313400212494,0.10172743676616247,True
0.05,63,0.0364713446133585,20.47495559415438,4.524926031898685,0.018417267777200246,0.068623499770136,True
0.05,56,0.0685545064137044,60.73606016720828,7.793334342064909,0.04277693728665949,0.11991764013478973,True
0.05,57,0.043423470671582406,28.086145296198083,5.299636336221391,0.023898095785367387,0.07936586018393424,True
0.05,58,0.03622272581360363,21.677575355958425,4.655918315000643,0.01864948286008166,0.06763196936260467,True
0.05,59,0.0373645700464009,22.64463860182741,4.758638313827539,0.01947716119974223,0.06952113977566589,True
0.05,64,0.06385153124400876,56.99807847189663,7.549707177890851,0.0396505906561961,0.11196683967254215,True
0.05,65,0.039763003156466664,25.046097274112753,5.004607604409436,0.02129616217165439,0.07342512897295207,True
0.05,66,0.07499324428343583,75.12770116574347,8.667623732358452,0.047874221963490324,0.12990664482781755,True
0.05,67,0.044065218256829686,30.226804390941197,5.497890903877704,0.02470132036720737,0.08009914484507434,True
0.05,68,0.05844436293866125,47.12994732960351,6.865125441650976,0.03536328802082021,0.10350321273317563,True
0.05,69,0.03769104592176161,21.601960093748175,4.647790883177532,0.019352037012593717,0.07054522324413023,True
0.05,70,0.04183936318497114,26.374087925180902,5.135570847060811,0.02268997577801522,0.0768511765829493,True
0.05,71,0.04181531073124778,26.450759694896533,5.143030205520529,0.02268970116085409,0.07686047977342828,True
0.05,72,0.042362236845523614,27.541360294289916,5.247986308508238,0.023229785611087614,0.07759575749884856,True
0.05,73,0.03461406235719043,19.389069540927494,4.403302117834693,0.017173220551307405,0.06535802739127979,True
0.05,74,0.057264972640127386,45.837709510710965,6.770355198267737,0.034521971602044066,0.10153443650404556,True
0.05,75,0.060501977679862894,51.202069881425814,7.155562163899201,0.037035229951814824,0.10659813738937295,True
0.05,76,0.03863905579387893,24.46017566028786,4.945722966391047,0.02060206739466565,0.0714293519823927,True
0.05,77,0.06305088274744992,54.212322444123174,7.362901767925685,0.038850800926804666,0.11076831059609532,True
0.05,78,0.04941038629032963,36.579542812447926,6.04810241418314,0.02875669612089406,0.08866578616930099,True
0.05,79,0.043464006883889086,28.68429041739296,5.355771692052692,0.024046180095800892,0.07940110143548597,True
0.05,80,0.050266958704088226,37.68558864234842,6.1388589039290045,0.029391910382486838,0.09006141808859827,True
0.05,81,0.059649733852987566,48.95652656124025,6.996894065314999,0.03628629182914167,0.10540779155456045,True
0.05,82,0.04885723689585414,32.6042717840819,5.710015042369144,0.027729937755103424,0.08843229141854192,True
0.05,83,0.05541071671013713,42.599344116056955,6.526817303713729,0.033001148067599184,0.09867893145571602,True
0.05,84,0.06188046183657178,52.77626359947703,7.264727358922497,0.037998311210748356,0.10893754945874569,True
0.05,85,0.04407590987068043,30.476273673416244,5.520532009998334,0.02474480115294501,0.0800805956011279,True
0.05,86,0.05253361328180338,39.10614811396886,6.253490874221282,0.03090396344040391,0.09398253545976673,True
0.05,87,0.048157942961484755,35.03349576006849,5.91891001452704,0.027807410835648624,0.08665232739789919,True
0.05,88,0.049102390004924126,36.81590865519138,6.067611445634219,0.02860317920519944,0.08809894686637457,True
0.05,89,0.0635218847350539,54.509782610625734,7.383074062382534,0.03914881318440437,0.11164338027444583,True
0.05,90,0.06970235790505874,66.74422323611134,8.169713779326136,0.044019601779296466,0.12133463096824768,True
0.05,91,0.06121131073699999,52.45536507210227,7.242607615500254,0.037588635054667224,0.10774048028498191,True
0.05,92,0.055457198199630395,44.30013886219808,6.65583494853937,0.03327508105740938,0.09844374330173508,True
0.05,93,0.05537280234762741,43.063142686211904,6.562251342810019,0.03302384766384067,0.09834506958342629,True
0.05,94,0.03714622980058001,21.44710080659138,4.631101467965411,0.019031405403531175,0.06955378114226943,True
0.05,95,0.044661621035635715,31.763222398355992,5.635887010786855,0.025331570734083264,0.08082929006845582,True
0.05,104,0.0564125777576818,43.9312730427323,6.628067066855336,0.03376515745541399,0.1002656237708367,True
0.05,105,0.05058367819539127,38.64826671927244,6.216773014938895,0.029695490683967117,0.09040526730848567,True
0.05,106,0.03901144937589738,23.720187607898197,4.870337525048772,0.020605312007390266,0.07234214620032689,True
0.05,107,0.04720183659641643,33.70926470996665,5.805968025227718,0.027046962186693155,0.08516803070729556,True
0.05,100,0.07636346859470922,72.63141731100609,8.522406779249984,0.048501381218573864,0.1326716389815376,True
0.05,101,0.044701178928247876,29.42433315580206,5.424420075529001,0.02487211039383667,0.08150676235081991,True
0.05,102,0.05585739200520573,43.461775127584815,6.5925545221548845,0.033372679341418396,0.09934339209288934,True
0.05,103,0.04583037061079961,31.33037392281358,5.597354189508966,0.025830716020548688,0.08299559206971074,True
0.05,108,0.04217062514929915,26.016775629979975,5.100664234193423,0.02275756020878925,0.07765416339574789,True
0.05,109,0.04371542563409036,29.072587038346228,5.3919001324529585,0.024251087876174783,0.0797708471202663,True
0.05,110,0.04290996383094548,26.315420927012156,5.129855838813811,0.02323604769403987,0.07907747943160842,True
0.05,111,0.035466544952922736,19.474246869269336,4.412963501919015,0.017622730540980992,0.06700882669842206,True
0.05,96,0.05160315369179583,40.168061286193506,6.3378278050285894,0.030517662260817313,0.09207378204183161,True
0.05,97,0.04807309720377178,35.37609285948133,5.947780498596206,0.027813307263066224,0.0864338964573993,True
0.05,98,0.05875665591486897,47.40388583315962,6.885047990621389,0.035577226852735046,0.10396753833379951,True
0.05,99,0.08618862613645795,89.70267262764105,9.471149488189965,0.055783000972987634,0.14853418873275243,False
0.05,112,0.04896880720491796,35.13127154270387,5.927163870073433,0.028236284835257062,0.08821304084367163,True
0.05,113,0.08241290599730475,79.42977053387813,8.912338107022093,0.05267810028672663,0.14285467070419258,False
0.05,114,0.051602330224494224,42.91948403859283,6.551296363208798,0.030883295652675842,0.09157994500862499,True
0.05,115,0.056605359673915515,46.23517570373019,6.799645263080287,0.034159493211315305,0.10003163857782696,True
0.05,120,0.06951694670463929,63.08515668294058,7.942616488471578,0.043599639614239,0.12133247799300473,True
0.05,121,0.0485935226604319,38.51368508904079,6.205939500916907,0.02858924654020109,0.08682494503698299,True
0.05,122,0.04630691702174846,31.446793225260535,5.6077440406335,0.026115113963654377,0.08396150550474198,True
0.05,123,0.03954697075977932,24.639570202719142,4.963826165642703,0.02110573113937829,0.07312683277199009,True
0.05,116,0.05105995384852844,38.60369216646154,6.2131869573079435,0.029969830902864775,0.09137847861631725,True
0.05,117,0.050681379946777294,36.75214664078271,6.062354875853336,0.029490658994939148,0.0910070526808591,True
0.05,118,0.04631233727871234,31.560221267428233,5.617848455363337,0.026107127280856252,0.08378976281868053,True
0.05,119,0.054186240741010715,42.09409663956649,6.487996350150522,0.032256871911877386,0.09647186265716529,True
0.05,124,0.048738727368357465,33.81001534601478,5.8146380236447035,0.02786101860701802,0.08798079643904425,True
0.05,125,0.05426150012257429,44.198714760576195,6.648211395599285,0.0325896127091643,0.0962806423892651,True
0.05,126,0.06126105758467411,52.11002067331356,7.218727081232089,0.03757292374417,0.1078882759716126,True
0.05,127,0.061180173411346024,53.920121616648885,7.343032181370914,0.03773058237592214,0.10752343441439782,True
0.05,128,0.051187775520325995,39.4506825151891,6.28097783113339,0.03017832101579054,0.09142499230090798,True
0.05,129,0.08592177697262794,90.09397490294259,9.491784600534432,0.05568114331649069,0.14803944543342032,False
0.05,130,0.04122928479481202,27.23070366228717,5.218304673194846,0.022549571685906544,0.0755771343648903,True
0.05,131,0.04863230087162624,38.247815587270225,6.1844818366028225,0.02857417559338008,0.08691186345181036,True
0.05,136,0.037099661323289734,22.251774911015673,4.717178702467787,0.019237234186994086,0.06914508009867973,True
0.05,137,0.041743755104713384,28.358523763408584,5.325272177401694,0.02308018812789303,0.07621164107794903,True
0.05,138,0.03683988191115985,21.931994550202717,4.683160743579353,0.019058008385755193,0.06873139636346497,True
0.05,139,0.051898456613755715,41.05296598924974,6.40725885143169,0.030808814138818745,0.09247072261070591,True
0.05,132,0.060304493569129446,51.40060888535004,7.1694217957482484,0.036952003322071866,0.10620453394042262,True
0.05,133,0.04367789976028601,31.01440715208264,5.569058012993098,0.024630964949130044,0.07921509524153422,True
0.05,134,0.048472698032061765,37.661818589664335,6.136922566699399,0.028394903911326628,0.08673391654522751,True
0.05,135,0.03554639571412573,21.746241170543954,4.663286520314182,0.01833212393099982,0.06630845673263505,True
0.05,140,0.04246618905217757,29.412890889870596,5.42336527350598,0.023668070142120492,0.07733263548130398,True
0.05,141,0.04328730577748445,29.931182938937127,5.470939858830211,0.024236841023346004,0.07871016852305435,True
0.05,142,0.03874543728914164,23.918583296187535,4.890662868792689,0.020492529777529467,0.07178699468458545,True
0.05,143,0.05161874233159495,39.24092189688304,6.264257489669708,0.030363604650455445,0.09224024458067015,True
0.05,152,0.05771801564549139,47.457728127466,6.888956969488632,0.03497185434029478,0.10214452877951109,True
0.05,153,0.05275507388747729,41.70501455419867,6.457941975134081,0.03140889386879611,0.09387737748468686,True
0.05,154,0.06634993126968364,60.75056718955739,7.794265019202092,0.0414918948305882,0.11600848104738248,True
0.05,155,0.04551946778056459,31.92728778765877,5.650423682137364,0.025811740842169063,0.08246342303775078,True
0.05,148,0.05237360851256023,39.176900427304645,6.259145343200192,0.03077465171813101,0.09372234854832062,True
0.05,149,0.05066975604504997,38.286961223051776,6.187645854689146,0.029728544318464348,0.09064023203909854,True
0.05,150,0.03602134257948552,20.756083003478807,4.555884437019754,0.018286740078275614,0.06758973921064979,True
0.05,151,0.051686116936141994,36.764258241457355,6.063353712382064,0.02999488166302515,0.09284256288789033,True
0.05,144,0.05325328760476282,42.572478689094396,6.524758898924496,0.031781100463309245,0.09471487622758837,True
0.05,145,0.046510505951925164,33.75357425529023,5.809782634082813,0.02668500818219536,0.08385787329285987,True
0.05,146,0.05361235719481632,41.97768500468237,6.479018830400354,0.03191767399447603,0.09543010285996262,True
0.05,147,0.061319871453763455,54.18628407174788,7.361133341527504,0.037887532834580184,0.10760808104677126,True
0.05,156,0.04284612792896444,30.144171418155565,5.490370790589244,0.024021153373267917,0.07785933259073352,True
0.05,157,0.04083592908258321,26.69224213931261,5.166453535967648,0.02224420584356723,0.07490091721111297,True
0.05,158,0.03864528736099037,23.199813974226572,4.816618520728683,0.02027964950122931,0.07182119325567149,True
0.05,159,0.05352276078475379,42.133893654580106,6.49106259826387,0.031864312597621625,0.09530392503038015,True
0.05,160,0.04075126005854484,25.516996208453293,5.051435064261768,0.021924613843394763,0.07517755160776896,True
0.05,161,0.046127252275254736,30.48276392874118,5.521119807497495,0.025849396089035595,0.08391842647562481,True
0.05,162,0.05215514668393568,37.97148866443399,6.162100994339024,0.030457754743931822,0.09356802163517544,True
0.05,163,0.03974861521277745,25.14419520754177,5.014398788243888,0.02134540931455944,0.07331116026509753,True
0.05,168,0.057547136002683505,46.633494931621044,6.8288721566318,0.03482601833059372,0.10180629968546687,True
0.05,169,0.04923647244156874,38.31027431151756,6.189529409536525,0.02890980183204029,0.08803963896439836,True
0.05,170,0.059492476657036934,49.14424637490674,7.010295740901859,0.036198247285172916,0.1050903265885264,True
0.05,171,0.05176682337675512,38.03270493204468,6.167066152721623,0.030271832380673436,0.0927981976504148,True
0.05,164,0.05141169091570883,38.65896288292811,6.217633221968638,0.030180406592757936,0.09202101764554424,True
0.05,165,0.05510685333109833,42.782335526492716,6.540820707410708,0.03292576758445177,0.09815893840333893,True
0.05,166,0.06170291527984573,51.12153787047919,7.149932717898762,0.03772983012159456,0.10877680253419056,True
0.05,167,0.05461640064017402,42.46968594544751,6.51687700861751,0.03253552626709036,0.09722664567776775,True
0.05,172,0.06505488830353864,55.367612269913025,7.440941625218748,0.040165728908935314,0.11427574467867549,True
0.05,173,0.06102308005913622,54.417332670825544,7.3768104673243124,0.03772310120396832,0.10707355680843217,True
0.05,174,0.05561101743375651,44.156891772265,6.64506521956444,0.03332867470846324,0.09883896786628735,True
0.05,175,0.040358804183916255,25.28670134099025,5.02858840441234,0.02167051927156945,0.07449947132662912,True
0.05,180,0.03925297803069154,23.7479829181284,4.873190219776815,0.02071886327319737,0.07283530354118996,True
0.05,181,0.0566653715231133,45.34288095530292,6.733712271496527,0.03412439288426413,0.1005025907929486,True
0.05,182,0.04067886837104209,23.784695487888257,4.876955555250453,0.02144906900981278,0.07554944958990842,True
0.05,183,0.04720698721981927,34.055588265042616,5.835716602529857,0.027104570115094387,0.08511506831164034,True
0.05,176,0.037433678747009605,22.428365746036434,4.735859557254251,0.01946739795842189,0.06973986130382437,True
0.05,177,0.05050891041617494,35.7780897477212,5.981478893026472,0.029206840880528478,0.09081230210870446,True
0.05,178,0.053866569204787725,41.92745464293671,6.475141283627463,0.0320102486844537,0.09600501897092727,True
0.05,179,0.036007319035866625,22.152533590406392,4.706647808197082,0.01865902963900882,0.06710364918148175,True
0.05,192,0.05780252101005819,45.72659376882848,6.762144169479713,0.03486641741252816,0.10249237196315947,True
0.05,193,0.06201642788797072,55.78666481286746,7.469047115453715,0.03842485575228008,0.10874618511897696,True
0.05,194,0.04627908372131578,32.65438254401215,5.714401328574337,0.026324801054853204,0.08375034036924539,True
0.05,195,0.057034353120433014,49.39747821026344,7.0283339569391154,0.034816915154931294,0.1004996889602649,True
0.05,188,0.06382756160376661,58.33689125539104,7.637859075381729,0.03972482467229263,0.11173565675886685,True
0.05,189,0.04141246073711635,25.902310998613757,5.089431304047021,0.022348964140909675,0.07627894407845937,True
0.05,190,0.044040947428591,28.17315446150019,5.307838963410645,0.024233753198080108,0.08048657391726255,True
0.05,191,0.051047322786287215,39.46233287188079,6.281905194435904,0.03011141438587835,0.0911454824356505,True
0.05,184,0.051435340599279906,37.93228638443338,6.158919254579766,0.03008160467530468,0.09213880985745082,True
0.05,185,0.057584495371675135,48.02302473379359,6.9298646980870835,0.034982063840413316,0.1017814905679505,True
0.05,186,0.027764428986276592,12.869223041313944,3.5873699337138265,0.011545908893491313,0.05489536415374279,True
0.05,187,0.057492962087224805,46.238136023044945,6.7998629414897,0.034706906773733656,0.10183057395974777,True
0.05,196,0.0410271050660092,26.63936333978313,5.161333484651339,0.02233606259151522,0.07529744934784849,True
0.05,197,0.06722880353813378,60.30108662908924,7.765377429918603,0.041964978897332916,0.11757213994470037,True
0.05,198,0.051359353865416284,39.68605968174347,6.299687268566867,0.030312432230686477,0.09168783373394968,True
0.05,199,0.050118774355509696,35.455787039425104,5.954476218730335,0.028930963058067218,0.09014447075997789,True
0.06,0,0.04947735064008679,36.81252685104846,6.06733276251175,0.028790978984123018,0.08883522806106997,True
0.06,1,0.055068110801211316,43.209339337289066,6.573381119126523,0.032928410424553745,0.09786564926840395,True
0.06,2,0.05323344082390466,41.1473502037004,6.41462003580106,0.03159200611414079,0.09489875445298195,True
0.06,3,0.046846766089787016,33.40530764101027,5.779732488706572,0.026810707129159467,0.08461279407968028,True
0.06,4,0.04816715173678487,36.35504635083021,6.02951460325209,0.02802653726171596,0.08642332559527315,True
0.06,5,0.07265486059330685,68.0485129631461,8.249152257241109,0.045908295387037085,0.1264609004244889,True
0.06,6,0.05656733571707487,45.77517794514688,6.765735580492847,0.03411597237513736,0.10021087265622688,True
0.06,7,0.05810637205203914,47.196566372987036,6.869975718515098,0.035174499698590676,0.1028150425080591,True
0.06,8,0.06270466386919715,52.92845437492292,7.275194456158744,0.03851623352716753,0.11034928365095037,True
0.06,9,0.05169431494016142,39.788506553469915,6.307813135585891,0.03047797561639369,0.09227783961259912,True
0.06,10,0.05512268333259821,47.350228954775275,6.8811502639293725,0.03343626614458276,0.09734402455296731,True
0.06,11,0.06068722207415927,52.96810690867437,7.277919133150242,0.03734407297471522,0.10664212066311334,True
0.06,12,0.07401083625349736,70.85515963719922,8.417550691097691,0.04694664027172085,0.1286193931015271,True
0.06,13,0.05655422331075435,44.95930548727961,6.7051700565518555,0.03398548914297954,0.10034739950347242,True
0.06,14,0.04593909730407254,30.118150822292137,5.488000621564481,0.02562377666432006,0.08344683382793178,True
0.06,15,0.07004717720258291,61.58876742795951,7.847851134416319,0.043767207591418056,0.12268161565582308,True
0.06,16,0.06623473825459517,57.64827727032707,7.5926462626891205,0.041085075727026105,0.1161410017933674,True
0.06,17,0.05938686444043561,50.38991505730064,7.098585426498764,0.03630998812187436,0.10467325292058655,True
0.06,18,0.05607522672230247,41.65465071842141,6.454041425217335,0.03325487519774452,0.10003950364496336,True
0.06,19,0.057478317498395645,44.76383997571679,6.69057844851376,0.03446981034400839,0.10211245984045138,True
0.06,20,0.06019900089455247,53.54843323693467,7.317679498101476,0.037141669069083644,0.10568401291974222,True
0.06,21,0.04724994327399834,34.15076253776715,5.843865376423994,0.027171890974076893,0.08519881247231842,True
0.06,22,0.056574679870700514,45.22834904718684,6.725202528339711,0.034140193818640696,0.10050869245153196,True
0.06,23,0.05352492499990284,40.05299031003392,6.328743185659687,0.03155309791994129,0.09554499463504187,True
0.06,24,0.041002969957959996,26.20077952976999,5.118669703132835,0.02222586577406492,0.0753633783947845,True
0.06,25,0.05804088442831069,47.27159518858548,6.87543418182339,0.0351771289260136,0.10262781990524672,True
0.06,26,0.05492668570739446,43.61671338081442,6.604295070695616,0.03288578429076262,0.09757282039840456,True
0.06,27,0.057832622845796516,44.400496574254475,6.663369761183486,0.03460289928187507,0.10267586404998746,True
0.06,28,0.04899305668895221,34.86518713716964,5.9046750238408245,0.028229958842635416,0.08817722475364309,True
0.06,29,0.0436780636591641,30.13929469284244,5.48992665641741,0.02447106987386455,0.07940544543436859,True
0.06,30,0.06250976734245174,54.512729666299265,7.383273641569793,0.038603127347197036,0.10973547350279944,True
0.06,31,0.06994815512350645,59.85730606397192,7.736750355541525,0.04353832136323446,0.12249979884850136,True
0.06,32,0.0654285912745732,58.24382381742021,7.631764135337269,0.04068359582126652,0.11459505830537135,True
0.06,33,0.05966088150179911,50.57702015442487,7.111752256260399,0.03651154483470287,0.10508427478160873,True
0.06,34,0.05602591807908974,47.69343074678568,6.906043060015314,0.03405406317613348,0.09885631565015912,True
0.06,35,0.06628040366887485,58.20489231888905,7.629213086478123,0.04118069717418231,0.11614169791755044,True
0.06,36,0.06308124995999947,53.534969840737176,7.316759517760385,0.03881594966468103,0.11093218273618269,True
0.06,37,0.060074038292441574,48.721035864185296,6.98004554886179,0.03646012857672794,0.10623386706551623,True
0.06,38,0.08295127429686465,80.82002179294273,8.989995650329467,0.05310175271828663,0.14370867352623076,True
0.06,39,0.07282300368583888,70.37109563941294,8.388748156871378,0.04621476031799061,0.12652513879791255,True
0.06,40,0.06321075143034909,53.269670267182164,7.298607419719337,0.03887305507383486,0.111154760279042,True
0.06,41,0.06586443099407158,61.19322476204525,7.822609843399149,0.041248199542376046,0.1151074611673328,True
0.06,42,0.04652992760879463,34.56557375728562,5.879249421251459,0.026833891947206416,0.08373938837665179,True
0.06,43,0.04525410893387905,30.608161030590736,5.532464281908265,0.025402675192760068,0.08226267219586793,True
0.06,52,0.06235843704511887,54.75867683853039,7.399910596657935,0.0385095151877244,0.1095241765177839,True
0.06,53,0.06757255201825911,57.506637400558475,7.583313088654489,0.04181752270584024,0.11865205596224607,True
0.06,54,0.06926520683953145,61.95187875143915,7.870951578522075,0.04336919158459576,0.12096908665981733,True
0.06,55,0.06726702654683099,61.45267474302864,7.839175641802436,0.042132409634521265,0.11743106250409274,True
0.06,48,0.04036762778697482,26.669564752209,5.164258393245733,0.021986183183805,0.07407286071418125,True
0.06,49,0.06029018519657968,47.455062196729386,6.888763473710604,0.036416858773449384,0.10684994509537618,True
0.06,50,0.06088105222175556,52.216010945655626,7.226064692877834,0.037397192574574314,0.10710976537922795,True
0.06,51,0.059090803558689425,48.923132354142126,6.9945072988840415,0.035958355635552934,0.10433594251648291,True
0.06,44,0.07768817187434991,72.3762161611528,8.507421240373183,0.04933560518784001,0.1349595762048828,True
0.06,45,0.06516426092362114,54.93453695472567,7.411783655418287,0.04014433612662228,0.11459588462831896,True
0.06,46,0.04313548255187051,28.732675972410107,5.360286930044893,0.02389293311017058,0.07873921826563596,True
0.06,47,0.062364299938792396,53.74474275586317,7.331080599465755,0.0384191101653185,0.10960454524378851,True
0.06,56,0.052841682957580315,39.37397012944393,6.2748681364187995,0.031078450333732983,0.09448124152255934,True
0.06,57,0.062498913195977814,51.59607351935051,7.183040687574484,0.03824381925641224,0.11011645862959166,True
0.06,58,0.06723930303437124,57.64036339568838,7.592125090887819,0.04166366967456256,0.11797614232154607,True
0.06,59,0.05110360549722539,37.30968827165793,6.108165704338573,0.02978714358147832,0.09168300929218573,True
0.06,60,0.06693543911561924,56.839142337927115,7.539173849827786,0.041409363244945194,0.11752218490086892,True
0.06,61,0.06269565128454067,55.19602914649499,7.4294030141388205,0.0387700048142404,0.11001691797470986,True
0.06,62,0.07459237723981428,72.29108227144684,8.502416260772396,0.047441626854684976,0.12946163419676932,True
0.06,63,0.05304457250826311,38.51819397330837,6.2063027619757944,0.0309749855068833,0.09492517346943138,True
0.06,64,0.057198986804798124,48.298405442877765,6.949705421302242,0.034809626072193636,0.10099954548316561,True
0.06,65,0.047573820847565985,33.70935645114878,5.805975925815468,0.027247416581099335,0.08587511800169084,True
0.06,66,0.05102058522801817,38.51093997720818,6.205718328864772,0.02996931546213634,0.09127145954037282,True
0.06,67,0.05959578522277754,46.50906448798446,6.819755456611656,0.03590644783130653,0.10571118228621629,True
0.06,68,0.04450922319921791,28.64906992688134,5.352482594729416,0.024604589494862827,0.08134068977031769,True
0.06,69,0.054468061697070844,40.366152864610285,6.353436303655706,0.032057653756140794,0.09712143375709498,True
0.06,70,0.05644884382166822,43.66005666783599,6.607575702769965,0.03373324470117356,0.10042689933398583,True
0.06,71,0.06894227588941249,61.27962233643302,7.828130194141703,0.043044895951690906,0.12058300584753008,True
0.06,72,0.05385470579275952,45.16115946167133,6.720205313952196,0.0324491735508801,0.09536288199630685,True
0.06,73,0.07085747583860381,62.76912752827434,7.922696985766548,0.04431978752660469,0.12383267305945883,True
0.06,74,0.06557357789133292,60.861400764576274,7.801371723266126,0.04107111152737137,0.11456448462500288,True
0.06,75,0.05917152983688473,51.61363930934431,7.1842633101344715,0.03629172934893316,0.10415457013188453,True
0.06,76,0.05159278563150482,40.35614080297455,6.352648329867989,0.03054152621284632,0.09190255299926312,True
0.06,77,0.06585653585134678,58.962407458556754,7.678698291934431,0.041004776316590746,0.1152848836946275,True
0.06,78,0.05128647576560314,37.32040203126394,6.109042644413602,0.029901681480825622,0.09198306587744555,True
0.06,79,0.07141564829111544,63.682742941939296,7.9801467995231326,0.04472623203761614,0.12460689313275533,True
0.06,80,0.05030503511549086,37.72911913051189,6.142403367616937,0.029426821282466806,0.0900919949131454,True
0.06,81,0.046022218566536474,31.86484237382183,5.644895249145181,0.026057605234371523,0.08337271266993193,True
0.06,82,0.0519915085082213,39.83733366467209,6.311682316520065,0.030665349380953527,0.09282373475989375,True
0.06,83,0.06653540479520519,57.7044069603171,7.59634168269945,0.0412541651682423,0.11669975504407101,True
0.06,88,0.06988751391240808,65.81819100184612,8.112841117749449,0.04404797013732806,0.12171346079350581,True
0.06,89,0.0626233664566106,51.92817235906182,7.206120479083167,0.03837020092264888,0.11031075696389614,True
0.06,90,0.06587887768349127,56.825664123811976,7.538279918112087,0.04085186656172639,0.11556253283982437,True
0.06,91,0.04836358407544894,34.93851555576566,5.91088111500863,0.0278989184382784,0.08707397639337133,True
0.06,92,0.061728890423937935,54.48532535592676,7.381417570895631,0.03810278449650904,0.10845757949952804,True
0.06,93,0.046397779930777594,32.908985598933214,5.736635390098731,0.026472487257507272,0.08389063357548836,True
0.06,94,0.060920924489393,50.35383826881366,7.096043846314203,0.03718468949953363,0.10752973739078427,True
0.06,95,0.06979150119429438,60.19756568223488,7.7587090216243375,0.04345009331217607,0.12225562840517079,True
0.06,84,0.06699873489053476,61.60181792219464,7.848682559652584,0.0419840400062244,0.11694096449520877,True
0.06,85,0.07108449732476393,66.35375553506674,8.145781456377696,0.0448083011937002,0.12383860796531049,True
0.06,86,0.05392933116660109,43.02251936224229,6.559155384822217,0.032256994714785756,0.09584141945534962,True
0.06,87,0.06334495300372213,53.750255132661096,7.33145654919001,0.03894677238758475,0.11143305507397375,True
0.06,96,0.057098687900387905,46.03387158234773,6.784826569806167,0.03443875424507303,0.10119839110108916,True
0.06,97,0.06415780035397348,53.817113423356886,7.3360148189161185,0.03946917943636892,0.11285987072674503,True
0.06,98,0.04074494918672835,23.929012531657463,4.891728992049484,0.021520554348552993,0.07563344673084996,True
0.06,99,0.05324432462841614,40.33534407696925,6.351011264119223,0.03147329609529305,0.09504815932817226,True
0.06,104,0.06391404787900816,52.64057873648244,7.255382742246093,0.0391832741289194,0.11255370873824952,True
0.06,105,0.0593202529369607,52.0930001358679,7.217548069522495,0.036493866901461475,0.10435417385054438,True
0.06,106,0.05510489956401378,42.175642848508915,6.494277700291921,0.032767598784973054,0.09818216632982735,True
0.06,107,0.06359810103964735,51.70044591388887,7.190302212973309,0.03890940918510784,0.11210633999115267,True
0.06,100,0.04978077550822448,35.671244561207686,5.972540879827252,0.02882432495671258,0.08956232706836537,True
0.06,101,0.06815431360813387,63.648565485591234,7.978005106891774,0.042855144907540235,0.1188069366931797,True
0.06,102,0.07736594804723927,76.77454176234369,8.762108294374345,0.049469537883677424,0.13400605129356621,True
0.06,103,0.06988841025784288,61.893822924579126,7.867262733923352,0.04360230191066036,0.1222181208147676,True
0.06,108,0.0681769503986823,58.45863049431341,7.645824382910806,0.042341624959264204,0.119460108175825,True
0.06,109,0.05025916005500404,35.535881484370975,5.961197990703796,0.029024946870517317,0.09046165302238321,True
0.06,110,0.07126377931479475,65.26684971201962,8.078790114368587,0.04485115904715062,0.12421411288667683,True
0.06,111,0.05944194876133642,49.96824457010075,7.0688220072442585,0.0362868617166746,0.10483961980383955,True
0.06,116,0.06550919556003744,59.39293611349035,7.7066812645580685,0.04087477783645159,0.11454623886031261,True
0.06,117,0.049978950503853224,33.65768313765534,5.8015242081418,0.02850294436615511,0.09033311450849721,True
0.06,118,0.08848346920188059,91.41007428167927,9.560861586785956,0.05728756951207748,0.15252553616748693,True
0.06,119,0.06585428255645023,57.53161969597477,7.5849600985090735,0.04082073296941566,0.11544752439227285,True
0.06,132,0.061239181058482514,51.20574433929801,7.155818914652467,0.037448306272112195,0.10798149374011462,True
0.06,133,0.06231929612528777,54.51954073385832,7.3837348770021745,0.03846302331934299,0.10947905343457376,True
0.06,134,0.05524385909257431,42.11555235128412,6.489649632398049,0.0328283198335787,0.09831189897485859,True
0.06,135,0.05958907375042595,48.81501448207837,6.986774254409425,0.03623505373788792,0.10532805602277252,True
0.06,112,0.06529543841226064,54.68167948164114,7.39470617953419,0.04028151807345896,0.11501154021664772,True
0.06,113,0.05512522076627858,43.4141310325615,6.588940053799359,0.03296023694681427,0.09805592483682996,True
0.06,114,0.04479479892311445,30.685560971633095,5.539454934524975,0.025170515869557816,0.08143822644774229,True
0.06,115,0.06470574903753148,55.499689962455705,7.44981140448909,0.03995322456770875,0.11368584693496996,True
0.06,128,0.0667540307101244,59.96556264673177,7.743743451763609,0.041649764223684785,0.11676482681349062,True
0.06,129,0.05935736373918414,49.754948797340376,7.053718792051493,0.03623739669749707,0.10465185586891929,True
0.06,130,0.0667100681598402,57.769264971421535,7.600609513152319,0.04136525732817049,0.11700507239613585,True
0.06,131,0.05080259244698034,38.951258068244215,6.241094300540909,0.029881095553302463,0.09084025832992913,True
0.06,120,0.05695199662462352,43.86345390732049,6.6229490340271,0.034111890351946436,0.10119490936808312,True
0.06,121,0.07218283655560355,72.18655554389738,8.496267153514971,0.04594770254714558,0.1252287468406867,True
0.06,122,0.04733091616266488,32.6172510478732,5.711151464273487,0.026893496535385593,0.08556824227466134,True
0.06,123,0.08208789575181116,76.31907575282071,8.736078969012397,0.05226983545636058,0.14250374144447067,True
0.06,124,0.05130828796180587,36.30200005230927,6.025114111144226,0.029696750278027984,0.09226612346263217,True
0.06,125,0.06096040192188231,51.1700745196481,7.153326115846257,0.03730911911775732,0.107411222620731,True
0.06,126,0.07577981234982238,69.10574566529681,8.312986567130782,0.04786141634526728,0.132056194975649,True
0.06,127,0.05640152108499789,45.32342672703999,6.73226757690453,0.03397869245385877,0.099988851951327,True
0.06,136,0.039664914181769366,25.581454905069904,5.057811276142073,0.02140376663785167,0.07297429822540058,True
0.06,137,0.062013932993439755,52.28320420350565,7.230712565404993,0.03803948417869639,0.109187899069703,True
0.06,138,0.06191137615137952,49.91939350367693,7.065365772815794,0.03766725014461468,0.10946056868457782,True
0.06,139,0.047339414361577535,33.98730537802771,5.829863238363977,0.027191429500777246,0.08535584659558554,True
0.06,144,0.03934804030185947,24.85909463044186,4.985889552571523,0.021056495835227142,0.07260654435783331,True
0.06,145,0.07322811825788834,68.31907193281495,8.265535187319388,0.04625477104745428,0.12746667166052134,True
0.06,146,0.05644381772173991,45.67536954972297,6.758355535906865,0.03406069667869329,0.10002899424706618,True
0.06,147,0.0546666317857199,43.8142570476939,6.619233871657195,0.032779275843781805,0.09708843217874888,True
0.06,140,0.07327942810507113,68.21516894385968,8.25924748048269,0.046311349924410675,0.12752671295269816,True
0.06,141,0.036382449934665446,20.752774685980512,4.555521340744714,0.0184225716473108,0.06835552686085336,True
0.06,142,0.05662402981207666,43.808117014827985,6.61877005302556,0.03388834344985506,0.10064366389128188,True
0.06,143,0.06333959619199905,51.79681822275256,7.197000640735872,0.03874607307107836,0.11151848782438581,True
0.06,148,0.06458990521040221,54.999408820879125,7.4161586297003605,0.03982396569423092,0.1135318398407785,True
0.06,149,0.05083904807144353,36.341232348836456,6.028368962566613,0.029508611004508047,0.09136113240661956,True
0.06,150,0.0657861324672803,60.2312029747784,7.760876430840682,0.04110197450623537,0.1149567854993398,True
0.06,151,0.06362066263161424,54.01523921729745,7.349506052606356,0.03916006478376805,0.11191402484233949,True
0.06,156,0.06756696996815859,61.18330425971703,7.821975726101241,0.04223950698003075,0.11810335568840744,True
0.06,157,0.08719234085293166,85.18879018195753,9.229777363618124,0.056025606299052524,0.1507463266722601,True
0.06,158,0.05488895587190822,43.77650124067691,6.616381279874741,0.03288543793769749,0.09754586170076347,True
0.06,159,0.07568502452823854,77.71981161413305,8.815884051763218,0.048551377069262755,0.13089805006503172,True
0.06,152,0.05802828959678017,47.34449373556231,6.880733517261246,0.03516539654434772,0.10271438778970109,True
0.06,153,0.07881334868554961,79.16136268697323,8.897267147106083,0.0504999297351059,0.1364188709802394,True
0.06,154,0.06254635248338364,54.818791992626984,7.403971366275465,0.038670564808839514,0.10974071579717612,True
0.06,155,0.05433237004718923,44.15017659210935,6.644559924638301,0.032650737813820246,0.0964008263707203,True
0.06,160,0.06534301242265857,59.78564583639832,7.732117810561238,0.04082151126251088,0.11428790810762626,True
0.06,161,0.06321448238615186,54.673960035706386,7.394184203528229,0.03902234405347732,0.11103167137566325,True
0.06,162,0.061097637932707255,49.239883383551614,7.017113607713047,0.03719660811835013,0.10790631779096149,True
0.06,163,0.07108576870207968,62.537086815234716,7.908039378710422,0.04440437794155255,0.12422496896085335,True
0.06,168,0.06026704638529104,48.10905467539192,6.9360691083200665,0.03653225222092013,0.10656923883067584,True
0.06,169,0.07133051942162366,67.09255927629374,8.1910047781877,0.04503986537050157,0.12416126283682047,True
0.06,170,0.04974638806496898,35.17115516184981,5.930527393229864,0.02867504502890267,0.08957377221029761,True
0.06,171,0.06755441215309929,58.586678113895005,7.654193498592455,0.04189983035217888,0.11836780044472942,True
0.06,172,0.05951900125194977,45.9179722583915,6.7762801195339835,0.035813651026138524,0.10559264493288673,True
0.06,173,0.06107355542695006,49.71574012484007,7.050938953418904,0.03717456273428483,0.10776762725426975,True
0.06,174,0.07070034273742269,64.23081731551179,8.014413098631227,0.04440645223057699,0.12334300925848861,True
0.06,175,0.06972387556240282,62.39227333026747,7.898877979198531,0.043618771535064986,0.12185473216584874,True
0.06,164,0.05436359456421102,42.58777780597143,6.525931183055137,0.03244190051992431,0.09668632621435092,True
0.06,165,0.062445523521956564,55.90144027058636,7.47672657455028,0.038703377050640586,0.10948688208092533,True
0.06,166,0.05897077195914715,47.62178966699639,6.900854270812882,0.03572536934318682,0.10434611241020583,True
0.06,167,0.06485343767658716,57.83846841475247,7.6051606435862,0.04028699315022106,0.11366764445268468,True
0.06,180,0.04964812630869356,34.79389029848721,5.898634613068283,0.028586457374393786,0.08947405630860725,True
0.06,181,0.05794860352203632,49.32103814183483,7.0228938580783655,0.03536069931247075,0.10221846868667285,True
0.06,182,0.05219434036887156,41.605601457698185,6.450240418596673,0.031051242619599285,0.09292760526836585,True
0.06,183,0.0750892549671413,73.09688404679969,8.54967157537643,0.04772227017357592,0.13038008640325502,True
0.06,176,0.061401459162421686,49.555186600238585,7.0395444881212725,0.0373684060838121,0.10843753514956656,True
0.06,177,0.054046397056211,41.596233323088654,6.449514192796901,0.03208145126515819,0.09634797957495905,True
0.06,178,0.0706633985648926,62.737522952551444,7.920702175473551,0.04421208487737816,0.12350507396383284,True
0.06,179,0.061071623146600716,51.80619256516866,7.197651878576003,0.03744691542494998,0.1075193134018407,True
0.06,184,0.06517790860424172,56.90941307413095,7.543832784078061,0.040403786588891086,0.11430635795913412,True
0.06,185,0.03587288893346084,20.31948037277448,4.507713430640249,0.018079612831877954,0.06746593897789947,True
0.06,186,0.059289790575998084,46.06044243904557,6.7867843960925684,0.035660897403286596,0.10504691696413954,True
0.06,187,0.05547800978105258,42.71394032717376,6.5355902814645415,0.03306904938431354,0.0987499570270679,True
0.06,192,0.05790923287615092,47.61432762939239,6.900313589206826,0.035123293372112646,0.10236948659541675,True
0.06,193,0.06992031275719392,63.82242149024205,7.988893633679325,0.04388403248226312,0.12197326587195427,True
0.06,194,0.07256444194275412,64.43353492558754,8.027050200764135,0.04552551696839096,0.12669414549709557,True
0.06,195,0.0801281060333974,84.65777839702378,9.20096616649707,0.051685665888171306,0.13809880973906075,True
0.06,188,0.04339445502857511,28.7481050008887,5.361725934891553,0.024029152367304452,0.07916934543648407,True
0.06,189,0.06710226232284042,61.825936454624525,7.862947059126402,0.04203154207747836,0.11716308583598474,True
0.06,190,0.06385619339293316,55.95244097126806,7.480136427316554,0.0395301707859752,0.11201579190244892,True
0.06,191,0.05501705308740313,42.78793493419971,6.541248728966031,0.032822463559270446,0.09788424110111893,True
0.07,4,0.05839835281875766,46.725554919757315,6.835609330539401,0.03529083408024885,0.10336451153933496,True
0.07,5,0.07128558076167593,63.859379404872016,7.991206379819759,0.04471868143452084,0.1242218307156628,True
0.07,6,0.06637270493660717,58.858814917242626,7.671949877133103,0.041298848298826074,0.11623996950602802,True
0.07,7,0.0817415762507435,83.2157096283645,9.122264501118377,0.052669369058057795,0.1411002899060124,True
0.07,8,0.08260491913505914,80.73995121572375,8.985541231095862,0.0529543316673312,0.143025514103427,True
0.07,9,0.07368062166240263,68.26431873937963,8.262222385011167,0.04658977383733162,0.12815869697439347,True
0.07,10,0.06143454761476564,48.93313997498058,6.995222653710215,0.037254865596865035,0.10872152566047727,True
0.07,11,0.08060248594561642,75.6819243916741,8.69953587219882,0.051329373428616,0.13991688753537224,True
0.06,196,0.06134502086104441,52.24291219804104,7.227925857259539,0.037623025107193495,0.10804848530048458,True
0.06,197,0.05308677038909501,41.04573464589316,6.406694517915862,0.0314787412161156,0.09464251246293379,True
0.06,198,0.05484821764453177,41.89538795349199,6.472664671794144,0.03262975605072621,0.09767522538304002,True
0.06,199,0.06309295963036138,53.51245122371893,7.315220517777911,0.03881806896202491,0.1109563556259121,True
0.07,16,0.06068215341031392,48.10379794689197,6.935690156494303,0.036791696786518835,0.10733088333395954,True
0.07,17,0.05855135151234782,45.917292118092746,6.776229933974551,0.03522459749343054,0.10372399115112207,True
0.07,18,0.08359572375633034,85.6370907983985,9.254031056701642,0.053872300110333095,0.1444029383179647,True
0.07,19,0.08205363194858539,80.16817748636686,8.953668381527589,0.05261974842333106,0.1419570723023637,True
0.07,12,0.07046489442808564,66.71975569808092,8.168216188255604,0.04447298426168282,0.12268812259925002,True
0.07,13,0.07332550527661556,65.79285689737526,8.111279609123043,0.046093696465408535,0.1277735920454333,True
0.07,14,0.06030605763074872,49.03409069686131,7.0024346263896895,0.036684823823456725,0.10651268354756976,True
0.07,15,0.06663937097050944,59.5049007260061,7.713941970614382,0.04152376470717027,0.11662922706726037,True
0.07,0,0.07965022245582043,79.03946365575052,8.890414144220196,0.05106584134585884,0.13773080742367258,True
0.07,1,0.0539120810982164,41.29436727742768,6.426069348943231,0.031963334628300186,0.09615259294863904,True
0.07,2,0.05482322920892913,40.363709802637004,6.353244037705226,0.03236103986372415,0.09795988508342508,True
0.07,3,0.061473787206480654,51.42008988042858,7.170780283932047,0.03763354800803745,0.10834979855762063,True
0.07,20,0.0469930035435159,30.949078390618524,5.563189587872997,0.02636208150966411,0.08541744567553239,True
0.07,21,0.09466340883287737,99.47151313302265,9.973540651795764,0.06158547946972101,0.16288875099201644,True
0.07,22,0.07230459249002384,60.28697798805479,7.764468944367978,0.044968754523884366,0.12660909152355557,True
0.07,23,0.07266358494436906,67.16112944920133,8.195189408988746,0.04581643316251674,0.12654070584558055,True
0.07,40,0.07504559927612629,72.16889759320816,8.495227930621294,0.04765457833102166,0.1303075280671122,True
0.07,41,0.08399170396944422,79.67592646190155,8.926137264343494,0.05364317604035196,0.14551017922034304,True
0.07,42,0.05594059845352078,42.78534913341946,6.541051072527981,0.03336688314744091,0.09972102741026037,True
0.07,43,0.06567159444285205,56.99773948145253,7.5496847272884535,0.04073969436598012,0.1152462784271521,True
0.07,24,0.07412484731999176,70.0138892274224,8.367430264270052,0.046989213968775534,0.12884166247164414,True
0.07,25,0.06016839113288602,48.83500062549933,6.98820439208094,0.03654980268539391,0.10620640513196847,True
0.07,26,0.0758186658401502,69.2606826213364,8.32230032030426,0.04787012891002181,0.13208701680038995,True
0.07,27,0.07422774929450286,72.77920219092584,8.531072745612116,0.04725093484895909,0.12879143880568789,True
0.07,44,0.04800809110587702,34.1858198716734,5.846864105798373,0.02757445750831942,0.08658197123239551,True
0.07,45,0.07610031424887106,70.0770529271906,8.371203791999728,0.048132994075371124,0.1324593384012687,True
0.07,46,0.06232343348539523,50.62105734395482,7.114847668359093,0.038059223310643646,0.10998926900461369,True
0.07,47,0.08463668029436022,82.96508641433797,9.108517245651894,0.05433328217736756,0.14640875310159635,True
0.07,28,0.07089157520717765,65.07328379829596,8.066801336235818,0.04459933835677509,0.12358680390977696,True
0.07,29,0.055928933656158926,45.67038352408963,6.757986647226349,0.03374492586138682,0.09904796131202902,True
0.07,30,0.07881484663815957,74.3806684213937,8.62442278772288,0.050174971968802565,0.1367909609881249,True
0.07,31,0.07065796585070143,60.50696384573598,7.778622233129462,0.043970633548030366,0.12379339377377988,True
0.07,48,0.06884888918724684,64.22926106906084,8.01431600756177,0.04331334324103193,0.12000942737935943,True
0.07,49,0.057530025967713457,44.788604071041846,6.692428861858888,0.03452759228520612,0.10215181880780046,True
0.07,50,0.063602861967884,55.957667539563545,7.480485782324805,0.03937773634798043,0.11151982880257709,True
0.07,51,0.07399431546898896,71.19198805097085,8.43753447702413,0.046962899982497405,0.12856067125448345,True
0.07,32,0.061190430544369304,52.12325311691188,7.219643558854681,0.03757387950010798,0.10766472785167759,True
0.07,33,0.09802106887177434,104.63358160564007,10.22905575337431,0.06401742239788097,0.1682364855375946,True
0.07,34,0.08928176468991475,87.98958859423169,9.380276573440236,0.057579179242808254,0.15414833023670194,True
0.07,35,0.0692962226202213,64.27084067189276,8.016909670932607,0.04354618208826479,0.12084936302052944,True
0.07,36,0.0692914186349037,62.62085441147269,7.913333963094992,0.04343414498574026,0.120986471466277,True
0.07,37,0.07912342879468004,74.96023445340802,8.657957868539672,0.050370302771583844,0.13734957545048423,True
0.07,38,0.05526411015368301,42.700246963218206,6.534542597857803,0.032953269402744026,0.0983471812896714,True
0.07,39,0.07435324486585189,66.48379753537915,8.153759717785357,0.04674369049530344,0.12948761385948473,True
0.07,52,0.04783660773545908,32.10086544905289,5.665762565538102,0.027092750950352726,0.08667734804957433,True
0.07,53,0.05888456463275249,49.956309861096315,7.067977777348788,0.035975856243687473,0.10380726350179134,True
0.07,54,0.06339370169764648,54.364358875416656,7.373219030750183,0.0391027233168613,0.11135964672599863,True
0.07,55,0.06515411626607212,56.68850913626079,7.52917718852869,0.040403510047251595,0.11421002542090929,True
0.07,56,0.0728662937039933,69.33392829495006,8.326699724077365,0.046146029371574,0.12666850839963648,True
0.07,57,0.08391584808854262,87.46546414169256,9.352297265468659,0.05416583901489387,0.1445949510849334,True
0.07,58,0.0784097288563691,71.89352407897832,8.479004899100975,0.04968708370191106,0.13638912236496542,True
0.07,59,0.08174313517515511,81.18369815930532,9.01019967366458,0.05245196056939346,0.1414125562081614,True
0.07,60,0.0791422863041379,69.44831037461881,8.333565285915675,0.049938646160255645,0.13790382136145116,True
0.07,61,0.08748264334261689,87.67773088584954,9.363638763101102,0.056414810558945566,0.15090717673750437,True
0.07,62,0.08433229346615734,77.67302252941658,8.81322997143593,0.05370413107916332,0.14647564480268663,True
0.07,63,0.0654228578193917,58.76743382923269,7.665992031644221,0.04073740764053842,0.11454929254394068,True
0.07,68,0.07276192226937588,64.52146711647151,8.032525575214281,0.0456364858093392,0.12707744662577847,True
0.07,69,0.07364407694966534,68.86135089697427,8.298273970951687,0.04656285850845571,0.12808821555016736,True
0.07,70,0.06979721913566891,59.53406225609183,7.7158319224884515,0.04339322847390066,0.12233533138732725,True
0.07,71,0.06379766894875016,53.45164755757742,7.311063367088089,0.03927414279795363,0.1122505502997413,True
0.07,64,0.07755763750229248,72.92066348010235,8.53935966452417,0.04924975294474241,0.1347655786903969,True
0.07,65,0.056885079853409536,44.98764086492179,6.707282673700415,0.03416715628734264,0.10097032776628254,True
0.07,66,0.07359311409229716,68.14730263850402,8.255137953935357,0.04650678102562798,0.12809022668271589,True
0.07,67,0.07379976144569501,70.30222874443734,8.38464243390482,0.046775055942591,0.1282729859659556,True
0.07,76,0.06528850477890744,59.27175258209422,7.698815011551727,0.04070738076428522,0.1141855069246685,True
0.07,77,0.08321972768310963,74.97067360634719,8.65856071217077,0.05279239707674299,0.1448192795009374,True
0.07,78,0.09148537292848946,90.15264739274699,9.49487479605429,0.058883772522377885,0.15770526516075445,True
0.07,79,0.0741729408505163,66.4989104256249,8.154686408785128,0.04669928492028304,0.12934358091816964,True
0.07,72,0.0665803225054107,58.40399602693492,7.642250717356434,0.04133698259818048,0.11673454606592676,True
0.07,73,0.049273289316524915,33.353562735355126,5.775254343780465,0.028031567303115557,0.08895333578163434,True
0.07,74,0.06076030615297358,49.261998617915424,7.018689237878781,0.0369828576250919,0.10727936388926206,True
0.07,75,0.06143252992618683,50.491852089595795,7.105761893674442,0.03749388489805139,0.10838327637623008,True
0.07,84,0.07852884722013952,77.48225989689422,8.802400803013585,0.05012272489926327,0.1357536228064456,True
0.07,85,0.06276313190246198,50.999411901253325,7.141387253276028,0.03834788999131959,0.1107517725277429,True
0.07,86,0.08404607031777019,80.40733079034726,8.967013482221784,0.05374467230648916,0.1456279552439383,True
0.07,87,0.08973779295534268,88.87969590272769,9.427602871500671,0.057830049624491925,0.15501538791229563,True
0.07,88,0.09783942593664711,105.88272080851607,10.289932983674678,0.06394728429132407,0.1680392634266376,True
0.07,89,0.07318707469634754,63.42792964109526,7.964165344911874,0.045808133776560025,0.1279076566802201,True
0.07,90,0.059516052382064456,47.931887371855964,6.923285879685741,0.03604687602437985,0.10532631677049183,True
0.07,91,0.06224255654492735,53.02303201193013,7.281691562537521,0.038256292890838116,0.10950044032032398,True
0.07,80,0.09671626428957011,100.27123454895309,10.01355254387538,0.0629095569670604,0.16642919752600305,True
0.07,81,0.08920168151709122,87.1063270879556,9.333077042859745,0.057393687894921726,0.15421549152851607,True
0.07,82,0.08169335576225722,77.39346284386488,8.797355446034045,0.052161932659556334,0.14156504106639117,True
0.07,83,0.08753152915251441,88.56042099006822,9.410654652576952,0.05648290284555864,0.15107271929310429,True
0.07,92,0.07043795856322438,62.53751618096521,7.90806652608368,0.04406295447823637,0.123114113646688,True
0.07,93,0.06808755513055126,58.14291592318341,7.625150222991244,0.04222779681569029,0.11942503236397002,True
0.07,94,0.054361149830999926,43.89445836166419,6.625289303997539,0.03262079085759538,0.09645571548024762,True
0.07,95,0.05093703202901811,38.858390769856214,6.2336498754627065,0.0299561502852652,0.09106055284102017,True
0.07,108,0.06451648577105615,55.42139826944572,7.44455494099182,0.03986997929754303,0.11326547563269435,True
0.07,109,0.08159880656291504,76.13260999991348,8.72540027734622,0.051954771369788655,0.1416633526335288,True
0.07,110,0.10163150414870509,106.73588168774586,10.331305904276858,0.06629547172904635,0.17446075771016276,True
0.07,111,0.05594486967144762,40.89377563440007,6.394824128496426,0.033007584338981474,0.09983620101186821,True
0.07,104,0.07336553288071962,66.4454815404963,8.151409788527154,0.046175948986127834,0.12793438601201698,True
0.07,105,0.07831991431930334,74.5754876412202,8.635710025308875,0.04981187612593112,0.13601782308553698,True
0.07,106,0.07393114665557504,68.078120935264,8.250946669035256,0.046679793191117716,0.1287382880153109,True
0.07,107,0.07016774074827671,62.19393020898019,7.8863128399132245,0.04381735835662193,0.12265217616017016,True
0.07,100,0.0735160537671606,66.40666542887766,8.149028496015807,0.04625963196777219,0.12820162154462877,True
0.07,101,0.07771223372523814,72.943646855304,8.540705290273397,0.049352817642265887,0.1350197317143798,True
0.07,102,0.08583654644221328,86.98994445972608,9.326840003973805,0.05537633832683624,0.14820551919316946,True
0.07,103,0.06486016451340512,55.691236806893585,7.462656149581969,0.040076455071596705,0.11389057530833371,True
0.07,116,0.07245433407139651,66.00631251663685,8.12442690388909,0.04571722460573207,0.1264466973706108,True
0.07,117,0.060317892078488144,49.61952987830841,7.044113136393283,0.03675127397556405,0.1065291761532624,True
0.07,118,0.07280865230050654,63.14781227674348,7.94655977620149,0.045513888231118016,0.12735108618057764,True
0.07,119,0.07336269824896959,67.58850141265975,8.221222622740473,0.04629806710530632,0.1277712523178129,True
0.07,96,0.06532690681044533,54.536098604876315,7.3848560314251435,0.040214811621046495,0.11491659921452119,True
0.07,97,0.06457087019323078,57.35114614074155,7.573053950734905,0.04010125988623811,0.11312633774815348,True
0.07,98,0.08505931413114635,86.17908807607228,9.283269255821049,0.05487010000963144,0.14674793234018277,True
0.07,99,0.07166282356670085,63.828298349149236,7.989261439529265,0.04493433872161712,0.12517900783271807,True
0.07,124,0.07151547602706486,64.62298219230252,8.038842092758292,0.04490258411132676,0.12481056130911099,True
0.07,125,0.0779337092965619,70.07175256180835,8.370887202788504,0.04922143447313608,0.13561151393550838,True
0.07,126,0.07898025309244659,73.68651234706954,8.584084828743803,0.05033030865974003,0.13746340835162052,True
0.07,127,0.06681196943085174,57.00117634905405,7.54991234048807,0.04134570992797815,0.11705703535292902,True
0.07,112,0.07725287672666341,70.79900130511055,8.414214241693074,0.04886755707977031,0.13447503775448208,True
0.07,113,0.05150167938429905,38.66435296697955,6.21806665829336,0.0302460322664856,0.09209697213574733,True
0.07,114,0.04952679133105243,34.94727844362865,5.9116223190955495,0.028524452844624636,0.08920386242491202,True
0.07,115,0.08192630418979983,73.89303835295254,8.596105999401853,0.0520198549468565,0.14245186194857096,True
0.07,120,0.06549267701885693,57.519397439864406,7.584154365508683,0.04065749499045749,0.1147717195348536,True
0.07,121,0.07746442097763032,75.94325486992011,8.714542722938486,0.049449683399950525,0.1342111714027988,True
0.07,122,0.0789467211268934,77.26664633858513,8.79014484172958,0.05043092183520733,0.13685322797504015,True
0.07,123,0.08225081755001823,73.96281729333782,8.600163794564486,0.052209282864515,0.1432456338273326,True
0.07,132,0.06501815960661719,56.59246016203315,7.522796033525909,0.04027607903055931,0.11405597306489938,True
0.07,133,0.06159235953598667,49.55761173729138,7.039716737006637,0.03744768412999283,0.10886588063855122,True
0.07,134,0.05453713161831377,41.17409733814179,6.416704554375384,0.03231091528251455,0.09725351547066508,True
0.07,135,0.061626870683346886,51.98917667271576,7.210352049152369,0.03781836352509345,0.10853415287322031,True
0.07,128,0.07350624939858728,66.3238759487815,8.143947197077196,0.04623705824157293,0.1282121390218881,True
0.07,129,0.05372320382602936,40.37415859267276,6.354066303767436,0.031731958434689164,0.09595268695985734,True
0.07,130,0.06151969266881409,47.77693659133092,6.912086269089161,0.03721885897944608,0.10901887785774106,True
0.07,131,0.07284539695225985,65.1171537680616,8.069520045706659,0.0457350012674487,0.12715891493272,True
0.07,136,0.07011537255523115,61.453978543929225,7.839258800673009,0.043813241392444795,0.12259240721206037,True
0.07,137,0.07364108066116867,70.8514956740928,8.417333049968548,0.04672832053854164,0.12786902725696464,True
0.07,138,0.06257982558013019,53.250686492223394,7.297306797183698,0.03845016992930199,0.11012844062217936,True
0.07,139,0.08354909978275032,82.82557289293368,9.100855613234048,0.053646181480927466,0.1445020367857,True
0.07,140,0.0694399378261283,61.11393635765967,7.8175403009936355,0.043357455187935455,0.12144567351008509,True
0.07,141,0.08404050044694947,81.86529169008168,9.047944058739624,0.053839051911892484,0.14540567201857185,True
0.07,142,0.0506492027211779,39.35734421264533,6.2735431944512285,0.029855175314097218,0.0904738722524576,True
0.07,143,0.05712727196152216,43.08277719045782,6.56374719123595,0.03406215150090058,0.10171336204741394,True
0.07,152,0.0738172281685948,65.3329931425601,8.082882724780813,0.04633432570698742,0.1288871737620234,True
0.07,153,0.06686299444906231,56.74476394663316,7.532912049575062,0.04136832497240543,0.11738088800195687,True
0.07,154,0.06694550714429966,59.66131994330681,7.724074050868933,0.04170627653772635,0.11719370422707406,True
0.07,155,0.07803167386365593,76.60948938214278,8.752684695688677,0.049883680868997166,0.13516689595573783,True
0.07,144,0.07103022212123428,66.07863273486555,8.128876474326914,0.04478295891328304,0.12370444816042675,True
0.07,145,0.05703910488721713,45.02086116156897,6.709758651514149,0.03433420285723089,0.10134465132773866,True
0.07,146,0.06654957060515992,58.299318262874976,7.635399024469839,0.04137844641226779,0.11649841917326342,True
0.07,147,0.06679971602666299,52.421520036285756,7.240270715676711,0.0407359941184287,0.11782108276576422,True
0.07,156,0.0757307497151044,70.15476553897861,8.375844168737776,0.047967650981929746,0.13158258346782842,True
0.07,157,0.06864871662046211,59.54232377802873,7.716367265626276,0.04270857801998139,0.12025230469854717,True
0.07,158,0.0481468619292478,32.584954162733084,5.708323235656254,0.027304687351056494,0.08697295598097124,True
0.07,159,0.060295762862068496,49.42766778215423,7.030481333603997,0.03671180171579961,0.10638530261979985,True
0.07,160,0.0742651293291732,69.7976939520695,8.354501418521005,0.0469786346620373,0.12924243014132125,True
0.07,161,0.08037540768090867,78.10657325158377,8.837792329059546,0.05139077380874185,0.13925289581802708,True
0.07,162,0.07261634611394877,70.75772794457566,8.411761286708964,0.04613334874722763,0.126100944517382,True
0.07,163,0.08496047420497299,83.19391698871914,9.121069947583953,0.05452879569639718,0.14701717357903862,True
0.07,148,0.07442203489748002,67.848575858721,8.237024696983797,0.0469380582711347,0.12966161058671677,True
0.07,149,0.07078276503751338,63.21687877490399,7.950904274037262,0.044364183345374564,0.12360633954238176,True
0.07,150,0.07440127592318933,69.11333559743184,8.313443065146464,0.04698752125521809,0.12946310806129238,True
0.07,151,0.07188541196235435,61.397869149718645,7.8356792398437705,0.044840591853078926,0.12565592634246248,True
0.07,164,0.05443018152971636,41.857505406401515,6.469737661327661,0.03234645858440162,0.09698880534694446,True
0.07,165,0.06007753093416096,48.0584077493254,6.932417164981158,0.03642305788189472,0.10622179209982537,True
0.07,166,0.0918255647140755,91.72212437154553,9.577166823833943,0.059256249864300344,0.1581994826530212,True
0.07,167,0.06016286941950257,45.77174150778524,6.76548161683891,0.03615811027338092,0.1068156260290504,True
0.07,168,0.06858214847962293,58.88381398512115,7.673578955423678,0.042522947347334854,0.12009844076480367,True
0.07,169,0.07218424341701975,62.09042320174967,7.879747661045351,0.04500723740560654,0.12640734519964583,True
0.07,170,0.07203733846768716,60.96938014795137,7.808289194692482,0.0448094357387438,0.1260676935727149,True
0.07,171,0.08392995530223046,83.50135334070887,9.137907492457389,0.053980525423393905,0.14507052631724163,True
0.07,172,0.07454734455848348,71.46755688214125,8.4538486432004,0.04735070657574718,0.12946473127726807,True
0.07,173,0.06690521649651676,57.13917812796262,7.559046112305614,0.04144125856846841,0.1173929391575572,True
0.07,174,0.044335085675732425,27.542926320685183,5.248135508986518,0.02420879432593582,0.08135635873407189,True
0.07,175,0.06900858372459188,63.88825736674039,7.993013034315682,0.04335311567167657,0.1203697630652166,True
0.07,184,0.05004803004345299,36.610276356085706,6.05064263992559,0.029115853182523164,0.08981559464774708,True
0.07,185,0.07081302563109708,62.999713901812584,7.9372359106815376,0.044327130851207576,0.12366844082291664,True
0.07,186,0.06471436926354127,54.98044952456462,7.414880277156511,0.03992035663053138,0.11370688840318716,True
0.07,187,0.0658186302937759,56.75643614066189,7.533686756207872,0.04077274924533541,0.11545929573064923,True
0.07,176,0.06602694489259507,56.716255055865076,7.531019523003846,0.04083349702665754,0.11595213324807914,True
0.07,177,0.06374261630425186,54.040551168401635,7.351227868077661,0.039264893949108204,0.11201501617693715,True
0.07,178,0.08362109453800175,73.38415216017302,8.56645505213055,0.05292726921785132,0.14562119419626024,True
0.07,179,0.08043431403761998,78.15725628770952,8.840659267707895,0.05140683979852237,0.13939925918141619,True
0.07,188,0.07805664868888584,75.32204830355136,8.678827588076132,0.04980810758548114,0.1353168745873782,True
0.07,189,0.054906069302144186,42.803567851903836,6.542443568874235,0.03275690037964957,0.09771136086243373,True
0.07,190,0.06840205938103802,58.43444818095804,7.644242812794348,0.04240532284362283,0.11963528884062988,True
0.07,191,0.06952759268186026,61.377730397175355,7.834394067008332,0.043373894549204955,0.12147879926991417,True
0.07,180,0.07791900976026782,68.8468469963077,8.297400014239864,0.049051760769555953,0.1359192256069333,True
0.07,181,0.06489366981724429,57.492846362575165,7.582403732496388,0.04032275327522698,0.11365524707865142,True
0.07,182,0.05649703480663673,44.97686347709714,6.706479216183193,0.03398743798726916,0.10018149453197137,True
0.07,183,0.06021125456711055,48.77761061729689,6.984096979373703,0.03657179425419671,0.10643391613068555,True
0.07,196,0.0707077441603029,64.21825145756998,8.013629106564014,0.04445265696642529,0.12330274474750835,True
0.07,197,0.06518755353425101,54.808314464114346,7.403263771075183,0.04022273335779039,0.11459787337105506,True
0.07,198,0.07119244507439258,65.14628368527428,8.07132477882499,0.04481602731383283,0.12407189700768104,True
0.07,199,0.05761374209569159,43.59695701837654,6.602799180527645,0.03441259777568174,0.10257270283417635,True
0.07,192,0.08151836707943785,82.85761589077856,9.10261588175501,0.05245765853394369,0.14083293396859958,True
0.07,193,0.07774295638485723,77.22149449774838,8.787576144634444,0.049782930228252455,0.13455104374940985,True
0.07,194,0.07146636072712133,66.6566552457366,8.16435271443711,0.04507783032429441,0.12439454103090596,True
0.07,195,0.06942218842355281,61.55242342103929,7.84553525395427,0.04335750732814467,0.12142287025355122,True
0.08,0,0.1033069466374735,107.80089305830893,10.382720888972646,0.06749658857049834,0.1774405114174531,True
0.08,1,0.08557006811815333,84.4814608837471,9.191379705123007,0.05503843145467776,0.14787706317091098,True
0.08,2,0.05541696707688683,41.05371622099506,6.407317396617328,0.03274947062626181,0.09888877819851474,True
0.08,3,0.07380339775449263,64.5840099100376,8.036417728692156,0.04628162129686464,0.128844616180385,True
0.08,4,0.07714127398340863,69.37113219591606,8.3289334368763,0.048615323018314685,0.13455112854038068,True
0.08,5,0.0721143527049477,60.43707761234282,7.774128736542946,0.04485858658041361,0.1263673443383341,True
0.08,6,0.07828110522682348,75.5397228767747,8.691359092614613,0.049920110391784976,0.13576096324888334,True
0.08,7,0.07851452730099813,75.93804250171229,8.714243656319939,0.0500893783646148,0.13607175695271256,True
0.08,20,0.07674600315979124,64.43272866209168,8.026999978951768,0.047959348162044196,0.1342903193055291,True
0.08,21,0.0723472168927525,68.54840371399837,8.279396337535628,0.04580556001834657,0.12577879618607796,True
0.08,22,0.08486071234410678,83.50124434476083,9.137901528510845,0.05454627817893591,0.14669248048425448,True
0.08,23,0.08073794030910685,75.58167623843337,8.693772267458664,0.05130830807591348,0.14014678623043608,True
0.08,16,0.06902340668139594,58.713526781258906,7.662475238541323,0.04286268578579992,0.12100562773747428,True
0.08,17,0.08522913210176145,79.83884518593482,8.935258540519957,0.054519277379222436,0.1477095381692734,True
0.08,18,0.09215086319872784,94.89552987330853,9.74143366621713,0.059852959539670264,0.15859565212764853,True
0.08,19,0.07032547488711402,59.418159998894,7.708317585497759,0.04369002839472314,0.12330235041917802,True
0.08,8,0.07029445354207733,62.149481869489364,7.883494267739995,0.043914092228857435,0.12294562500507125,True
0.08,9,0.11261453068848609,123.94305841166761,11.132971679280766,0.0741846034826287,0.1927070743089604,True
0.08,10,0.09377463379319918,93.0958053034849,9.64861675596481,0.06062650953527095,0.16180596457468016,True
0.08,11,0.08548061612430544,82.26150983343791,9.06981310906889,0.05471810925630303,0.1480852819479292,True
0.08,12,0.08281653075665146,75.28831040919476,8.676883680745915,0.052557541055577695,0.1440447578498914,True
0.08,13,0.10454351594273219,104.93578334785389,10.243816834942622,0.06807823675306607,0.17985917497310422,True
0.08,14,0.0761683749355206,72.22263416663577,8.498390092637297,0.0483688190164971,0.13232827400377575,True
0.08,15,0.07202574939947091,59.123355862979,7.689171337860732,0.04468396590471257,0.12640279648596084,True
0.08,28,0.08932356544227406,92.11780590651733,9.597802139371145,0.05782908887476653,0.15395224108341932,True
0.08,29,0.05692241223809676,42.62508563221172,6.528788986650719,0.03383052674175393,0.10142862310511576,True
0.08,30,0.06644516769003025,57.99927663746939,7.615725614639054,0.04126547518791565,0.11621685335331008,True
0.08,31,0.08193701832310375,76.97251454210868,8.773398118295367,0.052199708602270085,0.14223093834802358,True
0.08,24,0.07932694036546027,72.54172678743885,8.517143111832679,0.050259837277410443,0.13802482580116668,True
0.08,25,0.07168337223136867,60.10928357449484,7.75301770760875,0.04453713957902729,0.125711699828646,True
0.08,26,0.06918168669676002,57.344178532077194,7.572593910416509,0.04274052495167423,0.12127970829188872,True
0.08,27,0.10477031995436953,108.6341844760284,10.422772398744414,0.06836255346778056,0.1800505060231279,True
0.08,32,0.05818813197212102,45.001441812433995,6.708311397992344,0.03489904518379961,0.10323440918741843,True
0.08,33,0.07579717416338264,67.60514546949025,8.222234822083973,0.04771412055899134,0.1322057618077663,True
0.08,34,0.06130047108463777,48.23838640162808,6.945385979312315,0.03716015974964227,0.10852209783329576,True
0.08,35,0.09313471785965272,99.46358867488948,9.97314336981523,0.06068902366779026,0.16010962447739874,True
0.08,36,0.07454300657141309,60.55040772206212,7.781414249483324,0.04629389007669289,0.1306293295032338,True
0.08,37,0.06746491340053165,58.04878410153674,7.618975265843612,0.041915051737631395,0.11833807575317734,True
0.08,38,0.0801005048774334,75.28918790107514,8.67693424551985,0.051008240533576374,0.13902905673272586,True
0.08,39,0.07701786581279217,69.58071204126304,8.34150538219949,0.048640708290556944,0.1341591446381433,True
0.08,48,0.07932735448176563,75.86682160098053,8.710156232868647,0.05060200720539974,0.1375634086942523,True
0.08,49,0.08920584064972954,96.35731731277815,9.816176308154727,0.05809462746772226,0.15331362628588224,True
0.08,50,0.09805699721730256,97.26506345460757,9.862305179551461,0.06356298601873012,0.16922433773295636,True
0.08,51,0.08711188377147491,81.41429965587486,9.022987291128967,0.05579044798504307,0.15101526203072038,True
0.08,52,0.08291722807322453,79.2106647587866,8.900037345920893,0.0529900036618766,0.1437230123392246,True
0.08,53,0.0866408749723994,82.96693787844424,9.10861887875677,0.05558741588371604,0.14992713820377956,True
0.08,54,0.07741527696392556,73.94038404480216,8.598859461859007,0.04924453517608736,0.13437847444954137,True
0.08,55,0.0737316260491179,69.4422138737068,8.33319949801436,0.046650698965197857,0.12816456935112774,True
0.08,40,0.07340858935245062,66.33728532690247,8.144770428127638,0.04619641375916479,0.12802343059521554,True
0.08,41,0.0633012059217718,54.942563249675004,7.4123250906631855,0.03906940151863242,0.1112839672628078,True
0.08,42,0.06254640354209375,51.926313046631094,7.205991468675986,0.03831805226335287,0.11015828530250796,True
0.08,43,0.08528860291675758,79.82642287237195,8.934563384540509,0.05445807471083397,0.1479608816592356,True
0.08,68,0.0748830407047461,70.33417363604008,8.386547182007627,0.047429591967122584,0.1302666939228312,True
0.08,69,0.07069917178880815,59.15539754378756,7.691254614416789,0.04379724123494087,0.1238395057241641,True
0.08,70,0.09328213448811036,96.35505260140485,9.816060951390066,0.06051464553960158,0.16072222601318142,True
0.08,71,0.06192610612218721,49.37929450745696,7.027040238070148,0.03762713909808808,0.10946506238998599,True
0.08,44,0.08729051071703935,83.51506769924345,9.138657871878312,0.055880984674716146,0.1512112837566283,True
0.08,45,0.06759631271714425,56.105257778016494,7.490344303035508,0.041781555274419395,0.11870993603900201,True
0.08,46,0.09349276873687377,90.45160239610641,9.510604733459719,0.060343210011641724,0.1613917589355114,True
0.08,47,0.07843292387165819,74.25999214855915,8.617423753568067,0.04994377147887427,0.13613076694259152,True
0.08,56,0.08420795890318401,82.93620673306896,9.106931795784405,0.05414485062485104,0.14570249302197313,True
0.08,57,0.07844580286843583,73.11546605973808,8.55075821548815,0.04980909238006337,0.13631705214631015,True
0.08,58,0.0859892155765077,82.34622385374155,9.074482015726382,0.05508640899116304,0.14891309290786445,True
0.08,59,0.0593324197209042,46.42726963357927,6.813755912386301,0.03568887169710848,0.10494754936370893,True
0.08,60,0.06566940934807543,53.61019348458649,7.321898215940077,0.04031544221262018,0.11576110932197987,True
0.08,61,0.07189882737127502,66.5373402777168,8.15704237317159,0.04530349766302813,0.1252066932871868,True
0.08,62,0.07687814918340599,72.66098912461257,8.524141547664057,0.04883306780496142,0.1335359016361226,True
0.08,63,0.06942436212929944,61.69895457558482,7.854868208670647,0.04341758177993138,0.12133179919907883,True
0.08,64,0.07859141418944131,76.09584551142166,8.723293272120436,0.05019449895870104,0.13619389949098668,True
0.08,65,0.08414027763918207,80.16366512822924,8.953416394216749,0.053874722184225156,0.1457127615138021,True
0.08,66,0.07330742799801312,64.97204838205812,8.060524076141583,0.046078118631596984,0.12810876162963708,True
0.08,67,0.06860701129704477,53.65726741101912,7.325112109109261,0.04200981907761808,0.12103809938199639,True
0.08,72,0.09304002047057307,98.2209539412288,9.910648512646828,0.060511952094980746,0.16011216512746673,True
0.08,73,0.07070454738570967,60.97750642067217,7.808809539274995,0.04404305380006649,0.12351672599897864,True
0.08,74,0.06460376060228243,50.63304820354847,7.115690282997741,0.039368374412178095,0.1141240917630349,True
0.08,75,0.08874176901585615,86.2435794633243,9.286742133995338,0.056967914286632254,0.15329364103208526,True
0.08,76,0.09443435441571607,102.59485220466559,10.128911698927263,0.06173656175499989,0.16205481928655766,True
0.08,77,0.08324359291233097,76.64142681611156,8.754508942031618,0.052923441252897815,0.14462834644109235,True
0.08,78,0.07971221677899376,70.14030849718552,8.374981104288267,0.05032283067883081,0.13890233839761296,True
0.08,79,0.09375007412071146,90.09326681540915,9.491747300439954,0.0603616165974117,0.16184446176276918,True
0.08,80,0.08130288678794031,77.65907904079722,8.812438881535419,0.05205616198845854,0.14107845041040779,True
0.08,81,0.0967939482941758,94.94535752507954,9.74399084179986,0.06261144231800644,0.16700110707115573,True
0.08,82,0.07971396924501083,71.24077790348542,8.440425220537495,0.05047591333117023,0.1390687366980687,True
0.08,83,0.07497446608082883,65.15190874782843,8.071673230986772,0.047041596005298274,0.13091212017690187,True
0.08,84,0.08830293027375771,81.70247697563991,9.038942248716932,0.05649374461974054,0.15314919941602173,True
0.08,85,0.08681184840416341,86.59475827060237,9.305630460672848,0.05594219738453,0.1499325692855079,True
0.08,86,0.08263897683879141,73.06258677768687,8.547665574745357,0.052337866428926336,0.14383063483376596,True
0.08,87,0.0810146259901461,77.30063691064993,8.792078076919582,0.051730144169899434,0.14043242689294028,True
0.08,88,0.08505062167620299,79.90446370296445,8.938929673230708,0.05436022007200926,0.147445520947988,True
0.08,89,0.08762854961350257,82.27397110969468,9.070500047389597,0.056097369322487975,0.15182967610210982,True
0.08,90,0.07607696946229778,71.45937641653927,8.453364798501202,0.04828369943895422,0.13210614456647157,True
0.08,91,0.08931965855452617,85.70900900065271,9.257916018232867,0.057457344618893055,0.15446288234566083,True
0.08,96,0.0859530348375928,82.93490957313679,9.106860577231695,0.05509050682622993,0.1488018091533415,True
0.08,97,0.08619946124234422,87.82767125768373,9.371641865632922,0.05566035209475917,0.1487028171787369,True
0.08,98,0.07070389232679544,63.01218631059692,7.938021561484758,0.04426662633310508,0.12353800276458396,True
0.08,99,0.0889432705230918,85.93706158156056,9.270224462307294,0.05710983077907476,0.15385736200956004,True
0.08,92,0.08604235840326051,83.9925482353799,9.16474485380689,0.05532608030868355,0.1487349887696808,True
0.08,93,0.07547945577060099,69.67211362866601,8.346982306718159,0.047778008112804776,0.1312945922682418,True
0.08,94,0.0857848788937794,83.58319636373699,9.142384610359432,0.05507504408878755,0.1483834045413441,True
0.08,95,0.08222032645907273,82.08298429209094,9.0599660204711,0.052824080037705765,0.14215014369870535,True
0.08,100,0.07931569295152928,77.02926311548458,8.776631649755194,0.05068248264073462,0.13743431309971774,True
0.08,101,0.08850470775723583,90.8216914874447,9.530041526008409,0.05724397536422627,0.152575831523104,True
0.08,102,0.07634317226808005,68.848541240023,8.297502108467523,0.04816848365509274,0.13282246646739576,True
0.08,103,0.10009810325897858,106.58298305025664,10.323903479317144,0.0654221980697177,0.17169305602573662,True
0.08,108,0.06807362207428556,60.06914594608179,7.750428758854686,0.042431765445864765,0.11913120461732724,True
0.08,109,0.08995086309278884,93.94707306333748,9.69262983216307,0.058408661336714435,0.15488398182224955,True
0.08,110,0.07619241757900892,76.22662974246214,8.730786318680703,0.04870581333301376,0.13196637465288533,True
0.08,111,0.10460824292860688,109.97967715537516,10.487119583344855,0.06840226325369915,0.1795380743341901,True
0.08,104,0.08682798701517386,89.75279858336444,9.47379536317755,0.05621548898331991,0.14949513445022508,True
0.08,105,0.0820036060553854,79.19095428410401,8.89892995163486,0.05247093041096211,0.14203887386064915,True
0.08,106,0.09113326020986758,99.73610032705938,9.986796299467581,0.05950882974266032,0.1564725209505149,True
0.08,107,0.06815512479966952,59.60109563760716,7.720174585953815,0.042550305575188956,0.11956021150474225,True
0.08,112,0.07520734581033962,65.48536443434637,8.092302789339161,0.04718028325215209,0.13131301724607009,True
0.08,113,0.07117850502474145,67.66217132021575,8.225701874017545,0.04500417743424008,0.12384467099854723,True
0.08,114,0.06818622039967036,56.96491689444906,7.54751064222165,0.042073684873658604,0.11966322509659076,True
0.08,115,0.07368113658421546,69.92313991142419,8.362005734955233,0.04667172492596302,0.12810489392775373,True
0.08,116,0.08164600759143348,71.80573205579185,8.473826293699432,0.05160339747392238,0.142239810649963,True
0.08,117,0.07735779724540626,74.45423084229947,8.628686507360172,0.0492216347328755,0.1343197363344792,True
0.08,118,0.08483511822085198,83.21629935320152,9.122296824440735,0.05440474520136812,0.1467002716264594,True
0.08,119,0.08585349026166254,84.94827696531138,9.216738955037805,0.05522122071475469,0.14826682802948116,True
0.08,120,0.08334525310263988,80.55557292569756,8.975275646223773,0.0532794758805374,0.14423209302257137,True
0.08,121,0.07285754002599686,68.26385136431327,8.262194101103729,0.04602369452623056,0.12679636347469225,True
0.08,122,0.07140945979967984,65.63813596833074,8.101736602008902,0.04499136262287334,0.12439948535013023,True
0.08,123,0.09938240085314495,110.35307975492492,10.504907412962996,0.06520241503950341,0.1703689180075984,True
0.08,124,0.08978500800208024,86.41164785380624,9.295786564557421,0.05773354382181779,0.15525720603761173,True
0.08,125,0.09066253918850696,93.03192461203048,9.645305832996199,0.05872599603725953,0.1561082750959713,True
0.08,126,0.07041787930022751,61.7182336145861,7.856095316032392,0.04396667153894909,0.12300419583348086,True
0.08,127,0.07029756188162073,57.95523781869724,7.612833757458338,0.043390541002057734,0.12327774514384429,True
0.08,128,0.0864184112104309,91.25160006419583,9.552570338092037,0.056029951004350265,0.1487673564608058,True
0.08,129,0.08814901848297894,85.17505808799979,9.229033431947236,0.056549114206457356,0.15238415126103955,True
0.08,130,0.07911960111294769,74.39356047616434,8.625170170852535,0.05035262634153397,0.13734105406105784,True
0.08,131,0.10023430260564642,112.83217590730669,10.622249098345732,0.06589534677334855,0.17174673252461428,True
0.08,132,0.07363814944582316,62.87605196357845,7.929442096615527,0.04597613836220704,0.12886631217140737,True
0.08,133,0.08127599229011996,78.48372056762082,8.859103824181135,0.05193590296777359,0.14087495697906743,True
0.08,134,0.08134207997571254,85.26822481426143,9.234079532593459,0.05251843342518572,0.14023833203966646,True
0.08,135,0.08153800794686805,76.48169207165961,8.745381185040456,0.0519186460244258,0.14157988467654728,True
0.08,136,0.0767642963259974,68.49624873787661,8.276246053488055,0.04843657435628051,0.13376307445636093,True
0.08,137,0.08122238965416297,77.37187628852735,8.796128482947902,0.051797708600522505,0.1409141695051454,True
0.08,138,0.09039069253117721,94.75157543873729,9.734042091481692,0.05863996779335355,0.15544502480174488,True
0.08,139,0.09337475248653904,92.14424651216063,9.599179470775647,0.060351556183277186,0.16119500516471455,True
0.08,140,0.08891127371043628,86.06020566000507,9.276863999218975,0.0571918973893935,0.1537179185520063,True
0.08,141,0.08273016261297035,79.36716913921168,8.908825351257688,0.052898089179321914,0.14333790949962913,True
0.08,142,0.08417744031649181,80.32049016140104,8.962169947138976,0.053841761275167946,0.14586733707568764,True
0.08,143,0.08145315902129668,75.15216219840636,8.669034675118468,0.05186149573194147,0.14155687974508113,True
0.08,144,0.08505968293609506,86.82707210755643,9.318104534053932,0.054904953111520036,0.14669789653503695,True
0.08,145,0.066888453736359,52.618669349244556,7.253872713884946,0.040883343615425664,0.11793336276511215,True
0.08,146,0.08317979816666865,80.86083436019749,8.992265251881612,0.05330872633515253,0.14381617668316868,True
0.08,147,0.09904872733144504,94.6596529942176,9.72931924618663,0.06390066577843762,0.17117892631886417,True
0.08,152,0.08376665284091207,77.61130917125206,8.809728098599415,0.05333121753122058,0.1453680912983644,True
0.08,153,0.0727673220148122,63.13181888614213,7.945553403391241,0.045499968644245256,0.1271010338740068,True
0.08,154,0.09265665799916072,94.00541496181017,9.695638966144015,0.060044462959331434,0.15965676334971823,True
0.08,155,0.0762395067252736,66.78019103240194,8.171914771484218,0.047844850587982796,0.1332254609120484,True
0.08,148,0.09079375320309083,89.13086270208169,9.44091429375787,0.05863476607906904,0.15666104668981456,True
0.08,149,0.07023385307103468,60.24041972651912,7.76147020393167,0.04371886912387417,0.12303365226976164,True
0.08,150,0.09293435192683411,98.33076275812641,9.916186906171465,0.060490505984505075,0.15983713112921077,True
0.08,151,0.08444137079420745,85.47439104592127,9.245236127104665,0.05440302901832214,0.14581652432543338,True
0.08,156,0.0864011838349683,88.83138334689443,9.425040230518617,0.055801603835409636,0.14907200453781455,True
0.08,157,0.07360147242091238,67.95168643410989,8.243281290488023,0.04651080346574447,0.1280971691989023,True
0.08,158,0.05323425766469058,39.278665695200516,6.267269397050083,0.031308365468041624,0.09530943094589867,True
0.08,159,0.07791249307131523,73.29466789327034,8.5612305127984,0.049566550936995704,0.13523785093873464,True
0.08,160,0.07934599725631818,79.32018543420963,8.906188041705027,0.05082476038998113,0.13727076575598604,True
0.08,161,0.09981051134077669,105.92300009422365,10.291890015649393,0.06516229303664242,0.17121332186041321,True
0.08,162,0.0686713046090711,57.51994753228405,7.584190631325406,0.04249777472002221,0.12056503791551876,True
0.08,163,0.07552534920964979,62.16543331404296,7.884505901706394,0.04695405713078786,0.13252646936985737,True
0.08,168,0.08019481696654789,75.74544209548208,8.703185744052696,0.051079090941263436,0.13918324121555553,True
0.08,169,0.08290234500851773,76.17307974368532,8.727719045872485,0.05277390057372809,0.1440396472436494,True
0.08,170,0.06538073934626236,52.42141244909317,7.240263285895974,0.04000242994449851,0.11531037272722797,True
0.08,171,0.10110318133571813,108.76798273256918,10.429188977699521,0.06621866564395903,0.1733046569960665,True
0.08,172,0.0709642175203796,61.79090607857188,7.8607191832918115,0.04432084468232997,0.12413363561374091,True
0.08,173,0.07282708491296294,67.545965684046,8.218635268951044,0.04595677911698189,0.12682250278248172,True
0.08,174,0.07435407591989235,71.4431148613844,8.452402904581891,0.04724326586434061,0.1291041029266993,True
0.08,175,0.06919394431058347,59.56506032730613,7.717840392707414,0.04303179011344911,0.12118425246816009,True
0.08,176,0.07231585379211751,65.5673857324557,8.097369062384134,0.04551750974893948,0.1260546793700866,True
0.08,177,0.06712559636275052,53.48028929374959,7.313021898897172,0.041145461010256526,0.11830223354358549,True
0.08,178,0.08885091715651096,86.54305556058307,9.30285201218331,0.05720630953586738,0.15337771635904868,True
0.08,179,0.08572731003135152,89.00305387616618,9.434142985781282,0.055433819630915177,0.14757611388107228,True
0.08,164,0.08584615027345142,80.20521963328088,8.95573668847409,0.05491534053566651,0.14881242559498198,True
0.08,165,0.07900801420447238,72.09626751001974,8.490952096792194,0.05000985119472938,0.1375307335724778,True
0.08,166,0.08365006533505866,80.16824682974425,8.953672253871272,0.05345608007005759,0.14492553340955336,True
0.08,167,0.09016633187865104,88.76525554194018,9.421531486013311,0.05813566963405264,0.15572675272373007,True
0.08,180,0.10402690358899183,110.38064066073571,10.506219142047994,0.06800629607860922,0.17865433407386327,True
0.08,181,0.089985096284192,95.69109618768402,9.782182588138703,0.05846352319046438,0.15484980310520174,True
0.08,182,0.08631135793027185,80.82781674425314,8.99042917464195,0.055211682920740426,0.1496217178720487,True
0.08,183,0.07876751756301638,73.73395999933905,8.58684808293119,0.050066851291413084,0.13681637388355244,True
0.08,184,0.08464183437730224,80.6284000141718,8.979331824482921,0.05418187381982474,0.14660192638048175,True
0.08,185,0.0911312885863649,92.48028949222021,9.616667275736445,0.05895499005969794,0.1571710908998918,True
0.08,186,0.07942587458025946,71.94032881845101,8.481764487325206,0.05032092774320749,0.13815919585696673,True
0.08,187,0.07635077758662898,70.04084342239139,8.36904077074496,0.04827416138759304,0.13292133667378397,True
0.09,8,0.0840980391659692,84.82806127417712,9.210215050376245,0.05424193855075583,0.14518928733766065,True
0.09,9,0.07940475197566858,71.55867461648586,8.459236053952264,0.050265260632039205,0.1381756990417629,True
0.09,10,0.09655238527800619,100.9453354460295,10.047155589818917,0.06285991369058024,0.16599852000248277,True
0.09,11,0.0773230878556048,67.70195214642968,8.22811959966733,0.04864173365490916,0.13491628609588002,True
0.09,16,0.10033264896170117,106.59487348773632,10.324479332525021,0.06550980303756715,0.1721654001031646,True
0.09,17,0.10728340853270577,128.37344344583812,11.330200503337888,0.07111981278468774,0.18297119349087446,True
0.09,18,0.08252682518370599,75.16003958430792,8.669489003644212,0.05252827227326695,0.14348742801657605,True
0.09,19,0.09021874118925284,86.9483684014017,9.324610898123401,0.058092930212591515,0.15597203775803134,True
0.09,12,0.09777466162343548,104.81856804486551,10.238093965424692,0.06389809977439861,0.16785478049486827,True
0.09,13,0.08486114477778028,77.4571818388265,8.80097618669807,0.053968879806082504,0.14711315379682954,True
0.09,14,0.07078137136333616,60.796088247773014,7.797184635993495,0.04407358826813022,0.12398519386507655,True
0.09,15,0.07181548610779469,64.32756272595248,8.02044654155568,0.04509075615808601,0.1251307780519207,True
0.08,188,0.07211789661258983,68.96243785641855,8.304362579778086,0.045690924870439166,0.12532792830190823,True
0.08,189,0.06371075564238873,50.167488618839116,7.082901144223256,0.038789054949248336,0.11265148333964074,True
0.08,190,0.08518187951036187,88.54872748694265,9.410033341436291,0.05509573274362699,0.1468316591641401,True
0.08,191,0.10394446460058394,111.6427581394189,10.566113672463443,0.06815939962801318,0.1782219668782215,True
0.08,192,0.056717191574497006,40.22062214765356,6.34197304848054,0.03343806415793039,0.1016339694678857,True
0.08,193,0.09411743198141183,96.45304212880319,9.821050968649088,0.06114162031116409,0.16199153511663916,True
0.08,194,0.06139464672524816,51.702212429579276,7.190425052079973,0.037642652056805434,0.10809204338342326,True
0.08,195,0.10571511876934116,119.48002950345608,10.930692087121294,0.0695931333028027,0.18092088904806836,True
0.09,24,0.07031933810908045,59.094384474578646,7.687287198653284,0.04365550512445367,0.12329986826870096,True
0.09,25,0.06986530868933064,59.9271780437482,7.7412646281953315,0.043489241543915785,0.12237319292615412,True
0.09,26,0.11205679393107068,112.97706095838726,10.62906679621439,0.07326543287398135,0.1924627866034629,True
0.09,27,0.09379555174800676,99.01800787751563,9.95077925981255,0.06107859935588101,0.16127208138073537,True
0.08,196,0.06540043669352374,59.33985982256695,7.703236970427883,0.04080169982899593,0.11436474603319945,True
0.08,197,0.07614347613325936,72.87645626372546,8.53677083350171,0.04841906134466076,0.13220445380046963,True
0.08,198,0.09198965659821536,93.6654153156162,9.678089445526746,0.05954524346474712,0.1582674490394103,True
0.08,199,0.08683503611435811,83.6006023038251,9.143336497352873,0.0556927619291861,0.150309683803645,True
0.09,4,0.09076597867920538,84.28387403762986,9.18062492631247,0.05809941104016431,0.15733237941582232,True
0.09,5,0.09536066532506755,97.6076131011448,9.879656527488434,0.061913060363516896,0.16418858948630538,True
0.09,6,0.10319575169821947,104.08534399874861,10.202222502903405,0.06715836132260988,0.17738940069588977,True
0.09,7,0.09322942233902125,92.67462936345737,9.626766298371296,0.06031898335706157,0.16079056134682196,True
0.09,0,0.08872240414642119,90.98912908375087,9.538822206318287,0.0574122740765579,0.1529384259487326,True
0.09,1,0.0904521101394556,91.4590092602341,9.563420374543519,0.05847651479638083,0.15604048551563654,True
0.09,2,0.0761133315675505,69.54185286989582,8.33917579080186,0.04817322995906939,0.13239191975850817,True
0.09,3,0.09566872462876318,91.28403223364217,9.55426774973583,0.06158304714857164,0.165539303926921,True
0.09,36,0.09525753382936332,96.51813727901458,9.824364472016223,0.061783571523871574,0.16411657253573358,True
0.09,37,0.11609152990907577,131.44904496999902,11.465122981023754,0.07682141795395415,0.1982453951580559,True
0.09,38,0.08376051579864224,82.7541193835109,9.096929118307502,0.05382721580573858,0.14480050351639584,True
0.09,39,0.08769854326961518,75.06410275016742,8.663954221379948,0.055598129129241655,0.15265513833073074,True
0.09,32,0.08153101702204821,76.78614515060531,8.762770403850903,0.051960549138306736,0.1414914870865973,True
0.09,33,0.07563063048550343,68.89453754200758,8.300273341403136,0.04777544480708046,0.1316840821901399,True
0.09,34,0.09380626934152136,87.52572699201687,9.355518531434635,0.06016701588826024,0.16250381840079753,True
0.09,35,0.07990651633346996,77.3780204086097,8.796477727398035,0.05108886676418202,0.13841277575677335,True
0.09,40,0.09322746359986842,94.29868233590969,9.710750863651569,0.06047397657874094,0.16058609648966837,True
0.09,41,0.09815840083497053,94.52587726074489,9.722441939180964,0.0633432528080924,0.16959838261271665,True
0.09,42,0.0825171364682153,74.29876991272795,8.61967342262617,0.052369352202618305,0.14349208103444122,True
0.09,43,0.09084473207320858,84.25953878181122,9.179299471191209,0.05821025939911359,0.15737627717089184,True
0.09,20,0.1023210953510452,106.20296702386986,10.305482377058818,0.06683782185648471,0.1757366567656563,True
0.09,21,0.08350809193022343,76.87598580207441,8.76789517513037,0.05322064764671908,0.14502922609951346,True
0.09,22,0.09291399488224754,97.31372474259001,9.864771905249002,0.06044447344183716,0.15980596231110905,True
0.09,23,0.07468226728878928,68.87333909757308,8.29899627048796,0.04718123090920524,0.13004343583831604,True
0.09,52,0.09111031051800283,84.01347888195073,9.16588669371113,0.05844851576168222,0.15777580386006812,True
0.09,53,0.08686141495953953,81.9484068388922,9.052535934139792,0.0556398749267073,0.15044120590516236,True
0.09,54,0.08412658992526212,75.10314028574317,8.666206799156317,0.053404744491525144,0.1462898282865949,True
0.09,55,0.10221322623509188,104.98070722778789,10.246009331822213,0.0665600687026825,0.17571916595456272,True
0.09,28,0.09331849871134781,92.4133096676826,9.613184158627286,0.060281247560663734,0.16106590737103996,True
0.09,29,0.10346373674991836,102.05817397528335,10.102384568768077,0.06729842411571524,0.178468273820404,True
0.09,30,0.09391735472640107,92.84336471260508,9.63552617725701,0.060725958661641474,0.1620331947050932,True
0.09,31,0.10198388585841815,100.1908521400519,10.009538058274812,0.06609820019378293,0.1756201526698626,True
0.09,44,0.09219233974895165,93.8363058977659,9.686914157654433,0.05969726113340476,0.15893728903275708,True
0.09,45,0.08601298051638302,82.62537247415321,9.089849969837413,0.055143160588692786,0.14893347757190506,True
0.09,46,0.08033562057062428,74.9871111631262,8.65950986852756,0.051191146439598545,0.1393692342024866,True
0.09,47,0.08645319338864164,79.13817232962924,8.895963822410096,0.055167572308972665,0.15016692583774904,True
0.09,48,0.09324746108829954,93.42291219070353,9.665552865237638,0.060401388597272204,0.1607169232546102,True
0.09,49,0.08908360714216029,89.37932949792025,9.454064178855582,0.05761775426581579,0.1535606529954789,True
0.09,50,0.10921516056420545,112.65018513780069,10.613679151821044,0.07132489465516062,0.18772894734916074,True
0.09,51,0.07736596159329118,71.81889211958924,8.474602770607554,0.04908920770675374,0.13450417037233828,True
0.09,68,0.0839407239769751,77.56624516091324,8.807170099465164,0.053450774316853245,0.14580110667365576,True
0.09,69,0.11119981318420256,122.95568786196759,11.088538580983862,0.07334188490400423,0.19017879356640316,True
0.09,70,0.11732365065020245,132.2343941767499,11.499321465927888,0.07766845604100182,0.20032610862417582,True
0.09,71,0.08871609032055348,93.68854776962053,9.679284465786742,0.05762720708795928,0.15263809459147726,True
0.09,64,0.0743143293548097,64.996896049312,8.062065247150509,0.0466195559809125,0.129749315488191,True
0.09,65,0.08203279362891512,76.29563816179052,8.734737440918904,0.05216132394698364,0.14248141744958986,True
0.09,66,0.07640459079831016,71.03550382965159,8.4282562745595,0.048397291083238606,0.13290243474051022,True
0.09,67,0.07537597075659702,74.08387448401913,8.60719899177538,0.04810416882129022,0.1306134045826582,True
0.09,56,0.0865883387588704,85.58466182428378,9.251197858887453,0.05581665234893765,0.1495061950645168,True
0.09,57,0.09478349929541235,97.7832401489602,9.88854085034593,0.06158979926633734,0.16314398229739432,True
0.09,58,0.09427395168858795,97.21531485619516,9.85978269822389,0.06125735956150912,0.16226283310573866,True
0.09,59,0.0773250707676447,69.94088473682268,8.363066706467352,0.048922175579142885,0.13455520012718775,True
0.09,60,0.08020235274956297,81.44319109450953,9.02458813988259,0.051576380871834554,0.13859208555530708,True
0.09,61,0.10041560127809489,107.34359844179312,10.360675578445314,0.06567014113354282,0.17229105923403915,True
0.09,62,0.0873580058098084,85.00152804125355,9.21962732659263,0.056142870782948016,0.1510751995089452,True
0.09,63,0.11217778122039743,121.10895980874557,11.00495160410738,0.07379610206730078,0.19211706631192946,True
0.09,84,0.0961531181896747,96.469493850155,9.821888507316451,0.062322324183035405,0.16572222746423737,True
0.09,85,0.10035542582595047,106.74036256920272,10.33152276139402,0.06574308626913487,0.17229275948765077,True
0.09,86,0.08665076970850034,82.22752131067614,9.067939198664497,0.05557065781026341,0.15010599581725012,True
0.09,87,0.10336124737415045,106.3963168021669,10.3148590296798,0.06744635126589843,0.17737283033748755,True
0.09,76,0.10350477638983994,107.12999363182826,10.350362004868634,0.06747804236303886,0.17789343323767032,True
0.09,77,0.09012513452916023,93.9542979776379,9.693002526443388,0.058494209987598134,0.1551673482079715,True
0.09,78,0.07605852182595894,71.52941695800587,8.457506544957909,0.04823956644657236,0.1322142695870979,True
0.09,79,0.08772354356756787,85.98821309319965,9.272982966295132,0.05646387493742493,0.1515907352476299,True
0.09,72,0.08583740635554647,77.14830598820345,8.78341084022622,0.054575798169765335,0.1491471724144055,True
0.09,73,0.11912095550623476,126.62185676080344,11.252637769021245,0.07843965800323362,0.20401156855657904,True
0.09,74,0.09827280598007278,97.42715495886341,9.870519487791077,0.06377222006796932,0.1694955181158215,True
0.09,75,0.1031880510133547,116.35617590921834,10.786851992551782,0.06797856113354818,0.17651947848540256,True
0.09,80,0.10236031983079949,100.29784509872002,10.014881182456437,0.06639384245396848,0.17645187184148126,True
0.09,81,0.0703007622752363,57.59339150474102,7.589030999063123,0.0434820502237403,0.12351355281959384,True
0.09,82,0.10521326555684891,116.28085338020196,10.783360022748102,0.06912859293245746,0.1802619159790955,True
0.09,83,0.09658332335157623,104.10482933104595,10.203177413484779,0.06311519293498913,0.16581313529284541,True
0.09,88,0.07091083438257377,59.65099085414158,7.723405392321549,0.04409431611716236,0.12425645834295301,True
0.09,89,0.10895511331080805,117.63627339839172,10.846025696004585,0.07145336124724852,0.1867490894672887,True
0.09,90,0.08112737342547005,76.73866798250606,8.760060957693506,0.051754708960311216,0.14069727619755332,True
0.09,91,0.09635161286615015,103.64680520121874,10.180707500032536,0.06295649554815563,0.1653909035707936,True
0.09,96,0.08859874543156106,78.92357198288119,8.883893965085422,0.05638956724636841,0.15392776177214448,True
0.09,97,0.08869366485643217,83.81290304201002,9.154938724099141,0.05684811596172913,0.15347328604706523,True
0.09,98,0.11069522055436665,119.94659990328091,10.952013509089591,0.07273863531994987,0.18968616515486933,True
0.09,99,0.10378162988808723,109.38682529651624,10.45881567370399,0.06804051437207717,0.1782704926970124,True
0.09,92,0.0930619171265053,94.12416792356203,9.701761073308393,0.06021822850025638,0.16052107338390798,True
0.09,93,0.10280138730208437,109.68146937640722,10.472892120918997,0.06730178821438872,0.1762830248313248,True
0.09,94,0.07636785748349639,75.90460390465705,8.712324827774562,0.048769125807856015,0.13226646241527187,True
0.09,95,0.11906679181679056,129.38738399696786,11.374857537436144,0.07847377902665466,0.20380965344663476,True
0.09,100,0.07914875181192736,72.74358530065024,8.528985009990945,0.050335932937829946,0.13773495180400555,True
0.09,101,0.09361515571882599,98.43004853287425,9.921191890739452,0.06088500628031116,0.16109014645773834,True
0.09,102,0.08884982623350712,86.688671079796,9.310675114071804,0.05719901811601902,0.15353561254162618,True
0.09,103,0.09770559414932327,101.28999887134137,10.064293262387647,0.06364091456712864,0.16795245719707286,True
0.09,116,0.10867401798853644,115.63153316021453,10.753210365291592,0.07117356449754245,0.18633758738517464,True
0.09,117,0.0802513649236997,74.98659359480439,8.659479984087058,0.05115291627402688,0.1393045716363125,True
0.09,118,0.07721260281323591,74.13272711935497,8.61003641800399,0.04921106372883227,0.13387064395923293,True
0.09,119,0.09415022491725632,88.65625728490113,9.415745179480014,0.0604465546986491,0.16310118904421317,True
0.09,120,0.08685076303259985,87.37084105327335,9.34723708125954,0.05603759621607238,0.1498965116701742,True
0.09,121,0.07265641410767597,63.3340644602531,7.958270192714815,0.045454095001410504,0.12704236211189493,True
0.09,122,0.11283595512567998,114.35830018762954,10.693844032322032,0.07381327877477546,0.19378106069265413,True
0.09,123,0.0989229036747688,102.2622208558912,10.112478472456255,0.06442811291688119,0.17013160425408852,True
0.09,104,0.10427188747146128,107.84552958538802,10.38487022477354,0.06801371759654384,0.17921644164174894,True
0.09,105,0.08005512685249025,75.3695235309076,8.6815622747814,0.05097590605557693,0.13893942043849297,True
0.09,106,0.09340477190331958,91.89885538715725,9.586389069256331,0.06036226941677764,0.16123016309844468,True
0.09,107,0.07177967056979456,68.31941484929257,8.265555931048592,0.0453159121946001,0.12502117861721998,True
0.09,112,0.09815275115200195,106.5434027781871,10.321986377543185,0.06422404528550255,0.16845625796178076,True
0.09,113,0.08153807890181924,76.1341212881398,8.725486879718506,0.05198895467017348,0.1416578000789261,True
0.09,114,0.1098923860081554,117.38360285489512,10.834371364084541,0.07215547173811576,0.18836388258112485,True
0.09,115,0.09574540453877921,97.03794877354608,9.850784170488463,0.06220414031380054,0.16491171674154365,True
0.09,108,0.07951978229178897,74.80158389409962,8.648790892032228,0.050656755796142414,0.13821362250863128,True
0.09,109,0.1041829582594914,109.22816395031487,10.45122786806961,0.0682768068823459,0.1791494340946164,True
0.09,110,0.07444477267771614,64.75121300407636,8.046813841768452,0.04669551154720458,0.13008144842363034,True
0.09,111,0.08247917183825022,77.19253530117294,8.785928254952514,0.052630603663249495,0.14308665058044037,True
0.09,124,0.09428628985202067,92.43121810327875,9.614115565317423,0.06094312449167435,0.1626793834347471,True
0.09,125,0.08435631569229525,83.70134982468039,9.148844179713654,0.05421592793375534,0.1458888640583873,True
0.09,126,0.0881719755323003,82.09043810963976,9.060377371259973,0.05633764135164203,0.15295917238026951,True
0.09,127,0.10960560184878047,117.69574377286017,10.848766924072992,0.07199403394363615,0.18783289424293548,True
0.09,128,0.07965944917465803,79.8887664253864,8.93805160118168,0.05106008501468627,0.13787389287184232,True
0.09,129,0.08232499938484206,78.21429281708174,8.843884486868976,0.05258590062035029,0.14279574317148783,True
0.09,130,0.08609369925389676,83.05251027142162,9.113314999023222,0.055306726942247544,0.14892979691700142,True
0.09,131,0.10301393109072246,110.51902668053731,10.512802988762669,0.06744557341535941,0.17663295804359203,True
0.09,132,0.05592887013786121,42.25747936672519,6.500575310441776,0.03327265206765338,0.09963768698562966,True
0.09,133,0.11551246546180029,129.0026916063507,11.357935182345015,0.07629160330366677,0.19746055679909524,True
0.09,134,0.0784253292645984,70.22506928305825,8.38003993326155,0.04957028314260673,0.13654771679501582,True
0.09,135,0.11282186757892751,109.76805912552777,10.477025299460136,0.07341307290195484,0.19430020574904647,True
0.09,136,0.07814331579495966,73.2283722373254,8.55735778364592,0.04964849734868752,0.13574388195674858,True
0.09,137,0.0909408009999592,84.8661587731142,9.212283038048396,0.058308820894223706,0.1575160678161177,True
0.09,138,0.08578173567676184,80.1804506815131,8.954353727741221,0.0548048630603443,0.14876195995351194,True
0.09,139,0.08039155282562092,76.74748884696237,8.760564413721434,0.05128682882729779,0.1394234639128784,True
0.09,140,0.08615146836431548,89.03896953458343,9.436046287221329,0.055685246522504256,0.14857379685789657,True
0.09,141,0.10929932161391424,133.98378880749988,11.575136664743958,0.07260907333039326,0.1859024728266935,True
0.09,142,0.08857192542148308,86.42090530198539,9.296284489084087,0.05699869727110266,0.1531032289307498,True
0.09,143,0.07720805777442004,71.45286351624145,8.45297956440458,0.04897350540851947,0.1341549854977291,True
0.09,144,0.08294912157588115,78.03985783658914,8.834017083784088,0.05301811767686579,0.14386323012361532,True
0.09,145,0.06432949849270843,49.48550582445887,7.034593508118211,0.03902175639980991,0.11383751649524268,True
0.09,146,0.08272425360164891,80.21601785606026,8.956339534433711,0.05300194386950965,0.14318542309068083,True
0.09,147,0.08669577456581669,72.13988505121893,8.493520180185536,0.054597281514674204,0.15142198527997086,True
0.09,152,0.08477631607763791,79.22287351063073,8.900723201551138,0.05416188492328637,0.14699937476131564,True
0.09,153,0.11331542051412523,117.26242027300282,10.828777413586579,0.07427223093484202,0.1944763312768803,True
0.09,154,0.10209298283469777,107.09797478679366,10.348815139270469,0.06671192660937592,0.17532650737335248,True
0.09,155,0.08603032005290304,81.38029959158075,9.021103014131961,0.05516092751403699,0.14888629162147082,True
0.09,148,0.10505681638784035,109.27138798792271,10.453295556326852,0.06866820483430587,0.18042726612979654,True
0.09,149,0.08643346103489463,86.76915960177985,9.314996489627886,0.055765957655832005,0.14917429301770257,True
0.09,150,0.0662684517003161,54.563141258253154,7.386686757826756,0.04074363609150645,0.11633997838760646,True
0.09,151,0.09186811397338775,87.63900970542386,9.36157089944972,0.05904430658205871,0.15895673603617352,True
0.09,164,0.07655123387193108,66.54701688339333,8.157635495864799,0.048038116689886556,0.13360657669577292,True
0.09,165,0.08551578368887688,80.15257191691353,8.952796876781777,0.05465246350063275,0.14821964711209806,True
0.09,166,0.09720251983699085,102.89307049805825,10.14362215867972,0.06340683685798557,0.16701286725876047,True
0.09,167,0.09275374941010059,87.31241778905132,9.344111396438471,0.05960344676637926,0.16044348718617732,True
0.09,160,0.07699411584834802,74.2348598676233,8.615965405433293,0.049081773583207686,0.13350650802664166,True
0.09,161,0.08938738359233686,97.73310683943168,9.886005605877012,0.05830086201870861,0.15344897975163052,True
0.09,162,0.07540324830576124,62.78230307539479,7.923528448576101,0.0470775669392796,0.13194879850854296,True
0.09,163,0.09187325962052932,91.72541254060457,9.577338489403232,0.05938160438495583,0.1585145950291561,True
0.09,168,0.10955923922531444,120.8926036507687,10.995117264075391,0.07210657114233396,0.18758553381997894,True
0.09,169,0.07748374126943174,70.56863089239414,8.400513727885583,0.049019451749410456,0.13471992660462512,True
0.09,170,0.09210460108795922,92.33795090527042,9.609263806622774,0.0594718172766175,0.15854382626048363,True
0.09,171,0.09416251721332113,92.30050581389628,9.60731522403092,0.06080898565672112,0.16256996960455555,True
0.09,156,0.10977941881291871,116.45304830991222,10.791341358233101,0.07206907761994523,0.18818232045417124,True
0.09,157,0.10112939264029337,92.49330307014179,9.617343867728854,0.06497060397400285,0.1751820687736249,True
0.09,158,0.08439654761589171,75.03735103779604,8.662410232596702,0.05351209001690612,0.1468916043590741,True
0.09,159,0.0825886895717375,78.97288114994194,8.88666873186696,0.052819450939271165,0.1430709224970669,True
0.09,172,0.08504300185174671,81.8581374051198,9.047548695924206,0.054517307664909725,0.14719967419169194,True
0.09,173,0.08340897290533485,74.43267803308754,8.627437512557686,0.052848843904565006,0.1452290064799637,True
0.09,174,0.10262592336161953,106.76539411987642,10.332734106705564,0.0669598892801362,0.1763565371722315,True
0.09,175,0.079078122965846,67.37389722158991,8.208160404231261,0.0496695714688522,0.1380957684127336,True
0.09,176,0.08133241897844522,80.23953443578353,8.957652283706011,0.05213820469363302,0.14074826484061986,True
0.09,177,0.0769654810929761,75.13387654754365,8.667979957726232,0.049106103697091896,0.1334267048067143,True
0.09,178,0.10017880620209775,104.32588138473261,10.214004179788288,0.0653362135386668,0.17212045646572893,True
0.09,179,0.10323913296789923,103.52685475544013,10.174814728310297,0.06716914636009744,0.17732252236329943,True
0.09,180,0.07665280758056951,65.60591286926297,8.099747704049983,0.04799345019759016,0.13406425350878606,True
0.09,181,0.10033487617670575,107.27064447791827,10.357154265430164,0.06560061737538983,0.17227067618117858,True
0.09,182,0.07969179048114498,72.26965562394753,8.501156134547085,0.05052331964858087,0.1385759498863145,True
0.09,183,0.07486961166005074,67.592094749039,8.221441160103197,0.04714305556149416,0.13056133547094378,True
0.09,188,0.10426296500656322,112.7739319584889,10.619507142918117,0.0683029620258231,0.1786488636385744,True
0.09,189,0.0813867762472756,77.56765948881593,8.807250393216712,0.05197781646075503,0.14107293298617857,True
0.09,190,0.08463341364244795,80.48718621707485,8.971465109839912,0.05413859143028457,0.14645826201564777,True
0.09,191,0.06775625579075659,59.63261770481904,7.722215854585977,0.04222285303651786,0.11857233312645993,True
0.09,196,0.11029379479743164,118.65221628682889,10.892759810389142,0.07248347586647674,0.1889708030693399,True
0.09,197,0.11050550990037283,119.62734304029391,10.937428538751416,0.07254884060540875,0.18926272999124066,True
0.09,198,0.07518766960027973,73.69221339584146,8.584416893175765,0.04789782885565946,0.13043735567065742,True
0.09,199,0.09660796152898951,95.79617159367831,9.787551869271413,0.06266152633469196,0.1664160135907195,True
0.09,184,0.09770331445726474,100.62242519382858,10.031072983177252,0.06360289045495549,0.16804407471796817,True
0.09,185,0.09794501055720764,101.34768496960123,10.067158733704423,0.0638753503852077,0.1682937237546391,True
0.09,186,0.08679643516984016,75.1735468997822,8.670267983158432,0.05504223679029315,0.15101226936363887,True
0.09,187,0.08206118314206509,75.64623859712037,8.697484613215499,0.05217586373108729,0.14256982744723973,True
0.09,192,0.0796787510872071,75.73419815148873,8.702539752939295,0.05079139909371177,0.138215759394417,True
0.09,193,0.09082615910453816,90.63379874302359,9.520178503737394,0.05870358331591032,0.1566894879893178,True
0.09,194,0.09378600598930102,87.60630090188488,9.359823764467196,0.06025629672644295,0.162289440081561,True
0.09,195,0.08951378905328711,88.82021532878434,9.424447746620718,0.05768024280519973,0.15445000447010426,True
0.1,8,0.09957360056123675,96.13069335649766,9.80462612017907,0.06431867533845459,0.1721712245389171,True
0.1,9,0.10860479226976437,119.843633148354,10.947311685905083,0.0714135343190003,0.18573490043670104,True
0.1,10,0.11051067059121297,117.12979596259083,10.822651983806503,0.07241110306027959,0.18964979762659195,True
0.1,11,0.12053951071844332,138.01102963515382,11.7478095675387,0.07983949042559532,0.20594625866526445,True
0.1,0,0.09913100461562928,106.1219124814088,10.301549033102196,0.0647127402143969,0.17042714216552327,True
0.1,1,0.09498655078214095,96.13744075539739,9.804970206757254,0.0616029932210862,0.16364979796197796,True
0.1,2,0.07552517026431275,67.66712614911125,8.226003048207025,0.047690613720828945,0.13159890401835742,True
0.1,3,0.1103780912182539,110.32203504167023,10.503429679950747,0.07190204952526721,0.18999946551267438,True
0.1,4,0.10161817941841239,105.79273281148903,10.285559431138834,0.06625116303287704,0.17451112583408043,True
0.1,5,0.11376989486470902,121.35575375421013,11.016158756763181,0.07477495565658442,0.19495117653491587,True
0.1,6,0.08432290491352035,74.32341504973238,8.621102890566402,0.05347219881627384,0.14669205344429137,True
0.1,7,0.08945589234736115,90.94010327910678,9.536252056185742,0.057820055037142055,0.15423404222739528,True
0.1,16,0.07577149064415271,67.33072117909683,8.2055299145818,0.04777745072402732,0.1320804699494654,True
0.1,17,0.09127863429591249,85.11738013197169,9.225908092538733,0.05845351698222171,0.15821662869174158,True
0.1,18,0.09810024369159645,104.39731066048262,10.21750021582983,0.06405282968900118,0.16841178908888782,True
0.1,19,0.13224823293852303,145.6191407955239,12.067275616124954,0.08746736684514664,0.22578877585973844,True
0.1,12,0.08652896178943804,82.62857902301425,9.090026348862486,0.055533700067428804,0.14978457271610476,True
0.1,13,0.09464344488618472,94.36853111178084,9.714346664175663,0.06124490082016086,0.16323445522253854,True
0.1,14,0.09509678011889874,90.41436940616131,9.50864708600342,0.06129853880777934,0.1643023771280493,True
0.1,15,0.111472727582742,109.99540010621445,10.487869188076978,0.07264698444248019,0.191799471986785,True
0.1,20,0.11055333566803341,115.18057405008835,10.73222130083462,0.07238106586468786,0.18978210690535408,True
0.1,21,0.10184381595444665,100.26128907458678,10.013055930862805,0.06597301020114174,0.17569609917452417,True
0.1,22,0.10800971978077864,113.69564437381564,10.662815968299164,0.07078200293203588,0.18532328479653604,True
0.1,23,0.0871864907207594,83.14369025273254,9.118316196136902,0.05591832698037822,0.1509171104608407,True
0.1,24,0.1045600552488821,102.5359870666714,10.126005484230758,0.06785430924031208,0.18011640217790245,True
0.1,25,0.08862174503943598,86.89876391547682,9.321950649701854,0.05705733257637344,0.15316227967409107,True
0.1,26,0.098746131645429,92.28758084085189,9.606642537372352,0.06358731898225473,0.17076078167675474,True
0.1,27,0.0936649180881987,90.04109333970132,9.48899854250707,0.06040308483566162,0.16177300338547912,True
0.1,28,0.0976769798996405,93.53202068141104,9.671195411189407,0.06311945247399273,0.16857964740291415,True
0.1,29,0.09266812990015197,93.7173710981483,9.680773269638552,0.06008254569325654,0.15963855635068214,True
0.1,30,0.11371062278164781,114.88170764849428,10.718288466378123,0.07426597839436352,0.19547402565506372,True
0.1,31,0.10437428058374806,110.16864645716032,10.496125306853017,0.06832045391916032,0.1791225293658032,True
0.1,40,0.0885617172685789,87.19487112698175,9.337819398927232,0.057102722906820634,0.15292864325131206,True
0.1,41,0.10986232670812324,124.74769537464795,11.169050782168014,0.07249525624099518,0.18790357699055887,True
0.1,42,0.10368469534236237,110.01113921718866,10.488619509601284,0.0677953016461274,0.17775411122244045,True
0.1,43,0.10766591959570974,120.48659346192403,10.976638531988016,0.07090062755773627,0.18430590131139843,True
0.1,32,0.11077628561021247,124.73827161480403,11.168628904874762,0.07310110880132567,0.18944610456260494,True
0.1,33,0.10844931302387492,113.43920268660008,10.65078413482313,0.0710423032143327,0.18607765605923546,True
0.1,34,0.12922993779057282,134.03448929107162,11.57732651742498,0.08500336878991019,0.22153094879508184,True
0.1,35,0.10847175241122146,113.80721364636997,10.66804638377477,0.07117896797058937,0.185935664960325,True
0.1,36,0.11031568920809365,114.92582326117099,10.720346228605258,0.07227112498418817,0.189302161660106,True
0.1,37,0.12271199361396769,138.08443834800528,11.750933509641065,0.08121976882409712,0.209608513487801,True
0.1,38,0.10296692286019153,109.46554145221876,10.462578145572857,0.0673251619079811,0.1768142925486349,True
0.1,39,0.10088163682252972,102.76193206187168,10.137156014478206,0.06578594621520802,0.1736647718973756,True
0.1,44,0.10804519572121993,114.23166265778832,10.687921344105613,0.07071141557866453,0.18533757606942675,True
0.1,45,0.11668176488105123,123.7473902043696,11.124180428434698,0.07670621336448771,0.19995303813442672,True
0.1,46,0.09657738350881877,90.67461679670078,9.522322027567686,0.06222344710577309,0.16690121547798012,True
0.1,47,0.07751594721701555,66.98131813790383,8.184211515955818,0.048694604049519155,0.13532127158325852,True
0.1,56,0.10230388230236191,105.57125013445693,10.27478710896031,0.06665101970701506,0.17584733073551262,True
0.1,57,0.08567723659250055,85.33467308089644,9.237676822713405,0.05518047457601359,0.14797833793826068,True
0.1,58,0.10027328810948544,92.93961643193302,9.64051951047935,0.06460478954060758,0.1733121317286716,True
0.1,59,0.1094640199275549,117.5332897951289,10.841277129339002,0.07192376303893216,0.18755594277090976,True
0.1,52,0.11751201700989178,124.18844360497815,11.143986881048368,0.07719108796181037,0.20149240348728692,True
0.1,53,0.1098035359585711,112.25003705339145,10.59481179886606,0.07182306435652178,0.18854983907058154,True
0.1,54,0.12446473096072294,138.75339292275748,11.779363010059479,0.08243297822414769,0.21250773021721306,True
0.1,55,0.10741113509534764,111.53533974653305,10.561029293896171,0.0702457699494366,0.18447589354733523,True
0.1,48,0.11572919484382195,124.04772445719914,11.137671410900895,0.07607739043918055,0.19833761518681603,True
0.1,49,0.10676839769541635,113.47776551561083,10.652594309162948,0.0700052120273845,0.18309689934463055,True
0.1,50,0.08044882179214734,72.27684557986618,8.501579005094651,0.05097218920084756,0.13995666488121739,True
0.1,51,0.07611305657144157,69.5554984131852,8.339993909661159,0.048216019960940916,0.1324232086636072,True
0.1,60,0.12589153511934378,139.85528784317353,11.826042780371358,0.08342598169771678,0.21486470620648895,True
0.1,61,0.10509414149692937,107.93997267728673,10.389416378088171,0.06868976324633336,0.18096742098016722,True
0.1,62,0.08553721295553811,77.519213622405,8.80449962362456,0.054428941064605496,0.14870618502031122,True
0.1,63,0.09674203862862807,94.68671344683298,9.730709812076043,0.06259835899701702,0.1668655113750239,True
0.1,72,0.09276593247150167,88.52347473902387,9.408691446690336,0.05975633459543481,0.16029549234603213,True
0.1,73,0.08788978877264081,90.86993478044246,9.532572306593979,0.05689054225525123,0.15149728653139907,True
0.1,74,0.08359685757619222,75.64758196834805,8.697561840444024,0.053122733734922864,0.14522911462409768,True
0.1,75,0.11828417526574769,138.78343095904756,11.780637969101994,0.07857533913298168,0.20164090101918702,True
0.1,68,0.11167944887077544,115.44394674981845,10.744484480412192,0.07314602154232397,0.19168044791063732,True
0.1,69,0.09825564366063748,97.56876004436526,9.877690015604117,0.06371602222156228,0.16933044325362773,True
0.1,70,0.08783060590402314,76.69119810076586,8.757351089271564,0.055674628100997346,0.1529131607767854,True
0.1,71,0.1266587129518446,141.18912412485497,11.882302980687497,0.08373781864247176,0.21650146485835936,True
0.1,64,0.09892250668992385,102.85429605697459,10.14171070663005,0.0645966029886705,0.1701396882697736,True
0.1,65,0.09006800948013545,87.20615864290403,9.338423777217654,0.05796953427900636,0.15568710136540065,True
0.1,66,0.08429188520560227,78.87034308070406,8.880897650615283,0.05383294674985374,0.14614351517148122,True
0.1,67,0.11329777147416373,114.67972893338788,10.70886216800776,0.07397080487838341,0.19482919696015488,True
0.1,76,0.0910322277936559,87.70065540640712,9.364862807666064,0.05851716049988943,0.15720172582927555,True
0.1,77,0.11164195673507399,120.07789411572935,10.958005937018347,0.07326432259909418,0.19147076623336257,True
0.1,78,0.09876034990607807,101.97709947413773,10.098371129748488,0.06437139712434543,0.1697615959361648,True
0.1,79,0.08966186187186583,84.77555121144496,9.207363966491439,0.057515565726459834,0.15519088207045165,True
0.1,80,0.09970308258488289,99.3238535634448,9.966135337403601,0.0647288291280119,0.17168434887606476,True
0.1,81,0.08631129695332398,86.56722492603535,9.304150951378388,0.0556177721359654,0.14902608501218934,True
0.1,82,0.13446905567466574,142.7746822032732,11.94883601876238,0.08880343141957711,0.23006538134871157,True
0.1,83,0.09808376874822118,99.99941780176891,9.999970890046077,0.06380296530982768,0.16876538916266304,True
0.1,84,0.08658657484255208,85.34389974277406,9.238176213018134,0.05576033334391328,0.14962348728503178,True
0.1,85,0.08685542319810112,80.99048684128275,8.999471475663599,0.055593329005025977,0.15060116002334673,True
0.1,86,0.08704592772246983,84.04626820600606,9.167675180000984,0.05590957600469229,0.15065629932630564,True
0.1,87,0.09611083393287125,94.85737308558146,9.739474990243645,0.06221732392637177,0.16585727843503753,True
0.1,92,0.09185595720759915,90.24738801835679,9.49986252628725,0.059305280937166874,0.15844306863069682,True
0.1,93,0.10227280770963086,105.42838547894803,10.267832559939222,0.06678897883746943,0.17598664817972787,True
0.1,94,0.09917395095769414,98.98847160675655,9.949295030641947,0.06440530119645205,0.17077575394570993,True
0.1,95,0.1015888451500235,103.42399496994085,10.169758845220512,0.06616859501266972,0.17459887229784427,True
0.1,88,0.10029386342329329,106.860379277427,10.33732940741597,0.06564398235271826,0.1720626224890722,True
0.1,89,0.11184940344748487,120.4954413020605,10.97704155508489,0.07334609745690296,0.19157179609725347,True
0.1,90,0.11109837716986219,111.96385458922077,10.581297396313024,0.07244443621294203,0.19113127150049164,True
0.1,91,0.10218351753347003,96.5978278341197,9.828419396531658,0.06597557196449322,0.1765499359172085,True
0.1,96,0.09221781232707454,91.75759510620242,9.57901848344612,0.059667185579321276,0.15904830223769056,True
0.1,97,0.09301894937239968,87.48577006397227,9.353382813932736,0.05978093783996333,0.16093206200864407,True
0.1,98,0.10679853468761348,112.35878333161463,10.599942609826462,0.07001621666365335,0.18313002780524779,True
0.1,99,0.11611511731635304,128.66264097194608,11.342955565986585,0.07664797871575882,0.19856541026394764,True
0.1,100,0.10294300160143455,103.17318015097953,10.157419955430589,0.06691917004402685,0.1770193302394853,True
0.1,101,0.12663779344757556,142.17567007637263,11.923743962211391,0.08378991458462326,0.2163146999001598,True
0.1,102,0.11926969086008461,122.62995818039985,11.073841166478768,0.07812824981899344,0.2048005705437539,True
0.1,103,0.08530729927179924,82.19103609139074,9.065927205277502,0.054750353500478105,0.14759261821961706,True
0.1,104,0.11948963018772607,139.39697615689693,11.806649658429649,0.0792998948844088,0.20383057936990723,True
0.1,105,0.08336450263971415,78.1331089920534,8.839293466790963,0.05327230440281016,0.14467089028869692,True
0.1,106,0.10070275673843769,101.46108247132474,10.072789210110809,0.06550088593221717,0.1732365042507596,True
0.1,107,0.10123222761944892,98.50938559130395,9.925189448635424,0.06558264620275389,0.17455146270436928,True
0.1,108,0.10398703711046187,106.06848685911905,10.298955619824714,0.06777883589453691,0.1785475380095241,True
0.1,109,0.10377729531669459,107.05891242719213,10.34692768058191,0.06767026311457829,0.17845561551690867,True
0.1,110,0.11220927551491516,110.71388774357911,10.522066704957686,0.07310474573765516,0.1931294326362542,True
0.1,111,0.10390557079016739,103.8013637052918,10.188295426875479,0.06760242293478069,0.17883386873235285,True
0.1,116,0.1019991122535014,96.36368389969789,9.816500593373277,0.06576954725741022,0.17636866820512556,True
0.1,117,0.09749147022827358,98.54950163221338,9.927210163596486,0.06337152132696966,0.16801727443817122,True
0.1,118,0.08146021688077419,72.2261795713332,8.498598682802548,0.051604327097311053,0.14201392821192038,True
0.1,119,0.09702816390626365,89.87606408426586,9.480298733914763,0.06237097093378563,0.16790929708445412,True
0.1,112,0.0917757725134868,85.811502252752,9.263449803002768,0.058912068674298365,0.1589499318770472,True
0.1,113,0.10301760705617453,106.0332928795965,10.29724685921419,0.06726780165602811,0.1773584272761609,True
0.1,114,0.1238237873757354,139.07316563324093,11.792928628345079,0.08191885279016609,0.2115678126307733,True
0.1,115,0.11096443805013921,115.61147174523603,10.752277514333231,0.07267796613850294,0.19044677562448303,True
0.1,120,0.10143394110253463,103.96941812024602,10.196539516926613,0.0661128586470554,0.17438826751376574,True
0.1,121,0.10419245059579603,108.00264999314209,10.392432342485664,0.0680821124544928,0.178936835544738,True
0.1,122,0.11905968594309216,129.3754106762185,11.374331218854957,0.07862084833000887,0.20356981632849735,True
0.1,123,0.11862884438090877,124.47794993350476,11.15696867135087,0.07786716905966379,0.20347493088786764,True
0.1,124,0.10029168793523423,98.46213265281472,9.922808707861636,0.06503381535497851,0.17282401847021608,True
0.1,125,0.1132471167046984,120.50134539910664,10.977310481129093,0.07434897291759932,0.19417999002594083,True
0.1,126,0.09887431340790757,100.71186677758647,10.035530219056016,0.06433880817511928,0.17011237998053835,True
0.1,127,0.10483505425087025,106.97706217527775,10.342971631754471,0.06841951572136824,0.1801551607597654,True
0.1,136,0.11136835078237795,105.27087036248372,10.260159373152238,0.07220351412848959,0.1921596001949725,True
0.1,137,0.09485569711908526,95.47451783084921,9.771106274667634,0.061447541459896705,0.16352440385906014,True
0.1,138,0.07919526530906158,69.24251824644284,8.321208941400453,0.04988773221303558,0.138143689575597,True
0.1,139,0.11246767971450916,105.36549346812444,10.26476952825169,0.07273776484562003,0.19434402768024372,True
0.1,132,0.10067342773298563,103.4348916941899,10.170294572636031,0.06551779530016734,0.17322096668570283,True
0.1,133,0.10812277719301498,112.22052976229952,10.593419172406023,0.07073760809045562,0.18563690529356028,True
0.1,134,0.10383204673350391,108.26279937551112,10.404941103894396,0.06784477008700912,0.17833981006717017,True
0.1,135,0.07893583309781196,73.38066667040152,8.566251611434346,0.05017563962883867,0.13710938872002654,True
0.1,144,0.10699716593420092,111.09232083967368,10.54003419537497,0.07002360488551602,0.18366046264489755,True
0.1,145,0.13821466754810324,151.36214640381127,12.302932431083708,0.09137239692587562,0.236067253663645,True
0.1,146,0.0853338891154491,85.14250780627594,9.227269791562179,0.05501152346112053,0.14729004060535345,True
0.1,147,0.10187944503683496,105.14470463275666,10.254009198004294,0.06638946558387482,0.17510328985433188,True
0.1,140,0.08518671869560847,81.63122634683009,9.03500007453404,0.054636937617131204,0.14745109085335076,True
0.1,141,0.10282915127469265,104.10629635957685,10.203249304000018,0.06693136422050462,0.1769432300536234,True
0.1,142,0.11924449860280156,121.8088128806769,11.03670298960142,0.07815047091378272,0.2047586954551443,True
0.1,143,0.09382028197933248,89.74454527525245,9.47335976701257,0.0604081473355386,0.16219618289297716,True
0.1,128,0.10755629690871332,115.09603892380414,10.728282198180851,0.07047311440220258,0.18457346212192455,True
0.1,129,0.10940524091331782,113.38458124334988,10.648219627869716,0.07156259937055345,0.18788964444410805,True
0.1,130,0.11198378143273299,118.24462420259579,10.874034403228444,0.07352773821480629,0.19197581584378282,True
0.1,131,0.11970048396477523,126.9625066586766,11.267764048766578,0.07878259298955584,0.2050147568325062,True
0.1,148,0.10065571608899143,110.38507462645316,10.5064301561688,0.06594303870323387,0.17270480304615463,True
0.1,149,0.10331131984779672,103.27905094745984,10.16263011958321,0.06713649606953302,0.17772630502314046,True
0.1,150,0.11746027842074465,126.0935847227579,11.22913998143927,0.07728603764211421,0.20120502481568778,True
0.1,151,0.09406806032875674,89.88191609029445,9.480607369271995,0.060641744470152636,0.16247519613009032,True
0.1,152,0.07917493621753276,67.61285359788053,8.222703545542702,0.04967603461404588,0.138363905980042,True
0.1,153,0.0955232405728385,95.1040132054768,9.752128649965442,0.06189992809392452,0.1646303422845775,True
0.1,154,0.1167167184699147,120.19187288112562,10.963205410878956,0.07660561637048938,0.20017679862974336,True
0.1,155,0.10115275464970921,97.33374967246914,9.865786824803642,0.06540805611899647,0.1746263978815824,True
0.1,164,0.09995839545827324,97.40479272299376,9.869386643707589,0.06469832701882426,0.1724359662247762,True
0.1,165,0.10278505736716409,104.02679760150181,10.199352803070488,0.06688749450667403,0.176887919433512,True
0.1,166,0.08411523289581985,77.79701366459813,8.820261541734357,0.05360306634211502,0.14603204898667574,True
0.1,167,0.1290429143787865,152.44785977734546,12.346977758842261,0.08591419651862142,0.21973044933963237,True
0.1,160,0.11824430632348881,128.86340817024802,11.351801978992059,0.07812524195241514,0.20209947364452208,True
0.1,161,0.1132984880396896,119.49498492283738,10.93137616784078,0.07449178428578067,0.19408746408702882,True
0.1,162,0.09376230268801383,89.68653863687814,9.47029770582098,0.0603576957965354,0.16205699163020415,True
0.1,163,0.09352042729494936,90.38622416000135,9.507166989171976,0.06026746775032494,0.1616244357906901,True
0.1,156,0.0863584248153465,74.3437757311824,8.622283672623071,0.05474005808038601,0.15028237363925628,True
0.1,157,0.11552188236273225,121.06742209778508,11.003064214017162,0.07579102053678384,0.19817026228843437,True
0.1,158,0.09176520193569355,91.66016642295267,9.573931607388506,0.05935000355792983,0.15831163288780464,True
0.1,159,0.08851716720898517,91.26431052852399,9.553235605203296,0.05726072924393757,0.15223265962468896,True
0.1,168,0.08838579479460366,86.11615819377448,9.27987921224056,0.05685617377053114,0.15279429377771442,True
0.1,169,0.11536248860203203,133.19776983462452,11.541133819284157,0.0764439180659306,0.19686050656974513,True
0.1,170,0.08033312885436958,71.65471778946471,8.464910973510868,0.05084031736661243,0.13982159204615277,True
0.1,171,0.10836397765748816,127.186040542701,11.277678863254664,0.07169236022959805,0.18481053780554518,True
0.1,172,0.09640700579061698,90.81301617124177,9.529586358874228,0.062149789058610704,0.16654184230075098,True
0.1,173,0.08260366573655693,80.74288038690793,8.985704223204095,0.052988113939698864,0.14289265271938748,True
0.1,174,0.09596980507610275,96.96664941124368,9.847164536618838,0.06221672447622433,0.16538462324870135,True
0.1,175,0.1075791052821112,120.01437807097841,10.955107396597187,0.07086594259928816,0.18387445220028747,True
0.1,188,0.0988928758902518,98.4707402898623,9.923242428252083,0.06420862415574073,0.17050379418261774,True
0.1,189,0.07596453349951839,66.34704495429901,8.145369540683776,0.047764716172224435,0.13249709704397403,True
0.1,190,0.10340714293306622,103.34250127617452,10.165751387682787,0.06715055686665614,0.178195042796504,True
0.1,191,0.10602602077765966,113.99613330324382,10.676897175829868,0.0694860150779236,0.18187855984771678,True
0.1,180,0.09078234379160306,91.63963327431975,9.572859200589955,0.058797037203399606,0.15644506124222865,True
0.1,181,0.11481393387508859,113.62241503736595,10.659381550416795,0.07487352012145201,0.1975377123391336,True
0.1,182,0.10744003161376488,112.80111779513845,10.620787061001574,0.07045677913281587,0.1842216612067134,True
0.1,183,0.07555687980990881,70.75154314109318,8.411393650346724,0.04789043424733343,0.13136738217445654,True
0.1,176,0.09592005588984841,93.48004227217166,9.668507758292986,0.061988648174836056,0.1655501050947515,True
0.1,177,0.11643000278936254,117.72290868718233,10.85001883349436,0.07623144768793566,0.19993236397435424,True
0.1,178,0.09557559261650729,99.54790869592762,9.977369828563418,0.06222659078581872,0.16435769835181768,True
0.1,179,0.10040928764389097,111.87778218150424,10.577229418969045,0.06595198904768805,0.17183028190869204,True
0.1,184,0.07715122036941689,66.63440248575989,8.162989800664944,0.04851743508877314,0.13454265435400223,True
0.1,185,0.1090898795494797,115.25450798247903,10.735665232414759,0.07160088575297108,0.18701051062006147,True
0.1,186,0.08634674012681579,83.07182156645672,9.114374447347263,0.05535820293486637,0.14950070226207487,True
0.1,187,0.09076167555846047,86.14690798317588,9.28153586337821,0.05827679590734814,0.1569871506791029,True
0.1,192,0.11171988747634334,116.92997802439731,10.813416574995959,0.0732194443010594,0.19169377277948868,True
0.1,193,0.10440070890410123,114.91929424626642,10.72004170916636,0.06861058857729602,0.1788025245513864,True
0.1,194,0.09995059844166095,97.27427569757606,9.862772211583113,0.06471286508660809,0.17240080786145856,True
0.1,195,0.11415893043215106,122.661485385265,11.075264574052621,0.07514446145246091,0.1954559376958857,True
0.1,196,0.10990610099792303,117.87113311115831,10.856847291509553,0.07215220633999729,0.18840746080200393,True
0.1,197,0.13063911243999907,153.46250207798334,12.387998307958528,0.08692557625707473,0.22260728269795244,True
0.1,198,0.06936787848260711,56.925169456106005,7.544877033862514,0.04283472172712177,0.12179999732755291,True
0.1,199,0.09640443732852122,98.79280726732895,9.939457091176005,0.06266934650586507,0.1659193630505859,True
