Name,OName,RpName,RAJ2000,e_RAJ2000,DEJ2000,e_DEJ2000,GLON,GLAT,ExpUp,e_ExpUp,ExpLo,e_ExpLo,SNR,DM,SNRfitb,DMfitb,e_DMfitb,DMeNE2001,DMeYMW16,BcWidth,l_Scat,Scat,e_Scat,Flux,e_Flux,l_Flux,Fluence,e_Fluence,l_Fluence,Nsb,MJD400,e_MJD400,MJDinf,e_MJDinf,l_Widthfitb,Widthfitb,e_Widthfitb,SpInd,e_SpInd,spRun,e_spRun,Fpk,chi2,dof,Frac,Flag,Simbad
FRB20180725A,180725.J0613+67,-9999       ,093.4200000, 3.90e-02,+67.0700000, 2.10e-01,147.29, 21.29,  30.00, 18.0,       ,       , 19.2, 716.6, 33.2, 715.80930, 0.00410, 644.2, 635.4, 0.00295, , 0.00110000,    0.00032000, 1.700, 1.000, , 4.10, 2.30, ,0,58324.74980320590, 0.00000000180,58324.74958856010, 0.00000000220, , 0.0002960,    0.0000760,38.200, 3.700, -45.80,  4.20,607.4, 371857.954, 371481, 0.403,1,Simbad
FRB20180727A,180727.J1311+26,-9999       ,197.7200000, 1.30e-01,+26.4200000, 2.60e-01, 24.76, 85.60,  10.40,  7.1,       ,       , 10.4, 642.1, 12.2, 642.13400, 0.01500, 620.9, 622.4, 0.00295,<, 0.00170000,              , 0.580, 0.310, , 2.31, 0.76, ,0,58326.03626158450, 0.00000000370,58326.03606903130, 0.00000000580, , 0.0013900,    0.0001700, 3.800, 1.800,  -9.20,  3.00,493.3, 382969.318, 381818, 0.387,1,Simbad
FRB20180729A,180729.J1316+55,-9999       ,199.4000000, 1.20e-01,+55.5800000, 8.40e-02,115.26, 61.16,  21.00, 11.0,       ,       , 32.0, 108.4,206.6, 109.59418, 0.00031,  78.8,  86.8, 0.00098, , 0.00015740,    0.00000360,11.700, 6.800, ,17.00,10.00, ,0,58328.03356479831, 0.00000000032,58328.03353193490, 0.00000000034,<, 0.0001000,             ,16.460, 0.240, -30.21,  0.38,525.6, 264732.041, 186953, 0.399,1,Simbad
FRB20180729B,180729.J0558+56,-9999       ,089.9300000, 2.70e-01,+56.5000000, 2.40e-01,156.90, 15.68,  21.00, 12.0,       ,       , 12.4, 318.6, 22.0, 317.22350, 0.00450, 223.2, 198.8, 0.00197, , 0.00066000,    0.00018000, 0.920, 0.590, , 1.20, 0.74, ,0,58328.72803239770, 0.00000000370,58328.72793727350, 0.00000000400, , 0.0003140,    0.0000830,14.500, 3.500, -14.60,  3.50,657.5, 425139.488, 421337, 0.323,1,Simbad
FRB20180730A,180730.J0353+87,-9999       ,057.3900000, 3.20e-02,+87.1900000, 2.00e-01,125.11, 25.11, 270.00,110.0,  214.0,   99.0, 69.5, 849.2, 89.8, 848.90410, 0.00180, 789.7, 790.5, 0.00492, , 0.00207300,    0.00007400, 5.200, 2.800, ,27.00,12.00, ,0,58329.15113426630, 0.00000000120,58329.15087971000, 0.00000000130, , 0.0004680,    0.0000400, 4.270, 0.300, -11.31,  0.48,483.5, 429165.844, 417689, 0.329,1,Simbad
FRB20180801A,180801.J2130+72,-9999       ,322.5300000, 5.90e-02,+72.7200000, 2.20e-01,109.21, 15.46,  39.00, 22.0,   31.0,   17.0, 20.4, 656.7, 40.9, 655.72800, 0.01600, 565.6, 547.7, 0.00983, , 0.00554000,    0.00037000, 1.110, 0.650, , 7.90, 4.80, ,0,58331.36624987210, 0.00000000360,58331.36605324250, 0.00000000600, , 0.0005800,    0.0002100,60.000, 4.800, -75.50,  5.70,595.6, 804325.253, 800121, 0.357,1,Simbad
FRB20180806A,180806.J1515+75,-9999       ,228.5600000, 7.10e-02,+75.6200000, 3.90e-01,112.27, 38.40,  48.00, 26.0,   39.0,   20.0, 13.9, 739.2, 14.4, 739.94820, 0.00800, 699.3, 706.0, 0.00295,<, 0.00160000,              , 1.900, 1.800, , 7.60, 6.60, ,0,58336.59251157610, 0.00000000330,58336.59228969180, 0.00000000410, , 0.0014100,    0.0001200, 0.100, 1.200,  -0.10,  1.60,665.3, 370874.518, 369658, 0.406,1,Simbad
FRB20180810A,180810.J0646+34,-9999       ,101.4700000, 1.30e-01,+34.8600000, 2.40e-01,180.67, 14.06,  15.00,  8.3,       ,       , 13.1, 415.7, 16.5, 414.88040, 0.00400, 310.2, 274.7, 0.00197, , 0.00025300,    0.00008000, 1.100, 0.860, , 1.70, 1.00, ,0,58340.72847223700, 0.00000008100,58340.72834782900, 0.00000008100, , 0.0003220,    0.0000740, 1.100, 1.500,  -1.70,  1.90,552.9, 356074.278, 356889, 0.427,1,Simbad
FRB20180810B,180810.J1159+83,-9999       ,180.4100000, 1.60e-02,+83.1400000, 1.60e-01,124.71, 33.82,  58.00, 30.0,   38.0,   28.0, 38.6, 169.8, 55.1, 169.13850, 0.00170, 123.3, 129.6, 0.00098, , 0.00020100,    0.00001300, 5.200, 1.300, , 7.90, 2.10, ,0,58340.94495370880, 0.00000000240,58340.94490299010, 0.00000000250, , 0.0003110,    0.0000260,-0.760, 0.400,  -4.06,  0.71,400.2, 191482.920, 183305, 0.411,1,Simbad
FRB20180812A,180812.J0112+80,-9999       ,019.3300000, 2.70e-01,+80.7800000, 2.80e-01,124.02, 17.96,  50.00, 28.0,   45.0,   27.0, 12.5, 795.8, 20.5, 802.45100, 0.03500, 722.1, 708.4, 0.00786, , 0.00281000,    0.00032000, 0.930, 0.580, , 5.40, 2.80, ,0,58342.49009258080, 0.00000000390,58342.48985195400, 0.00000001100,<, 0.0013000,             ,-2.900, 1.400,  -8.30,  3.60,400.2, 563105.450, 560873, 0.399,1,Simbad
FRB20180814B,180814.J1554+74,-9999       ,238.2600000, 4.20e-02,+74.0200000, 3.80e-01,108.60, 37.62,  43.00, 24.0,   34.0,   17.0, 18.7, 237.8, 24.4, 238.34740, 0.00330, 197.2, 203.8, 0.00590,<, 0.00088000,              , 3.400, 2.800, ,10.60, 8.30, ,0,58344.59741895700, 0.00000000310,58344.59734748510, 0.00000000330, , 0.0007640,    0.0000570, 0.300, 1.000,   1.20,  1.30,800.2, 366744.692, 363573, 0.416,1,Simbad
FRB20180814B,180814.J1554+74,-9999       ,238.2600000, 4.20e-02,+74.0200000, 3.80e-01,108.60, 37.62,  43.00, 24.0,   34.0,   17.0, 18.7, 237.8, 24.4, 238.34740, 0.00330, 197.2, 203.8, 0.00590,<, 0.00088000,              , 3.400, 2.800, ,10.60, 8.30, ,1,58344.59741899080, 0.00000000310,58344.59734751890, 0.00000000330, , 0.0008300,    0.0001500, 0.100, 2.000,   0.20,  2.70,800.2, 366744.692, 363573, 0.416,1,Simbad
FRB20180814A,180814.J0422+73,FRB20180814A,065.5400000, 1.90e-01,+73.6300000, 2.70e-01,136.46, 16.58,  41.00, 24.0,   43.5,    7.9, 11.0, 190.9, 22.1, 189.28600, 0.07600, 101.5,  80.9, 0.00786,<, 0.00310000,              , 0.390, 0.300, , 2.60, 1.00, ,0,58344.61793975690, 0.00000000740,58344.61788299700, 0.00000002400, , 0.0025400,    0.0002900,42.500, 5.500,-143.00, 19.00,464.2, 377384.635, 376346, 0.396,1,Simbad
FRB20180817A,180817.J1533+42,-9999       ,233.2000000, 5.20e-02,+42.2000000, 1.60e-01, 68.30, 53.98,  22.70,  2.5,       ,       , 45.6,1002.8, 65.1,1006.77140, 0.00850, 979.1, 982.0, 0.01769, , 0.01103000,    0.00058000, 2.400, 1.500, ,29.00,16.00, ,0,58347.07608795980, 0.00000000310,58347.07578606470, 0.00000000400, , 0.0018900,    0.0001700, 3.350, 0.400,  -7.46,  0.56,501.1,1069085.403,1057913, 0.434,1,Simbad
FRB20180904A,-9999          ,-9999       ,286.5800000, 1.70e-01,+81.2200000, 1.20e-01,113.16, 26.22,  88.00, 40.0,   74.0,   44.0, 40.8, 360.7, 74.6, 361.13741, 0.00079, 305.7, 308.4, 0.00197,<, 0.00055000,              , 3.800, 2.100, , 6.00, 3.40, ,0,58365.67132151567, 0.00000000054,58365.67121322334, 0.00000000059, , 0.0005275,    0.0000097,12.120, 0.610, -23.18,  0.95,519.7, 155378.697, 143482, 0.539,0,Simbad
FRB20180906A,-9999          ,-9999       ,141.4800000, 2.50e-01,+14.2900000, 3.00e-01,217.17, 40.61,  11.10,  7.3,       ,       , 10.5, 383.3, 10.9, 383.45600, 0.01200, 340.0, 346.5, 0.00098,<, 0.00170000,              , 1.600, 1.000, , 2.70, 1.50, ,0,58367.76793102140, 0.00000000720,58367.76781603640, 0.00000000810, , 0.0013500,    0.0001900,-0.200, 2.600,   1.40,  3.10,800.2, 320313.543, 304602, 0.511,0,Simbad
FRB20180906B,-9999          ,-9999       ,185.7500000, 2.30e-01,+56.4200000, 2.40e-01,130.87, 60.27,  20.00, 12.0,       ,       , 10.7,3037.7, 17.9,3038.05800, 0.01900,3006.7,3015.4, 0.00590, , 0.00480000,    0.00100000, 0.360, 0.240, , 1.50, 0.88, ,0,58367.88794730510, 0.00000000900,58367.88703629900, 0.00000001100,<, 0.0029000,             , 2.600, 1.500, -11.10,  2.60,449.3, 350696.512, 350201, 0.438,0,Simbad
FRB20180907D,-9999          ,-9999       ,328.9500000, 2.90e-01,+89.2200000, 3.10e-01,122.33, 26.57,1050.00,330.0,  900.0,  390.0, 12.3,1444.4, 13.8,1447.09800, 0.01300,1391.1,1393.4, 0.00590,<, 0.00270000,              , 0.890, 0.600, , 4.90, 2.30, ,0,58368.25415425500, 0.00000000620,58368.25372032140, 0.00000000740, , 0.0022200,    0.0002400, 2.800, 2.800,  -0.10,  3.00,800.2, 339735.417, 347770, 0.441,0,Simbad
FRB20180907A,-9999          ,-9999       ,320.8700000, 2.30e-01,+29.4600000, 2.20e-01, 77.77,-14.65,  11.70,  6.5,       ,       , 15.3, 875.1, 25.4, 877.24000, 0.01100, 785.2, 801.8, 0.00590, , 0.00026400,    0.00004300, 0.870, 0.560, , 2.80, 1.40, ,0,58368.26100350430, 0.00000000330,58368.26074045100, 0.00000000480, , 0.0008700,    0.0001100,-2.300, 1.100,  -5.10,  2.30,400.2, 343339.826, 342297, 0.450,0,Simbad
FRB20180907B,-9999          ,-9999       ,004.4900000, 2.20e-01,+19.1700000, 2.40e-01,112.10,-43.00,  12.50,  7.0,       ,       , 15.4, 658.3, 19.3, 658.18990, 0.00520, 620.1, 628.3, 0.00295, , 0.00113000,    0.00017000, 1.080, 0.680, , 2.90, 1.60, ,0,58368.38207469980, 0.00000000470,58368.38187733200, 0.00000000490, , 0.0002100,    0.0001800,-0.700, 1.100,  -4.60,  1.80,400.2, 316182.424, 315545, 0.493,0,Simbad
FRB20180907C,-9999          ,-9999       ,041.7200000, 2.30e-01,+77.0700000, 2.60e-01,129.37, 15.66,  53.00, 30.0,   58.0,   22.0, 11.3, 638.9, 17.1, 638.19990, 0.00300, 546.8, 522.9, 0.00197, , 0.00080000,    0.00015000, 1.110, 0.470, , 1.48, 0.69, ,0,58368.49178123550, 0.00000000490,58368.49158986190, 0.00000000490,<, 0.0002700,             , 2.500, 2.100,  -2.50,  2.30,670.0, 340394.587, 347161, 0.442,0,Simbad
FRB20180907E,-9999          ,-9999       ,167.8800000, 2.40e-01,+47.0900000, 2.30e-01,160.75, 62.04,  16.50,  9.3,       ,       , 12.2, 381.7, 20.3, 383.36000, 0.14000, 352.9, 363.3, 0.01180, , 0.00338000,    0.00079000, 0.730, 0.520, , 6.90, 3.70, ,0,58368.83417968900, 0.00000001900,58368.83406473400, 0.00000004700, , 0.0041500,    0.0008800,-7.100, 1.800,  -2.70,  5.30,400.2, 597440.649, 598265, 0.520,0,Simbad
FRB20180908B,180908.J1232+74,FRB20180908B,188.2200000, 2.80e-01,+74.1900000, 3.10e-01,124.66, 42.88,  42.00, 24.0,   24.0,   18.0, 11.3, 197.3, 30.2, 195.23930, 0.00640, 157.0, 164.6, 0.00786,<, 0.00210000,              , 1.170, 0.500, , 5.00, 1.70, ,0,58369.88407480270, 0.00000000350,58369.88401625730, 0.00000000400, , 0.0018820,    0.0000910,54.300, 5.700, -71.90,  7.30,584.1, 315464.399, 312506, 0.498,0,Simbad
FRB20180909A,-9999          ,-9999       ,123.6300000, 2.50e-01,+56.7600000, 2.40e-01,160.94, 33.67,  21.00, 13.0,       ,       , 11.0, 407.6, 13.9, 408.64700, 0.08000, 358.8, 364.5, 0.01966,<, 0.00820000,              , 0.330, 0.220, , 1.02, 0.41, ,0,58370.70598114900, 0.00000001800,58370.70585861000, 0.00000003000, , 0.0063100,    0.0009300,-0.300, 1.400,  -1.30,  2.20,400.2, 256401.455, 256250, 0.441,0,Simbad
FRB20180910A,-9999          ,-9999       ,352.7700000, 1.80e-01,+88.2100000, 2.10e-01,122.25, 25.45, 420.00,110.0,  350.0,  140.0, 36.6, 684.2, 50.4, 684.40810, 0.00120, 626.3, 627.7, 0.00098, , 0.00024400,    0.00002900, 6.500, 3.200, , 5.60, 3.00, ,0,58371.33757718070, 0.00000000250,58371.33737195100, 0.00000000250, , 0.0002050,    0.0000290, 0.050, 0.530,  -0.53,  0.63,417.6, 149900.203, 147737, 0.525,0,Simbad
FRB20180911C,-9999          ,FRB20180814A,065.5400000, 1.90e-01,+73.6300000, 2.70e-01,136.46, 16.58,  41.00, 24.0,   43.5,    7.9, 10.5, 190.9, 23.3, 189.84000, 0.18000, 102.0,  81.5, 0.00688,<, 0.00390000,              , 0.970, 0.500, , 6.20, 2.00, ,0,58372.54116263100, 0.00000003200,58372.54110570300, 0.00000006400, , 0.0031900,    0.0003400,75.000,10.000, -93.00, 12.00,599.0, 532091.517, 527130, 0.436,1,Simbad
FRB20180911A,-9999          ,-9999       ,099.5500000, 2.00e-01,+84.6200000, 7.00e-02,128.95, 26.69, 112.00, 66.0,  114.0,   64.0, 17.5, 221.6, 26.8, 221.25400, 0.01200, 164.7, 166.7, 0.00197,<, 0.00094000,              , 1.600, 1.200, , 2.60, 1.90, ,0,58372.62524765037, 0.00000000090,58372.62518130420, 0.00000000370, , 0.0008310,    0.0000520,-5.780, 0.990,   0.20,  2.30,400.2, 163691.915, 162026, 0.479,1,Simbad
FRB20180915A,-9999          ,-9999       ,280.5500000, 2.30e-01,+17.9100000, 2.50e-01, 48.01, 10.04,  12.70,  7.0,       ,       , 13.4, 370.4, 16.3, 371.02900, 0.01000, 199.1, 224.9, 0.00492, , 0.00088000,    0.00029000, 2.300, 1.400, , 6.20, 3.20, ,0,58376.12760944520, 0.00000000370,58376.12749818670, 0.00000000490, , 0.0008000,    0.0001300, 6.500, 2.300,  -9.10,  2.80,571.9, 272951.369, 272377, 0.562,0,Simbad
FRB20180915B,-9999          ,-9999       ,225.2300000, 2.50e-01,+25.0200000, 2.30e-01, 36.17, 60.93,  13.10,  7.6,       ,       , 12.5, 176.3, 36.1, 177.12700, 0.02000, 154.7, 154.1, 0.00492, , 0.00011080,    0.00000810, 0.990, 0.420, , 3.80, 1.00, ,0,58376.97538458920, 0.00000000210,58376.97533147510, 0.00000000630, , 0.0016940,    0.0000750,-9.200, 1.000,   3.00,  2.80,400.2, 278172.462, 276025, 0.557,0,Simbad
FRB20180916A,-9999          ,-9999       ,348.9700000, 1.80e-01,+80.3300000, 6.10e-02,118.82, 18.23,  73.00, 38.0,   76.0,   28.0, 21.4, 296.0, 32.5, 296.02750, 0.00170, 217.6, 206.0, 0.00098, , 0.00018800,    0.00002200, 2.400, 1.500, , 4.50, 2.50, ,0,58377.31473946040, 0.00000000240,58377.31465069220, 0.00000000250,<, 0.0001000,             , 2.410, 0.710,  -8.10,  1.20,464.7, 141368.791, 138009, 0.557,0,Simbad
FRB20180916B,180916.J0158+65,FRB20180916B,029.5031258, 6.00e-07,+65.7167542, 6.00e-07,129.71,  3.73,  46.06,     ,       ,       , 18.7, 347.8, 36.7, 349.34910, 0.00580, 150.4,  24.5, 0.00393, , 0.00105000,    0.00017000, 1.840, 0.720, , 6.10, 1.70, ,0,58377.42731284210, 0.00000000220,58377.42720808460, 0.00000000280, , 0.0007650,    0.0000750,58.100, 5.500, -70.60,  6.40,603.9, 273337.620, 271161, 0.564,0,Simbad
FRB20180916C,-9999          ,-9999       ,107.1500000, 2.30e-01,+45.0800000, 2.40e-01,172.21, 21.71,  16.30,  9.7,       ,       , 11.1,2248.3, 15.6,2252.87300, 0.03600,2179.0,2166.8, 0.00983,<, 0.00510000,              , 0.390, 0.270, , 2.10, 1.10, ,0,58377.64329914200, 0.00000001200,58377.64262358500, 0.00000001600, , 0.0040600,    0.0005400,47.000,11.000, -50.00, 11.00,640.9, 300158.038, 299738, 0.519,0,Simbad
FRB20180917B,-9999          ,-9999       ,238.8000000, 1.90e-01,+77.5300000, 1.00e-01,111.96, 35.37,  45.00, 33.0,   37.0,   33.0, 16.5, 860.5, 24.3, 857.03800, 0.02700, 813.9, 820.1, 0.01966, , 0.00660000,    0.00110000, 1.030, 0.520, , 8.30, 3.20, ,0,58378.00620008690, 0.00000000990,58378.00594309200, 0.00000001300, , 0.0024700,    0.0004600, 2.260, 0.990,  -8.60,  1.70,456.2, 451759.045, 445961, 0.522,0,Simbad
FRB20180917A,-9999          ,FRB20180814A,065.5400000, 1.90e-01,+73.6300000, 2.70e-01,136.46, 16.58,  41.00, 24.0,   43.5,    7.9, 19.0, 194.1, 46.6, 189.91700, 0.01800, 102.1,  81.5, 0.06095, , 0.00800000,    0.00250000, 3.200, 3.100, ,46.00,32.00, ,0,58378.03238583290, 0.00000000680,58378.03232888360, 0.00000000880, , 0.0017800,    0.0002600,34.000,18.000, -19.00, 14.00,800.2, 908712.749, 904687, 0.516,0,Simbad
FRB20180917A,-9999          ,FRB20180814A,065.5400000, 1.90e-01,+73.6300000, 2.70e-01,136.46, 16.58,  41.00, 24.0,   43.5,    7.9, 19.0, 194.1, 46.6, 189.91700, 0.01800, 102.1,  81.5, 0.06095, , 0.00800000,    0.00250000, 3.200, 3.100, ,46.00,32.00, ,1,58378.03238602770, 0.00000000970,58378.03232907800, 0.00000001100, , 0.0034500,    0.0004400,52.300, 7.700, -46.50,  6.80,701.7, 908712.749, 904687, 0.516,0,Simbad
FRB20180917A,-9999          ,FRB20180814A,065.5400000, 1.90e-01,+73.6300000, 2.70e-01,136.46, 16.58,  41.00, 24.0,   43.5,    7.9, 19.0, 194.1, 46.6, 189.91700, 0.01800, 102.1,  81.5, 0.06095, , 0.00800000,    0.00250000, 3.200, 3.100, ,46.00,32.00, ,2,58378.03238632800, 0.00000001500,58378.03232937900, 0.00000001600, , 0.0076000,    0.0016000,62.000,15.000, -67.00, 15.00,639.7, 908712.749, 904687, 0.516,0,Simbad
FRB20180918A,-9999          ,-9999       ,301.2700000, 2.20e-01,+64.9600000, 2.00e-01, 98.09, 17.11,  26.00, 16.0,       ,       , 14.0,1454.1, 24.4,1453.98820, 0.00610,1374.0,1367.9, 0.00295, , 0.00146000,    0.00029000, 1.450, 0.560, , 4.10, 1.30, ,0,58379.17462123220, 0.00000000260,58379.17418523260, 0.00000000320, , 0.0005500,    0.0001100,13.400, 2.900, -15.50,  3.00,617.6, 289525.913, 289401, 0.535,0,Simbad
FRB20180919B,-9999          ,-9999       ,005.3400000, 1.90e-01,+05.9400000, 8.70e-02,109.42,-56.14,  10.70,  6.7,       ,       , 16.1, 558.0, 18.8, 560.22140, 0.00730, 527.4, 536.0, 0.00098,<, 0.00050000,              , 2.560, 0.870, , 3.00, 1.20, ,0,58380.35375602760, 0.00000000120,58380.35358803700, 0.00000000250, , 0.0004080,    0.0000470, 4.400, 1.600, -11.10,  2.50,487.6, 140499.114, 141050, 0.547,0,Simbad
FRB20180919A,-9999          ,FRB20180814A,065.5400000, 1.90e-01,+73.6300000, 2.70e-01,136.46, 16.58,  41.00, 24.0,   43.5,    7.9, 13.4, 190.9, 14.6, 188.85000, 0.26000, 101.0,  80.5, 0.02163,<, 0.00450000,              , 0.580, 0.260, , 3.10, 1.10, ,0,58380.52513716700, 0.00000001100,58380.52508053800, 0.00000007700, , 0.0037800,    0.0003700,27.800, 8.100,-179.00, 45.00,432.6, 442868.506, 441402, 0.527,0,Simbad
FRB20180920A,-9999          ,-9999       ,078.8900000, 2.10e-01,+28.2900000, 2.30e-01,176.92, -5.87,  11.30,  6.7,       ,       , 13.5, 562.9, 20.2, 555.66000, 0.17000, 394.9, 324.9, 0.01475, , 0.00910000,    0.00140000, 0.860, 0.580, , 8.50, 4.80, ,0,58381.55528837000, 0.00000003300,58381.55512174700, 0.00000006100, , 0.0022200,    0.0007600,20.100, 4.000, -26.30,  4.60,585.9, 884341.437, 880985, 0.528,0,Simbad
FRB20180920B,-9999          ,-9999       ,191.0900000, 2.30e-01,+63.5200000, 2.40e-01,124.26, 53.59,  23.00, 16.0,       ,       , 10.5, 459.4, 15.8, 463.40000, 0.26000, 430.2, 438.3, 0.01081, , 0.00173000,    0.00036000, 0.350, 0.200, , 1.70, 0.53, ,0,58381.86207564400, 0.00000001100,58381.86193668800, 0.00000007800, , 0.0023300,    0.0006000,12.300, 5.500,-121.00, 36.00,421.1, 432568.567, 431369, 0.538,0,Simbad
FRB20180921A,-9999          ,-9999       ,028.9200000, 2.20e-01,+05.0500000, 3.20e-01,151.09,-54.27,  10.90,  7.6,       ,       , 10.3, 393.1, 11.1, 394.37200, 0.02100, 359.2, 368.4, 0.00393,<, 0.00150000,              , 0.920, 0.400, , 2.30, 1.60, ,0,58382.41253374600, 0.00000000380,58382.41241548780, 0.00000000720, , 0.0011400,    0.0001900, 1.000, 2.200, -10.40,  4.70,419.9, 279028.153, 279066, 0.552,0,Simbad
FRB20180922A,-9999          ,-9999       ,342.2900000, 2.00e-01,+69.6700000, 5.90e-02,112.62,  9.29,  31.00, 20.0,       ,       , 24.5, 562.9, 32.4, 555.68700, 0.01300, 414.4, 341.5, 0.00295, , 0.00031300,    0.00004900, 2.600, 1.900, , 7.70, 5.50, ,0,58383.27678902670, 0.00000000190,58383.27662239580, 0.00000000440, , 0.0008060,    0.0000850,-4.000, 1.100,  -9.20,  3.50,400.2, 302315.045, 340473, 0.453,0,Simbad
FRB20180923A,-9999          ,-9999       ,327.6100000, 3.80e-02,+71.9200000, 2.00e-01,109.81, 13.83,  39.00, 20.0,   23.0,   17.0, 16.1, 218.4, 24.3, 219.43970, 0.00560, 119.4,  92.2, 0.00197, , 0.00021100,    0.00003700, 0.760, 0.480, , 1.20, 0.70, ,0,58384.23808563490, 0.00000000220,58384.23801983270, 0.00000000280, , 0.0001500,    0.0001000,18.200, 2.500, -57.40,  7.10,468.9, 163961.351, 163545, 0.475,0,Simbad
FRB20180923D,-9999          ,-9999       ,169.0800000, 2.00e-02,+48.7500000, 7.00e-02,156.94, 61.62,  20.00,  7.8,       ,       , 48.1, 328.4, 91.0, 329.39960, 0.00200, 298.7, 308.7, 0.00098, , 0.00011440,    0.00000610, 2.400, 1.400, , 2.20, 1.30, ,0,58384.79643050983, 0.00000000026,58384.79633173454, 0.00000000065,<, 0.0001000,             ,20.900, 0.800, -92.70,  3.20,448.0, 167150.173, 162937, 0.477,0,Simbad
FRB20180923C,-9999          ,-9999       ,239.1400000, 3.80e-02,+22.8500000, 2.10e-01, 37.67, 48.06,  12.90,  7.3,       ,       , 15.0, 173.1, 17.7, 173.98390, 0.00690, 144.9, 146.5, 0.00197, , 0.00050000,    0.00008600, 0.890, 0.540, , 1.37, 0.55, ,0,58384.99125592900, 0.00000000370,58384.99120375740, 0.00000000420, , 0.0003200,    0.0001200, 1.000, 1.500, -10.20,  3.00,420.5, 325038.302, 322841, 0.481,0,Simbad
FRB20180924A,-9999          ,-9999       ,035.4600000, 1.90e-01,+37.5200000, 1.90e-01,142.12,-21.96,  15.80,  8.2,       ,       , 18.2,1114.5, 21.4,1116.54560, 0.00340,1047.3,1049.0, 0.00295,<, 0.00099000,              , 1.300, 0.510, , 3.50, 1.20, ,0,58385.42275950240, 0.00000000330,58385.42242468990, 0.00000000350, , 0.0008700,    0.0000580, 6.500, 2.300,  -5.00,  2.40,770.6, 287463.174, 286362, 0.540,0,Simbad
FRB20180925A,-9999          ,-9999       ,074.9300000, 2.20e-01,+77.9900000, 2.60e-01,134.29, 21.05,  57.00, 31.0,   47.0,   30.0, 11.3, 236.2, 13.7, 237.74200, 0.04600, 167.1, 159.0, 0.01475,<, 0.00600000,              , 0.990, 0.760, , 8.70, 4.40, ,0,58386.53006032000, 0.00000001500,58386.52998903000, 0.00000002100, , 0.0045200,    0.0007200,-1.200, 2.200,   4.10,  2.40,800.2, 398511.617, 397626, 0.574,0,Simbad
FRB20180925B,-9999          ,-9999       ,145.4500000, 2.10e-01,+20.9900000, 8.90e-02,210.38, 46.52,  10.10,  7.8,       ,       , 12.0, 668.0, 16.1, 667.86600, 0.01200, 628.2, 637.4, 0.00590,<, 0.00140000,              , 0.760, 0.470, , 2.70, 1.10, ,0,58386.72707665560, 0.00000000570,58386.72687638620, 0.00000000680, , 0.0011500,    0.0001000,15.000, 2.600, -41.50,  6.50,479.6, 261962.202, 259610, 0.583,0,Simbad
FRB20180928A,-9999          ,-9999       ,312.9500000, 4.00e-02,+30.8500000, 5.30e-02, 74.23, -8.58,  12.10,  5.3,       ,       , 37.7, 250.7, 66.0, 252.76810, 0.00500,  94.7, 135.9, 0.00295, , 0.00014750,    0.00000720, 1.340, 0.590, , 2.50, 0.97, ,0,58389.18369797710, 0.00000000170,58389.18362218090, 0.00000000220, , 0.0002690,    0.0000280,-2.930, 0.960, -39.70,  5.70,400.2, 159235.574, 154121, 0.505,1,Simbad
FRB20181012B,-9999          ,-9999       ,206.3300000, 2.10e-01,+64.1500000, 6.50e-02,113.44, 51.97,  21.00, 17.0,       ,       , 11.8, 713.3, 16.1, 715.18900, 0.03900, 681.7, 689.4, 0.00393, , 0.00026000,    0.00007400, 0.490, 0.290, , 1.44, 0.51, ,0,58403.84892193900, 0.00000000530,58403.84870747900, 0.00000001300, , 0.0005600,    0.0002200,20.900, 6.700,-154.00, 40.00,428.3, 334457.291, 335001, 0.462,0,Simbad
FRB20181013A,-9999          ,-9999       ,262.8300000, 1.80e-01,+38.4100000, 1.80e-01, 63.25, 31.48,  17.30,  7.4,       ,       , 25.6, 308.9, 31.4, 309.30550, 0.00220, 261.2, 270.7, 0.00098,<, 0.00056000,              , 2.810, 0.940, , 3.50, 1.20, ,0,58404.00312599700, 0.00000000280,58404.00303324730, 0.00000000290, , 0.0005120,    0.0000230, 1.080, 0.710,  -5.20,  1.20,443.7, 141833.644, 140442, 0.549,0,Simbad
FRB20181013E,-9999          ,-9999       ,307.2800000, 2.30e-01,+69.0200000, 2.50e-01,102.99, 17.10,  31.00, 20.0,       ,       , 10.7, 344.5, 12.8, 345.29700, 0.01900, 264.5, 256.0, 0.00295,<, 0.00110000,              , 0.620, 0.190, , 2.03, 0.53, ,0,58404.12248525660, 0.00000000740,58404.12238171420, 0.00000000940, , 0.0008600,    0.0001000,-5.600, 2.300,   0.90,  4.70,400.2, 319659.367, 319194, 0.487,0,Simbad
FRB20181013B,-9999          ,-9999       ,097.1800000, 2.30e-01,+52.0400000, 2.20e-01,162.93, 17.78,  19.00, 11.0,       ,       , 11.7, 284.7, 29.9, 277.50700, 0.06600, 191.7, 173.0, 0.11993, , 0.06560000,    0.00580000, 0.560, 0.460, ,21.00,11.00, ,0,58404.54018734100, 0.00000001600,58404.54010412600, 0.00000002600, , 0.0028000,    0.0012000,-0.500, 0.740,  -4.20,  1.20,400.2,4069660.806,4061225, 0.552,0,Simbad
FRB20181013C,-9999          ,-9999       ,146.0700000, 2.30e-01,+34.1000000, 2.30e-01,191.21, 49.48,  13.30,  8.2,       ,       , 12.6,1004.5, 15.1,1005.76600, 0.01400, 967.2, 980.1, 0.00492, , 0.00043500,    0.00009500, 0.440, 0.290, , 1.64, 0.88, ,0,58404.67999418570, 0.00000000680,58404.67969259210, 0.00000000790, , 0.0007600,    0.0001900,-3.700, 1.500,  -0.80,  2.90,400.2, 261701.004, 262649, 0.578,0,Simbad
FRB20181014A,-9999          ,-9999       ,046.0100000, 2.20e-01,+63.3300000, 2.00e-01,137.18,  4.19,  27.00, 15.0,       ,       , 18.2,1311.8, 20.6,1314.88960, 0.00790,1128.2,1014.9, 0.00590,<, 0.00230000,              , 0.990, 0.610, , 2.70, 1.50, ,0,58405.40264077930, 0.00000000530,58405.40224649050, 0.00000000580, , 0.0020500,    0.0001400, 3.700, 2.700,   0.50,  2.60,800.2, 258344.244, 256698, 0.440,0,Simbad
FRB20181014B,-9999          ,-9999       ,078.5600000, 1.10e-01,+14.6600000, 2.00e-01,188.17,-13.82,  14.10,  5.7,       ,       , 20.9, 888.0, 26.2, 887.97200, 0.00690, 785.4, 737.4, 0.00393, , 0.00110000,    0.00017000, 0.650, 0.250, , 1.88, 0.59, ,0,58405.48994851860, 0.00000000450,58405.48968224720, 0.00000000490, , 0.0007300,    0.0001100, 3.600, 1.100,  -9.00,  1.70,487.5, 304365.112, 302169, 0.515,0,Simbad
FRB20181014C,-9999          ,-9999       ,117.8700000, 2.20e-01,+41.5900000, 2.30e-01,178.11, 28.36,  14.90,  9.1,       ,       , 10.1, 752.1, 11.1, 752.16710, 0.00910, 692.3, 689.1, 0.00393,<, 0.00100000,              , 0.570, 0.260, , 1.48, 0.55, ,0,58405.59651295300, 0.00000001100,58405.59628740500, 0.00000001100, , 0.0007900,    0.0001100,18.000, 5.100, -30.50,  7.90,537.7, 340330.863, 355674, 0.429,0,Simbad
FRB20181014D,-9999          ,-9999       ,216.0400000, 2.10e-01,-02.9300000, 3.50e-01,343.20, 52.54,  11.30,  6.9,       ,       , 13.6, 376.9, 13.9, 377.13200, 0.01100, 347.1, 350.6, 0.00197,<, 0.00210000,              , 8.400, 5.500, ,18.00,11.00, ,0,58405.86838473140, 0.00000000820,58405.86827164280, 0.00000000890, , 0.0017200,    0.0001700, 0.400, 2.100,  -0.50,  2.50,624.3, 292258.322, 291226, 0.532,0,Simbad
FRB20181015A,-9999          ,-9999       ,175.7600000, 2.20e-01,+83.5800000, 2.70e-01,125.18, 33.25, 106.00, 53.0,   97.0,   54.0, 11.1, 567.7, 13.3, 568.82310, 0.00560, 522.3, 528.4, 0.00197,<, 0.00090000,              , 1.510, 0.900, , 3.40, 1.90, ,0,58406.75308719560, 0.00000000970,58406.75291662570, 0.00000000980, , 0.0007380,    0.0000790, 0.000, 1.600,  -0.90,  2.20,403.2, 314700.447, 314938, 0.494,0,Simbad
FRB20181017B,-9999          ,-9999       ,237.7600000, 2.30e-01,+78.5000000, 2.50e-01,113.05, 34.93,  58.00, 33.0,   60.0,   29.0, 12.6, 304.1, 18.6, 307.36900, 0.03400, 263.7, 269.9, 0.01278, , 0.00430000,    0.00130000, 1.060, 0.730, , 6.50, 3.60, ,0,58408.92979532900, 0.00000001100,58408.92970316000, 0.00000001500, , 0.0023100,    0.0004500,61.000,10.000, -77.00, 12.00,593.2, 622489.733, 725945, 0.417,0,Simbad
FRB20181017A,181017.J1705+68,FRB20181017A,256.3300000, 2.10e-01,+68.2800000, 2.20e-01, 99.15, 34.80,  33.00, 19.0,       ,       , 12.9,1268.1, 22.4,1281.87500, 0.04700,1239.0,1244.9, 0.03736, , 0.02770000,    0.00430000, 0.660, 0.360, ,16.00, 5.80, ,0,58408.97652581600, 0.00000001800,58408.97614142700, 0.00000002300, , 0.0027700,    0.0008800,29.500, 3.300, -50.50,  5.10,535.9,2319696.153,2311913, 0.429,0,Simbad
FRB20181018B,-9999          ,-9999       ,336.8200000, 1.60e-01,+71.9100000, 1.70e-01,112.16, 12.12,  45.00, 17.0,   27.0,   16.0, 35.6, 292.8, 51.3, 293.86700, 0.00093, 180.7, 139.6, 0.00098,<, 0.00050000,              , 5.100, 3.500, , 7.90, 5.20, ,0,58409.19411313790, 0.00000000320,58409.19402501760, 0.00000000320, , 0.0004780,    0.0000130, 7.300, 0.600, -10.45,  0.81,567.4, 190120.496, 183306, 0.411,0,Simbad
FRB20181018A,-9999          ,-9999       ,017.0300000, 2.20e-01,+51.5500000, 2.30e-01,125.57,-11.24,  18.00, 11.0,       ,       , 10.8,1132.2, 12.9,1129.44900, 0.09400,1008.5, 999.7, 0.03146,<, 0.01100000,              , 0.490, 0.390, , 5.80, 3.20, ,0,58409.30607694900, 0.00000002800,58409.30573826700, 0.00000004000, , 0.0085000,    0.0014000, 0.600, 1.800,   0.40,  2.20,800.2, 948425.137, 945434, 0.393,0,Simbad
FRB20181018C,-9999          ,-9999       ,067.1500000, 1.70e-01,+37.5700000, 1.70e-01,163.43, -7.68,  18.40,  5.8,       ,       , 29.4, 409.2, 41.7, 411.19270, 0.00230, 265.0, 220.7, 0.00098,<, 0.00051000,              , 2.400, 1.000, , 3.30, 1.40, ,0,58409.44643911010, 0.00000000400,58409.44631580800, 0.00000000410, , 0.0004770,    0.0000160,-0.610, 0.610,  -7.60,  1.40,400.2, 195306.024, 193642, 0.378,0,Simbad
FRB20181019A,-9999          ,FRB20180916B,029.5031258, 6.00e-07,+65.7167542, 6.00e-07,129.71,  3.73,  46.06,     ,       ,       , 16.2, 346.1, 27.8, 348.77800, 0.06900, 149.8,  23.9, 0.00885,<, 0.00360000,              , 0.810, 0.440, ,10.40, 3.10, ,0,58410.34262424400, 0.00000001500,58410.34251965800, 0.00000002600, , 0.0031400,    0.0004000,55.700, 6.500, -51.70,  6.00,685.7,1235524.394,1234229, 0.434,0,Simbad
FRB20181019A,-9999          ,FRB20180916B,029.5031258, 6.00e-07,+65.7167542, 6.00e-07,129.71,  3.73,  46.06,     ,       ,       , 16.2, 346.1, 27.8, 348.77800, 0.06900, 149.8,  23.9, 0.00885,<, 0.00360000,              , 0.810, 0.440, ,10.40, 3.10, ,1,58410.34262498400, 0.00000001500,58410.34252039700, 0.00000002600, , 0.0024600,    0.0005700,34.000,13.000, -38.00, 14.00,630.1,1235524.394,1234229, 0.434,0,Simbad
FRB20181019B,-9999          ,-9999       ,037.8700000, 2.20e-01,+68.1800000, 2.40e-01,132.04,  7.10,  32.00, 19.0,       ,       , 11.3, 723.0, 10.9, 725.18400, 0.01500, 565.4, 473.2, 0.00295,<, 0.00160000,              , 0.720, 0.500, , 2.70, 1.10, ,0,58410.36427370800, 0.00000001700,58410.36405625100, 0.00000001700, , 0.0013000,    0.0001700, 1.600, 1.900,  -5.80,  3.20,460.1, 362033.657, 360538, 0.421,0,Simbad
FRB20181019C,-9999          ,-9999       ,244.7000000, 2.50e-01,+66.2700000, 2.40e-01, 98.65, 39.70,  29.00, 17.0,       ,       , 11.5, 503.0, 16.2, 501.63560, 0.00360, 462.4, 469.1, 0.00197,<, 0.00085000,              , 1.160, 0.780, , 2.10, 1.20, ,0,58410.93030664400, 0.00000001200,58410.93015622100, 0.00000001200, , 0.0007230,    0.0000650,-4.500, 1.900,   9.10,  2.10,800.2, 351454.668, 348378, 0.440,0,Simbad
FRB20181020A,-9999          ,-9999       ,322.6200000, 2.20e-01,+78.8300000, 2.50e-01,113.83, 19.70,  61.00, 34.0,   59.0,   32.0, 11.6,1111.2, 12.2,1112.47300, 0.03400,1040.3,1033.3, 0.01278, , 0.00153000,    0.00044000, 0.800, 0.590, , 4.90, 2.90, ,0,58411.14839666400, 0.00000001700,58411.14806307300, 0.00000002000, , 0.0019600,    0.0004400,-0.300, 1.700,  -4.70,  2.90,400.2, 521954.115, 522569, 0.440,0,Simbad
FRB20181022C,-9999          ,-9999       ,141.5600000, 2.10e-01,+83.8100000, 3.00e-01,128.56, 30.89, 105.00, 57.0,  110.0,   54.0, 15.0, 528.9, 14.2, 528.47300, 0.01600, 478.6, 483.8, 0.00393, , 0.00068000,    0.00018000, 0.910, 0.870, , 3.20, 2.20, ,0,58413.14445573300, 0.00000001600,58413.14429726200, 0.00000001600, , 0.0008000,    0.0001900, 2.900, 2.200, -14.20,  4.20,443.9, 337840.384, 338041, 0.457,0,Simbad
FRB20181022D,-9999          ,-9999       ,179.1800000, 1.60e-01,+36.5300000, 1.60e-01,170.49, 75.08,  17.40,  6.3,       ,       , 35.6, 512.7, 52.1, 514.33426, 0.00093, 494.2, 496.7, 0.00197,<, 0.00063000,              , 2.900, 1.300, , 6.20, 2.80, ,0,58413.74564878630, 0.00000000450,58413.74549455570, 0.00000000450, , 0.0005940,    0.0000160,18.200, 2.300, -14.40,  2.10,754.7, 398191.143, 393370, 0.368,0,Simbad
FRB20181022E,-9999          ,-9999       ,221.1800000, 2.10e-01,+27.1300000, 2.20e-01, 39.50, 64.85,  13.30,  7.7,       ,       , 15.5, 286.3, 18.8, 285.98600, 0.01400, 264.2, 263.9, 0.00295, , 0.00063200,    0.00009200, 0.690, 0.350, , 2.08, 0.84, ,0,58413.85934789200, 0.00000001200,58413.85926213500, 0.00000001300, , 0.0004000,    0.0001500, 8.700, 2.700, -42.30,  9.40,443.7, 401097.555, 400057, 0.357,0,Simbad
FRB20181025A,-9999          ,-9999       ,105.7800000, 2.00e-01,+64.2500000, 2.00e-01,151.66, 25.49,  28.00, 15.0,       ,       , 18.8, 590.4, 20.8, 592.56440, 0.00440, 530.9, 529.5, 0.00197, , 0.00025700,    0.00004200, 1.520, 0.580, , 2.68, 0.99, ,0,58416.53571728600, 0.00000001300,58416.53553959700, 0.00000001300, , 0.0003550,    0.0000810,-3.150, 0.950,  -0.10,  1.60,400.2, 374899.121, 373913, 0.399,0,Simbad
FRB20181027A,-9999          ,-9999       ,131.9000000, 2.20e-01,-04.2400000, 3.40e-01,231.12, 23.40,  11.60,  7.1,       ,       , 15.9, 726.3, 22.3, 727.74400, 0.00640, 663.7, 670.0, 0.00590, , 0.00472000,    0.00075000, 4.900, 3.500, ,22.00,15.00, ,0,58418.59861698600, 0.00000001400,58418.59839876200, 0.00000001400, , 0.0007200,    0.0001400,-0.400, 6.900,   6.10,  6.00,800.2, 406922.127, 405833, 0.565,0,Simbad
FRB20181028A,-9999          ,FRB20180814A,065.5400000, 1.90e-01,+73.6300000, 2.70e-01,136.46, 16.58,  41.00, 24.0,   43.5,    7.9, 11.7, 181.2, 98.4, 189.10630, 0.00600, 101.3,  80.7, 0.03342,<, 0.00190000,              , 1.310, 0.570, ,22.60, 7.40, ,0,58419.42539902300, 0.00000001200,58419.42534231700, 0.00000001200, , 0.0060700,    0.0002000,79.900, 6.200,-212.00, 16.00,483.2,1047850.430,1039654, 0.443,0,Simbad
FRB20181028A,-9999          ,FRB20180814A,065.5400000, 1.90e-01,+73.6300000, 2.70e-01,136.46, 16.58,  41.00, 24.0,   43.5,    7.9, 11.7, 181.2, 98.4, 189.10630, 0.00600, 101.3,  80.7, 0.03342,<, 0.00190000,              , 1.310, 0.570, ,22.60, 7.40, ,1,58419.42539906900, 0.00000001400,58419.42534236200, 0.00000001400, , 0.0017490,    0.0000840,81.200, 8.200,-220.00, 21.00,481.3,1047850.430,1039654, 0.443,0,Simbad
FRB20181028A,-9999          ,FRB20180814A,065.5400000, 1.90e-01,+73.6300000, 2.70e-01,136.46, 16.58,  41.00, 24.0,   43.5,    7.9, 11.7, 181.2, 98.4, 189.10630, 0.00600, 101.3,  80.7, 0.03342,<, 0.00190000,              , 1.310, 0.570, ,22.60, 7.40, ,2,58419.42539925880, 0.00000000670,58419.42534255260, 0.00000000690, , 0.0021780,    0.0000660,81.800, 4.600,-257.00, 15.00,469.3,1047850.430,1039654, 0.443,0,Simbad
FRB20181028A,-9999          ,FRB20180814A,065.5400000, 1.90e-01,+73.6300000, 2.70e-01,136.46, 16.58,  41.00, 24.0,   43.5,    7.9, 11.7, 181.2, 98.4, 189.10630, 0.00600, 101.3,  80.7, 0.03342,<, 0.00190000,              , 1.310, 0.570, ,22.60, 7.40, ,3,58419.42539942100, 0.00000001400,58419.42534271400, 0.00000001400, , 0.0027100,    0.0001800,66.300, 7.300,-278.00, 31.00,450.9,1047850.430,1039654, 0.443,0,Simbad
FRB20181028A,-9999          ,FRB20180814A,065.5400000, 1.90e-01,+73.6300000, 2.70e-01,136.46, 16.58,  41.00, 24.0,   43.5,    7.9, 11.7, 181.2, 98.4, 189.10630, 0.00600, 101.3,  80.7, 0.03342,<, 0.00190000,              , 1.310, 0.570, ,22.60, 7.40, ,4,58419.42539954200, 0.00000002000,58419.42534283600, 0.00000002000, , 0.0020800,    0.0001900,58.000,15.000,-388.00, 94.00,431.0,1047850.430,1039654, 0.443,0,Simbad
FRB20181030C,-9999          ,-9999       ,309.8300000, 2.20e-01,+03.9900000, 3.00e-01, 49.72,-21.77,  11.40,  6.1,       ,       , 11.7, 668.0, 17.0, 668.76010, 0.00640, 595.7, 610.0, 0.00098, , 0.00074000,    0.00014000, 1.600, 1.500, , 5.50, 3.60, ,0,58421.08719899500, 0.00000002100,58421.08699845700, 0.00000002100,<, 0.0006100,             ,10.000, 2.600, -22.20,  4.20,500.9, 331710.287, 330745, 0.469,0,Simbad
FRB20181030A,181030.J1054+73,FRB20181030A,158.3500000, 1.80e-01,+73.7900000, 3.10e-01,134.84, 39.98,  40.00, 23.0,   39.0,   13.0, 11.5, 101.9, 10.8, 103.39600, 0.00580,  62.3,  70.3, 0.00197,<, 0.00088000,              , 4.300, 3.600, , 8.20, 5.90, ,0,58421.17584521100, 0.00000003300,58421.17581420600, 0.00000003300, , 0.0006950,    0.0000940, 3.500, 3.400,  -3.10,  3.70,703.7, 316487.867, 314938, 0.494,0,Simbad
FRB20181030B,-9999          ,FRB20181030A,158.3500000, 1.80e-01,+73.7900000, 3.10e-01,134.84, 39.98,  40.00, 23.0,   39.0,   13.0, 10.2, 101.9, 32.9, 103.64250, 0.00470,  62.5,  70.5, 0.00295,<, 0.00140000,              , 2.300, 1.800, , 6.90, 3.70, ,0,58421.17802826400, 0.00000001000,58421.17799718500, 0.00000001100, , 0.0012550,    0.0000540,22.900, 2.500, -43.20,  4.00,521.4, 320534.220, 317978, 0.489,0,Simbad
FRB20181030D,-9999          ,-9999       ,081.7900000, 1.80e-01,+16.0700000, 2.10e-01,188.68,-10.44,  13.80,  6.1,       ,       , 21.5, 289.5, 29.2, 289.44220, 0.00300, 165.9, 103.1, 0.00295, , 0.00087000,    0.00012000, 2.740, 0.900, , 5.90, 1.90, ,0,58421.45284253600, 0.00000001200,58421.45275574200, 0.00000001200, , 0.0003620,    0.0000610, 1.510, 0.930,  -3.00,  1.10,514.8, 342675.375, 342297, 0.450,0,Simbad
FRB20181030E,-9999          ,-9999       ,135.6700000, 1.20e-02,+08.8900000, 1.90e-01,220.25, 33.16,  14.10,  4.9,       ,       , 24.3, 158.5, 37.7, 159.69020, 0.00410, 109.8, 113.7, 0.00590, , 0.00097300,    0.00006900, 2.000, 1.500, , 6.30, 3.90, ,0,58421.60140000000, 0.00820000000,58421.60130000000, 0.00820000000,<, 0.0004000,             ,22.300, 1.800, -69.00,  4.90,470.5, 334358.342, 332569, 0.466,0,Simbad
FRB20181101A,-9999          ,-9999       ,021.2600000, 1.10e-02,+53.8800000, 1.60e-01,127.93, -8.67,  23.00, 10.0,       ,       , 14.1,1468.7, 41.2,1472.67800, 0.06000,1327.8,1311.1, 0.03047, , 0.01000000,    0.00150000, 0.500, 0.330, ,10.70, 5.20, ,0,58423.28045867900, 0.00000002100,58423.28001707500, 0.00000002700, , 0.0060300,    0.0006400,16.400, 1.200, -37.70,  2.40,497.4,1295380.654,1288953, 0.482,0,Simbad
FRB20181102A,-9999          ,-9999       ,087.2200000, 2.20e-01,+15.6300000, 2.70e-01,191.81, -6.21,  12.10,  6.9,       ,       , 11.9, 415.7, 11.9, 414.46490, 0.00920, 258.8, 168.0, 0.00098,<, 0.00093000,              , 1.480, 0.490, , 2.52, 0.92, ,0,58424.46083016430, 0.00000000250,58424.46070588100, 0.00000000370, , 0.0006900,    0.0001200, 0.200, 1.700,   0.40,  2.20,800.2, 384360.376, 384250, 0.383,0,Simbad
FRB20181104A,-9999          ,FRB20180916B,029.5031258, 6.00e-07,+65.7167542, 6.00e-07,129.71,  3.73,  46.06,     ,       ,       , 17.9, 347.8, 53.9, 349.43880, 0.00900, 150.5,  24.6, 0.00295, , 0.00069000,    0.00015000, 1.500, 0.440, , 5.00, 1.40, ,0,58426.28979832270, 0.00000000160,58426.28969353840, 0.00000000310, , 0.0009040,    0.0000680,64.300, 3.600,-111.50,  5.80,534.0, 362179.757, 361145, 0.420,0,Simbad
FRB20181104B,-9999          ,FRB20180916B,029.5031258, 6.00e-07,+65.7167542, 6.00e-07,129.71,  3.73,  46.06,     ,       ,       , 10.6, 342.9, 18.6, 350.14000, 0.23000, 151.2,  25.3, 0.02163,<, 0.00780000,              , 0.310, 0.260, , 4.40, 1.40, ,0,58426.29654761500, 0.00000001400,58426.29644262100, 0.00000007000, , 0.0066100,    0.0005800, 8.300, 3.400, -56.00, 14.00,431.3, 745652.385, 744186, 0.402,0,Simbad
FRB20181104C,-9999          ,-9999       ,077.0500000, 1.40e-01,+17.4400000, 1.50e-01,184.96,-13.47,  17.00,  3.4,       ,       , 62.2, 580.7,101.3, 580.81762, 0.00051, 475.5, 429.7, 0.00098,<, 0.00048000,              , 9.700, 2.700, ,20.70, 5.70, ,0,58426.42715629732, 0.00000000051,58426.42698213066, 0.00000000053, , 0.0004611,    0.0000070, 5.810, 0.330,  -9.25,  0.44,547.6, 354822.311, 348373, 0.440,0,Simbad
FRB20181104C,-9999          ,-9999       ,077.0500000, 1.40e-01,+17.4400000, 1.50e-01,184.96,-13.47,  17.00,  3.4,       ,       , 62.2, 580.7,101.3, 580.81762, 0.00051, 475.5, 429.7, 0.00098,<, 0.00048000,              , 9.700, 2.700, ,20.70, 5.70, ,1,58426.42715634050, 0.00000000220,58426.42698217380, 0.00000000230, , 0.0014600,    0.0001400, 7.400, 1.700, -10.90,  2.20,561.0, 354822.311, 348373, 0.440,0,Simbad
FRB20181115A,-9999          ,-9999       ,142.9800000, 3.90e-02,+56.4000000, 1.80e-01,159.11, 44.20,  23.00, 11.0,       ,       , 18.8, 981.8, 25.2, 981.61300, 0.01600, 941.6, 951.8, 0.00492,<, 0.00210000,              , 0.440, 0.200, , 1.92, 0.47, ,0,58437.57983848960, 0.00000000270,58437.57954413850, 0.00000000540, , 0.0018300,    0.0001200,19.600, 2.500, -62.00,  7.30,468.8, 329974.605, 328314, 0.473,0,Simbad
FRB20181116A,-9999          ,-9999       ,036.0500000, 4.30e-02,+04.5200000, 2.30e-01,161.75,-51.22,  12.70,  6.0,       ,       , 25.3, 354.2, 35.9, 355.43300, 0.00180, 318.3, 326.4, 0.00197,<, 0.00047000,              , 4.000, 1.400, , 5.23, 0.91, ,0,58438.28122183410, 0.00000000170,58438.28111525230, 0.00000000180, , 0.0004390,    0.0000170, 2.370, 0.700, -11.00,  1.40,445.8, 136752.629, 134058, 0.569,0,Simbad
FRB20181116B,-9999          ,-9999       ,232.6600000, 2.00e-01,+64.9400000, 5.60e-02,100.53, 44.64,  22.00, 17.0,       ,       , 16.0, 409.2, 25.8, 409.87600, 0.01800, 373.5, 380.6, 0.00393, , 0.00017100,    0.00002500, 0.740, 0.240, , 1.92, 0.40, ,0,58438.82354512940, 0.00000000260,58438.82342222200, 0.00000000590, , 0.0006420,    0.0000790,-8.800, 1.700,  -4.70,  7.50,400.2, 304225.793, 303385, 0.513,0,Simbad
FRB20181117C,-9999          ,-9999       ,053.2100000, 1.70e-01,+25.7300000, 1.80e-01,162.76,-24.40,  14.90,  6.8,       ,       , 28.3,1776.0, 36.0,1773.73870, 0.00110,1707.6,1705.2, 0.00393, , 0.00237000,    0.00016000, 1.570, 0.530, , 3.00, 1.10, ,0,58439.32554505660, 0.00000000190,58439.32501317520, 0.00000000190,<, 0.0001000,             ,48.600, 5.100, -46.30,  4.80,676.5, 227516.730, 225785, 0.508,0,Simbad
FRB20181117A,-9999          ,-9999       ,147.7300000, 2.20e-01,+52.5100000, 2.20e-01,163.13, 48.07,  19.00, 11.0,       ,       , 12.2, 960.8, 13.5, 959.28000, 0.01600, 921.2, 932.6, 0.00590,<, 0.00280000,              , 0.610, 0.490, , 3.10, 1.70, ,0,58439.58445136350, 0.00000000630,58439.58416370940, 0.00000000790, , 0.0023400,    0.0002500, 1.000, 1.600,  -0.60,  2.10,800.2, 338484.086, 338042, 0.457,0,Simbad
FRB20181117B,-9999          ,-9999       ,081.0900000, 1.90e-01,+79.9900000, 9.90e-02,133.04, 23.06,  69.00, 38.0,   58.0,   37.0, 17.1, 540.2, 18.9, 538.20000, 0.00810, 473.2, 470.1, 0.00786,<, 0.00130000,              , 3.600, 3.200, ,11.00, 6.90, ,0,58439.89635401760, 0.00000000400,58439.89619263040, 0.00000000460, , 0.0010000,    0.0001400, 5.400, 3.500,  -9.30,  4.50,536.4, 294874.296, 294261, 0.527,0,Simbad
FRB20181117B,-9999          ,-9999       ,081.0900000, 1.90e-01,+79.9900000, 9.90e-02,133.04, 23.06,  69.00, 38.0,   58.0,   37.0, 17.1, 540.2, 18.9, 538.20000, 0.00810, 473.2, 470.1, 0.00786,<, 0.00130000,              , 3.600, 3.200, ,11.00, 6.90, ,1,58439.89635407320, 0.00000000330,58439.89619268610, 0.00000000410, , 0.0012800,    0.0002000,11.400, 4.400, -31.20,  8.70,480.4, 294874.296, 294261, 0.527,0,Simbad
FRB20181118A,-9999          ,-9999       ,020.6500000, 2.30e-01,-06.4100000, 4.00e-01,144.00,-68.00,  10.90,  7.5,       ,       , 10.8, 558.0, 13.9, 557.40680, 0.00830, 525.9, 536.0, 0.00393,<, 0.00150000,              , 4.300, 2.400, ,10.00, 5.00, ,0,58440.23378726720, 0.00000000650,58440.23362012060, 0.00000000690, , 0.0012700,    0.0001300, 1.500, 1.900,  -1.70,  2.30,630.1, 329428.304, 328314, 0.473,0,Simbad
FRB20181118B,-9999          ,-9999       ,058.2800000, 1.90e-01,+10.7900000, 2.60e-01,178.42,-31.89,  11.80,  6.9,       ,       , 18.1, 422.2, 19.5, 422.27710, 0.00890, 369.2, 364.5, 0.00393,<, 0.00180000,              , 0.780, 0.530, , 3.20, 1.90, ,0,58440.33579488620, 0.00000000470,58440.33566826030, 0.00000000540, , 0.0016100,    0.0001200, 5.300, 1.300,  -9.10,  1.90,534.8, 368797.130, 366618, 0.411,0,Simbad
FRB20181118C,-9999          ,FRB20180814A,065.5400000, 1.90e-01,+73.6300000, 2.70e-01,136.46, 16.58,  41.00, 24.0,   43.5,    7.9, 10.3, 187.6, 17.8, 190.16700, 0.03700, 102.4,  81.8, 0.00885,<, 0.00450000,              , 0.330, 0.200, , 1.72, 0.70, ,0,58440.36446405070, 0.00000000810,58440.36440702600, 0.00000001400, , 0.0037800,    0.0003800,84.000,12.000,-174.00, 25.00,508.7, 572139.541, 572730, 0.387,0,Simbad
FRB20181119B,-9999          ,-9999       ,299.3800000, 1.50e-01,+31.1200000, 1.30e-01, 67.76,  1.09,  15.20,  3.4,       ,       , 49.9, 608.2,150.9, 609.10080, 0.00520, 166.8, 108.3, 0.02261, , 0.01659000,    0.00047000, 4.500, 2.000, ,94.00,38.00, ,0,58441.00347798850, 0.00000000230,58441.00329534070, 0.00000000280, , 0.0033300,    0.0001000, 2.720, 0.180,  -4.65,  0.23,536.4,1696803.688,1663481, 0.406,0,Simbad
FRB20181119E,-9999          ,-9999       ,016.3600000, 2.20e-01,+60.5300000, 2.30e-01,124.65, -2.29,  24.00, 14.0,       ,       , 11.2,1169.5, 11.3,1169.76800, 0.01700, 949.5, 893.6, 0.00295,<, 0.00180000,              , 0.700, 0.440, , 2.20, 1.10, ,0,58441.21924524100, 0.00000001500,58441.21889446900, 0.00000001500, , 0.0014800,    0.0001800, 0.400, 1.800,  -3.20,  3.00,425.3, 342226.402, 342906, 0.449,0,Simbad
FRB20181119D,FRB121102      ,FRB20121102A,082.9945750, 4.00e-07,+33.1479410, 4.00e-06,174.88, -0.22,  17.04,     ,       ,       , 23.7, 595.2, 41.8, 564.36700, 0.04300, 375.9, 277.3, 0.03637,<, 0.00690000,              , 0.460, 0.280, ,12.60, 5.50, ,0,58441.40187191100, 0.00000002900,58441.40170267700, 0.00000003200, , 0.0050000,    0.0009600,61.000,17.000, -59.00, 15.00,668.9,1288631.088,1285296, 0.410,0,Simbad
FRB20181119D,FRB121102      ,FRB20121102A,082.9945750, 4.00e-07,+33.1479410, 4.00e-06,174.88, -0.22,  17.04,     ,       ,       , 23.7, 595.2, 41.8, 564.36700, 0.04300, 375.9, 277.3, 0.03637,<, 0.00690000,              , 0.460, 0.280, ,12.60, 5.50, ,1,58441.40187206100, 0.00000005100,58441.40170282700, 0.00000005300, , 0.0096000,    0.0031000,72.000,11.000, -79.00, 13.00,629.2,1288631.088,1285296, 0.410,0,Simbad
FRB20181119D,FRB121102      ,FRB20121102A,082.9945750, 4.00e-07,+33.1479410, 4.00e-06,174.88, -0.22,  17.04,     ,       ,       , 23.7, 595.2, 41.8, 564.36700, 0.04300, 375.9, 277.3, 0.03637,<, 0.00690000,              , 0.460, 0.280, ,12.60, 5.50, ,2,58441.40187229300, 0.00000003800,58441.40170305900, 0.00000004000, , 0.0081000,    0.0027000,75.000,23.000, -98.00, 32.00,587.2,1288631.088,1285296, 0.410,0,Simbad
FRB20181119A,181119.J12+65  ,FRB20181119A,190.5300000, 1.30e-01,+65.1300000, 2.30e-01,124.52, 51.97,  28.00, 15.0,       ,       , 11.1, 368.8, 21.8, 364.09000, 0.11000, 330.3, 338.4, 0.02064,<, 0.00840000,              , 0.310, 0.180, , 3.50, 1.20, ,0,58441.70073113500, 0.00000001700,58441.70062195700, 0.00000003600, , 0.0068400,    0.0007700,58.000, 8.100,-133.00, 19.00,498.0, 751466.109, 751482, 0.396,0,Simbad
FRB20181119C,-9999          ,-9999       ,190.1000000, 1.70e-01,+82.1600000, 2.10e-01,123.39, 34.96,  86.00, 44.0,   87.0,   45.0, 27.0, 283.1, 40.7, 284.95940, 0.00250, 240.3, 247.0, 0.00098,<, 0.00048000,              , 2.800, 1.300, , 3.50, 1.60, ,0,58441.71283695980, 0.00000000280,58441.71275151060, 0.00000000290, , 0.0004490,    0.0000160,-1.810, 0.620,  -5.70,  1.50,400.2, 187590.083, 186042, 0.402,0,Simbad
FRB20181120B,-9999          ,FRB20180916B,029.5031258, 6.00e-07,+65.7167542, 6.00e-07,129.71,  3.73,  46.06,     ,       ,       , 13.4, 351.0, 22.1, 349.73600, 0.04800, 150.8,  24.9, 0.00393,<, 0.00130000,              , 1.040, 0.360, , 2.74, 0.76, ,0,58442.24729423160, 0.00000000900,58442.24718935800, 0.00000001700, , 0.0011560,    0.0000870,25.800, 4.700, -26.30,  4.70,653.5, 321299.003, 321018, 0.484,0,Simbad
FRB20181120C,-9999          ,FRB20180814A,065.5400000, 1.90e-01,+73.6300000, 2.70e-01,136.46, 16.58,  41.00, 24.0,   43.5,    7.9, 10.6, 190.9, 15.1, 191.70000, 0.28000, 103.9,  83.3, 0.00786, , 0.00650000,    0.00210000, 0.380, 0.200, , 3.70, 1.00, ,0,58442.35102095000, 0.00000005700,58442.35096346000, 0.00000010000, , 0.0024600,    0.0005700,39.000,12.000, -35.00, 11.00,692.9, 766814.871, 766073, 0.508,0,Simbad
FRB20181122A,-9999          ,-9999       ,060.0400000, 2.20e-01,+55.4800000, 2.20e-01,147.51,  1.89,  21.00, 12.0,       ,       , 12.2, 661.6, 14.9, 662.82100, 0.01500, 466.7, 364.1, 0.00295, , 0.00018200,    0.00005800, 0.530, 0.260, , 1.42, 0.59, ,0,58444.32791098160, 0.00000000290,58444.32771222520, 0.00000000540, , 0.0006800,    0.0001400,-4.900, 1.700,   0.60,  3.20,400.2, 386618.096, 385465, 0.381,0,Simbad
FRB20181122B,-9999          ,-9999       ,281.0800000, 1.60e-01,+85.0200000, 8.80e-02,117.34, 27.17, 113.00, 70.0,  100.0,   73.0, 64.9, 224.8,122.9, 225.75547, 0.00071, 171.4, 174.7, 0.00098, , 0.00013910,    0.00000560,14.700, 7.200, ,22.00,11.00, ,0,58444.42905271589, 0.00000000028,58444.42898501982, 0.00000000035, , 0.0002460,    0.0000110, 4.860, 0.250, -13.27,  0.43,480.7, 201768.605, 183913, 0.409,0,Simbad
FRB20181123A,-9999          ,-9999       ,300.7600000, 2.30e-02,+55.8700000, 1.80e-01, 89.71, 12.94,  23.00, 11.0,       ,       , 17.0, 797.4, 19.7, 798.71800, 0.01800, 694.9, 680.8, 0.00197, , 0.00192000,    0.00054000, 0.990, 0.490, , 2.50, 1.10, ,0,58445.99429686300, 0.00000000710,58445.99405735560, 0.00000000890, , 0.0005800,    0.0002600,25.600, 4.000, -64.30,  9.40,488.5, 400000.022, 399449, 0.358,0,Simbad
FRB20181124B,-9999          ,-9999       ,318.5600000, 1.70e-01,+29.8800000, 1.80e-01, 76.68,-12.89,  13.70,  5.2,       ,       , 29.0, 800.7, 33.8, 801.64460, 0.00390, 696.7, 717.8, 0.00393, , 0.00020400,    0.00004300, 2.610, 0.910, , 4.80, 1.60, ,0,58446.04420204460, 0.00000000160,58446.04396165980, 0.00000000200, , 0.0011190,    0.0000620,-1.430, 0.570,   2.32,  0.76,800.2, 303747.982, 301049, 0.344,0,Simbad
FRB20181124A,-9999          ,-9999       ,175.9800000, 2.20e-01,+63.5200000, 2.40e-01,135.07, 51.99,  25.00, 15.0,       ,       , 10.4,1108.0, 10.3,1108.53200, 0.01300,1074.1,1083.0, 0.00492,<, 0.00190000,              , 0.660, 0.430, , 2.60, 1.40, ,0,58446.64522239640, 0.00000000640,58446.64488998680, 0.00000000740, , 0.0014700,    0.0002000, 4.500, 2.900,  -4.30,  3.50,674.9, 390476.650, 389114, 0.375,0,Simbad
FRB20181125A,-9999          ,-9999       ,147.9400000, 1.80e-01,+33.9300000, 4.10e-02,191.59, 51.02,   9.00,  8.7,       ,       , 18.3, 278.2, 34.5, 272.19000, 0.02000, 234.2, 247.6, 0.01475,<, 0.00150000,              , 0.390, 0.330, , 3.20, 2.00, ,0,58447.56771676360, 0.00000000870,58447.56763514300, 0.00000001000, , 0.0012800,    0.0001200, 9.000, 2.800, -54.00, 12.00,434.5, 614002.141, 611936, 0.345,0,Simbad
FRB20181125A,-9999          ,-9999       ,147.9400000, 1.80e-01,+33.9300000, 4.10e-02,191.59, 51.02,   9.00,  8.7,       ,       , 18.3, 278.2, 34.5, 272.19000, 0.02000, 234.2, 247.6, 0.01475,<, 0.00150000,              , 0.390, 0.330, , 3.20, 2.00, ,1,58447.56771681300, 0.00000001100,58447.56763519300, 0.00000001300, , 0.0014400,    0.0001600, 7.300, 2.300, -41.80,  8.70,436.6, 614002.141, 611936, 0.345,0,Simbad
FRB20181125A,-9999          ,-9999       ,147.9400000, 1.80e-01,+33.9300000, 4.10e-02,191.59, 51.02,   9.00,  8.7,       ,       , 18.3, 278.2, 34.5, 272.19000, 0.02000, 234.2, 247.6, 0.01475,<, 0.00150000,              , 0.390, 0.330, , 3.20, 2.00, ,2,58447.56771688300, 0.00000001100,58447.56763526300, 0.00000001200, , 0.0015800,    0.0004400, 7.300, 8.200, -58.00, 40.00,426.5, 614002.141, 611936, 0.345,0,Simbad
FRB20181126A,-9999          ,-9999       ,262.0500000, 1.80e-01,+81.1700000, 1.90e-01,113.40, 29.94,  75.00, 44.0,   61.0,   39.0, 51.6, 493.3,111.0, 494.21680, 0.00290, 444.6, 449.6, 0.00197, , 0.00016500,    0.00002100, 3.500, 2.100, , 9.40, 5.10, ,0,58448.87558304407, 0.00000000075,58448.87543484600, 0.00000000110, , 0.0004070,    0.0000250,17.930, 0.670, -90.70,  2.90,441.8, 420100.630, 407961, 0.345,0,Simbad
FRB20181127A,-9999          ,-9999       ,243.8000000, 2.30e-01,+25.4300000, 2.50e-01, 42.85, 44.61,  11.80,  8.0,       ,       , 15.7, 930.1, 27.6, 930.31700, 0.01200, 898.1, 901.2, 0.00393, , 0.00058200,    0.00009000, 0.780, 0.460, , 2.90, 1.30, ,0,58449.82371829040, 0.00000000430,58449.82343932130, 0.00000000560, , 0.0007400,    0.0001300,18.500, 2.200, -51.30,  5.60,479.3, 407208.462, 406745, 0.347,0,Simbad
FRB20181128A,181128.J0456+63,FRB20181128A,073.9200000, 1.40e-01,+63.2200000, 7.30e-02,146.73, 12.30,  13.00, 13.0,       ,       , 23.4, 446.4, 35.7, 450.38230, 0.00920, 338.0, 298.4, 0.02163, , 0.00399000,    0.00050000, 0.640, 0.370, , 8.10, 3.80, ,0,58450.35256503600, 0.00000000730,58450.35242998230, 0.00000000780, , 0.0010200,    0.0001700,67.300, 9.800, -77.00, 11.00,618.9, 800131.220, 796468, 0.360,0,Simbad
FRB20181128A,181128.J0456+63,FRB20181128A,073.9200000, 1.40e-01,+63.2200000, 7.30e-02,146.73, 12.30,  13.00, 13.0,       ,       , 23.4, 446.4, 35.7, 450.38230, 0.00920, 338.0, 298.4, 0.02163, , 0.00399000,    0.00050000, 0.640, 0.370, , 8.10, 3.80, ,1,58450.35256515200, 0.00000000850,58450.35243009830, 0.00000000890, , 0.0018200,    0.0003600,15.100, 2.700, -40.90,  6.90,481.5, 800131.220, 796468, 0.360,0,Simbad
FRB20181128B,-9999          ,-9999       ,157.2200000, 2.00e-01,+38.2800000, 4.80e-02,183.27, 58.24,  12.20,  9.1,       ,       , 13.3, 454.5, 17.2, 456.54800, 0.02700, 423.0, 435.9, 0.00590, , 0.00044000,    0.00011000, 0.340, 0.210, , 1.95, 0.85, ,0,58450.58537090070, 0.00000000440,58450.58523399820, 0.00000000930, , 0.0016800,    0.0002700,-3.500, 1.400,  -2.20,  2.90,400.2, 400872.001, 399449, 0.358,0,Simbad
FRB20181128D,-9999          ,-9999       ,215.6200000, 3.10e-02,+59.9300000, 1.20e-01,103.82, 53.69,  30.90,  6.7,       ,       , 47.0, 147.2, 55.3, 146.50120, 0.00370, 113.8, 121.3, 0.00197, , 0.00010590,    0.00000140, 2.600, 1.100, , 7.00, 2.90, ,0,58450.74540773198, 0.00000000074,58450.74536380150, 0.00000000130, , 0.0010710,    0.0000420,-2.480, 0.350,   0.28,  0.58,400.2, 356532.355, 354457, 0.431,0,Simbad
FRB20181128C,-9999          ,-9999       ,268.7700000, 2.30e-02,+49.7100000, 2.00e-01, 77.00, 29.20,  19.00, 10.0,       ,       , 11.0, 614.6, 22.2, 618.35000, 0.00210, 569.2, 576.6, 0.01475, , 0.00232000,    0.00045000, 0.390, 0.290, , 3.40, 1.30, ,0,58450.89015424900, 0.00000002000,58450.88996882800, 0.00000002000,<, 0.0023000,             ,27.400, 7.300, -75.00, 19.00,480.3, 599265.922, 597348, 0.360,0,Simbad
FRB20181128C,-9999          ,-9999       ,268.7700000, 2.30e-02,+49.7100000, 2.00e-01, 77.00, 29.20,  19.00, 10.0,       ,       , 11.0, 614.6, 22.2, 618.35000, 0.00210, 569.2, 576.6, 0.01475, , 0.00232000,    0.00045000, 0.390, 0.290, , 3.40, 1.30, ,1,58450.89015432800, 0.00000001000,58450.88996890700, 0.00000001000,<, 0.0001000,             ,23.300, 5.000, -60.00, 12.00,485.8, 599265.922, 597348, 0.360,0,Simbad
FRB20181129A,-9999          ,-9999       ,355.1200000, 1.80e-01,+44.9500000, 1.70e-01,109.96,-16.13,  18.70,  7.8,       ,       , 25.4, 386.6, 34.7, 385.96840, 0.00190, 299.2, 305.5, 0.00295,<, 0.00064000,              , 1.520, 0.790, , 3.10, 1.50, ,0,58451.13062656360, 0.00000000390,58451.13051082540, 0.00000000390, , 0.0005880,    0.0000240, 2.700, 0.660,  -5.21,  0.97,518.2, 400085.882, 397626, 0.361,0,Simbad
FRB20181129B,-9999          ,-9999       ,307.5600000, 2.60e-01,+81.3200000, 3.40e-01,114.35, 23.24,  82.00, 41.0,   75.0,   42.0, 11.8, 406.0, 25.7, 405.90500, 0.00490, 343.8, 343.8, 0.00197, , 0.00083000,    0.00012000, 4.000, 3.000, , 9.50, 6.30, ,0,58451.48167987060, 0.00000000180,58451.48155815400, 0.00000000230, , 0.0003640,    0.0000890,73.800, 7.400,-112.00, 11.00,556.8, 356399.738, 354457, 0.431,0,Simbad
FRB20181129C,-9999          ,-9999       ,233.3800000, 1.90e-01,+40.0300000, 1.90e-01, 64.61, 54.23,  16.60,  8.2,       ,       , 18.3, 503.0, 23.1, 502.21580, 0.00970, 475.7, 477.5, 0.00492, , 0.00164000,    0.00031000, 0.770, 0.310, , 3.60, 1.20, ,0,58451.79194788490, 0.00000000650,58451.79179728820, 0.00000000710, , 0.0011800,    0.0001400, 2.100, 1.300,  -3.20,  1.50,560.6, 388487.846, 386073, 0.380,0,Simbad
FRB20181130A,-9999          ,-9999       ,355.1900000, 3.10e-02,+46.4900000, 1.70e-01,110.46,-14.66,  15.90,  9.4,       ,       , 20.9, 218.4, 43.7, 220.08960, 0.00370, 125.0, 129.9, 0.00098,<, 0.00051000,              , 0.970, 0.560, , 1.27, 0.69, ,0,58452.12719432030, 0.00000000340,58452.12712832320, 0.00000000360, , 0.0004800,    0.0000160, 2.700, 1.300, -45.70,  6.40,412.1, 200690.165, 198810, 0.361,0,Simbad
FRB20181201A,-9999          ,-9999       ,214.9600000, 1.90e-01,+39.2700000, 1.90e-01, 71.98, 67.97,  16.20,  8.0,       ,       , 17.8, 698.7, 43.6, 694.35600, 0.05900, 670.4, 672.9, 0.12583, , 0.07250000,    0.00460000, 0.400, 0.180, ,18.90, 6.50, ,0,58453.73548306400, 0.00000001600,58453.73527485100, 0.00000002400, , 0.0048000,    0.0011000, 0.520, 0.540,  -5.61,  0.82,419.0,6575027.993,6558713, 0.344,0,Simbad
FRB20181201B,-9999          ,-9999       ,273.3800000, 2.20e-01,+56.3100000, 2.10e-01, 84.88, 27.43,  22.00, 12.0,       ,       , 14.2, 875.1, 17.4, 876.57700, 0.01600, 825.3, 831.1, 0.00393,<, 0.00260000,              , 0.660, 0.290, , 2.24, 0.90, ,0,58453.89346451900, 0.00000001000,58453.89320166400, 0.00000001100, , 0.0022400,    0.0001800, 0.400, 1.200,  -2.90,  1.90,429.4, 400718.546, 398234, 0.360,0,Simbad
FRB20181202A,-9999          ,-9999       ,351.0100000, 1.70e-01,+17.3600000, 2.00e-01, 94.98,-40.72,  14.10,  5.9,       ,       , 27.0, 669.6, 40.6, 667.95460, 0.00470, 629.2, 636.8, 0.00688, , 0.00404000,    0.00040000, 2.630, 0.950, ,13.70, 4.50, ,0,58454.11228793210, 0.00000000290,58454.11208763610, 0.00000000330, , 0.0005900,    0.0001000, 4.270, 0.730,  -9.10,  1.00,505.7, 576251.883, 569993, 0.390,0,Simbad
FRB20181202B,-9999          ,-9999       ,202.8300000, 2.00e-01,+64.7200000, 2.00e-01,116.05, 51.87,  27.00, 15.0,       ,       , 16.1, 826.5, 20.1, 825.88340, 0.00680, 792.2, 800.0, 0.00492, , 0.00224000,    0.00038000, 0.990, 0.410, , 4.10, 1.30, ,0,58454.69746184610, 0.00000000930,58454.69721419290, 0.00000000960, , 0.0006100,    0.0001300, 5.000, 1.700,  -6.40,  2.00,590.1, 326665.354, 327705, 0.474,0,Simbad
FRB20181202C,-9999          ,-9999       ,307.1300000, 1.80e-01,+57.0300000, 2.00e-01, 92.62, 10.57,  22.00, 12.0,       ,       , 10.4, 558.0, 19.0, 557.16040, 0.00950, 430.7, 395.4, 0.00786, , 0.00790000,    0.00160000, 0.510, 0.300, , 3.40, 2.10, ,0,58454.98412964580, 0.00000000690,58454.98396257310, 0.00000000750, , 0.0004900,    0.0002400, 1.800, 1.400,  -4.60,  1.80,487.4, 980591.201, 980393, 0.370,0,Simbad
FRB20181203A,-9999          ,-9999       ,033.6000000, 2.70e-02,+23.5700000, 1.90e-01,146.43,-35.49,  14.90,  6.6,       ,       , 19.2, 635.7, 29.4, 635.92550, 0.00230, 589.2, 597.3, 0.00295, , 0.00144000,    0.00020000, 1.740, 0.740, , 3.60, 1.20, ,0,58455.22586820950, 0.00000000660,58455.22567751800, 0.00000000670, , 0.0001710,    0.0000840,13.200, 5.400,  -8.50,  4.80,800.2, 370958.179, 370265, 0.405,0,Simbad
FRB20181203B,-9999          ,-9999       ,047.3100000, 4.00e-03,+24.0200000, 1.20e-01,159.14,-29.00,  16.10,  5.5,       ,       , 25.6, 373.6, 35.4, 375.38710, 0.00410, 318.7, 321.5, 0.00393, , 0.00232000,    0.00033000, 1.450, 0.590, , 4.50, 1.50, ,0,58455.26617027940, 0.00000000180,58455.26605771410, 0.00000000210, , 0.0005780,    0.0000740,47.800, 5.200, -43.60,  4.70,693.2, 374536.612, 372089, 0.402,0,Simbad
FRB20181203C,-9999          ,-9999       ,198.4800000, 1.00e-01,+72.9400000, 1.90e-01,120.64, 44.09,  43.00, 20.0,   36.0,   14.0, 10.3,2442.4, 22.5,2444.57000, 0.02400,2407.1,2414.7, 0.01180, , 0.00097000,    0.00022000, 1.050, 0.630, , 4.80, 2.80, ,0,58455.67836049960, 0.00000000890,58455.67762746000, 0.00000001200, , 0.0036500,    0.0002900,-0.270, 0.940,  -1.70,  1.40,400.2, 370674.712, 368441, 0.408,0,Simbad
FRB20181208A,-9999          ,-9999       ,264.4300000, 2.20e-01,+62.6200000, 1.90e-01, 91.86, 32.30,  27.00, 14.0,       ,       , 22.3, 561.3, 29.7, 562.77700, 0.01500, 517.6, 523.5, 0.00492, , 0.00113000,    0.00017000, 0.950, 0.390, , 4.00, 1.50, ,0,58460.85628603830, 0.00000000320,58460.85611728150, 0.00000000540, , 0.0009300,    0.0001200, 0.000, 0.760,  -3.60,  1.10,400.3, 390729.872, 389113, 0.375,1,Simbad
FRB20181209A,-9999          ,-9999       ,098.1600000, 2.10e-01,+68.6900000, 2.10e-01,146.19, 23.47,  32.00, 19.0,       ,       , 24.2, 328.4, 47.4, 328.65570, 0.00400, 263.0, 259.3, 0.00197,<, 0.00064000,              , 2.500, 1.100, , 3.20, 1.30, ,0,58461.39226633601, 0.00000000044,58461.39216778380, 0.00000000130, , 0.0005970,    0.0000200, 0.420, 0.950, -25.50,  4.10,403.5, 370174.648, 367226, 0.410,1,Simbad
FRB20181213A,-9999          ,-9999       ,127.6600000, 2.00e-01,+73.8700000, 1.00e-01,140.39, 32.80,  45.00, 23.0,   43.3,    6.7, 16.1, 677.7, 21.6, 678.67200, 0.01500, 630.1, 635.9, 0.00295,<, 0.00160000,              , 0.880, 0.400, , 3.20, 1.10, ,0,58465.46401471950, 0.00000000200,58465.46381120990, 0.00000000490, , 0.0013590,    0.0000990,-3.170, 0.850,   2.30,  1.30,400.2, 441492.962, 440794, 0.292,0,Simbad
FRB20181213B,-9999          ,-9999       ,183.5200000, 2.20e-01,+53.7000000, 2.30e-01,134.96, 62.55,  19.00, 11.0,       ,       , 12.3, 626.0, 16.3, 626.59300, 0.01500, 596.0, 604.7, 0.00492,<, 0.00120000,              , 0.750, 0.470, , 1.70, 1.00, ,0,58465.61613277480, 0.00000000380,58465.61594488170, 0.00000000590, , 0.0008500,    0.0001600,45.600, 9.700, -45.10,  9.50,664.0, 447673.980, 445658, 0.284,0,Simbad
FRB20181213C,-9999          ,-9999       ,216.4000000, 2.50e-01,+47.4600000, 2.30e-01, 87.04, 62.58,  16.20,  9.6,       ,       , 11.7, 380.1, 15.0, 380.73600, 0.01900, 350.2, 358.2, 0.00295,<, 0.00150000,              , 0.620, 0.360, , 1.86, 0.99, ,0,58465.70856899460, 0.00000000300,58465.70845482540, 0.00000000650, , 0.0012500,    0.0001500,-2.100, 1.200,   1.20,  1.90,400.2, 440201.706, 439578, 0.294,0,Simbad
FRB20181214A,-9999          ,-9999       ,070.0000000, 1.80e-01,+43.0700000, 1.80e-01,160.82, -2.37,  17.50,  8.3,       ,       , 25.4, 467.5, 45.2, 468.14800, 0.01100, 283.9, 206.0, 0.00295, , 0.00044200,    0.00008000, 0.156, 0.084, , 0.41, 0.17, ,0,58466.29739747820, 0.00000000210,58466.29725709720, 0.00000000380, , 0.0005330,    0.0000740,23.300, 2.100,-139.00, 11.00,435.0, 445007.866, 443225, 0.288,0,Simbad
FRB20181214B,-9999          ,-9999       ,138.7900000, 2.20e-01,+42.1500000, 7.70e-02,179.33, 43.88,  13.70,  9.0,       ,       , 10.2,1120.9, 13.3,1120.74600, 0.01200,1078.7,1090.2, 0.00295,<, 0.00140000,              , 0.410, 0.220, , 1.23, 0.41, ,0,58466.48635357470, 0.00000000310,58466.48601750260, 0.00000000480, , 0.0010900,    0.0001500, 0.000, 1.500,  -1.50,  2.20,400.2, 430342.302, 429850, 0.310,0,Simbad
FRB20181214C,-9999          ,-9999       ,175.9300000, 1.20e-01,+60.0200000, 4.80e-02,137.68, 55.13,  28.00, 10.0,       ,       , 29.1, 632.4, 39.9, 632.78490, 0.00390, 599.5, 608.6, 0.00590, , 0.00163000,    0.00016000, 1.200, 0.420, , 5.00, 1.60, ,0,58466.59482436980, 0.00000000150,58466.59463462000, 0.00000000190, , 0.0006310,    0.0000770,-2.540, 0.490,  -0.08,  0.75,400.2, 454048.390, 451737, 0.274,0,Simbad
FRB20181214D,-9999          ,-9999       ,178.5700000, 2.00e-01,+46.7100000, 1.90e-01,149.07, 67.41,  17.10,  9.0,       ,       , 18.2,1171.1, 28.5,1177.31900, 0.01800,1151.3,1157.5, 0.01671, , 0.01800000,    0.00170000, 0.550, 0.330, , 9.00, 4.30, ,0,58466.59787363320, 0.00000000550,58466.59752059700, 0.00000000760, , 0.0009900,    0.0003400,12.200, 2.900, -10.90,  2.70,700.7,2009951.618,2005481, 0.284,0,Simbad
FRB20181214F,-9999          ,-9999       ,252.6200000, 4.70e-02,+32.4400000, 2.20e-01, 54.19, 38.53,  11.40,  6.7,       ,       , 11.0,2106.0, 20.2,2105.76000, 0.13000,2065.5,2073.2, 0.00885, , 0.00152000,    0.00034000, 0.310, 0.220, , 2.21, 0.86, ,0,58466.80495253200, 0.00000001100,58466.80432109100, 0.00000004100, , 0.0023000,    0.0005600, 8.000, 3.100, -65.00, 15.00,425.7, 659319.538, 659369, 0.294,0,Simbad
FRB20181215A,-9999          ,-9999       ,093.3800000, 2.20e-01,+39.3400000, 8.90e-02,173.73, 10.12,  12.60,  9.4,       ,       ,  9.2, 412.5, 11.8, 412.63200, 0.02100, 284.1, 235.7, 0.00492,<, 0.00170000,              , 0.340, 0.170, , 0.72, 0.20, ,0,58467.36084918560, 0.00000000410,58467.36072545200, 0.00000000760, , 0.0013400,    0.0001900,-2.400, 1.800,  -1.10,  3.30,400.2, 450816.937, 451130, 0.275,0,Simbad
FRB20181215B,-9999          ,-9999       ,254.8100000, 1.70e-01,+47.5600000, 3.00e-02, 73.62, 38.24,  14.10,  9.5,       ,       , 24.8, 493.3, 29.8, 494.01420, 0.00190, 453.4, 461.5, 0.00197,<, 0.00061000,              , 1.900, 1.000, , 2.90, 1.50, ,0,58467.80606538831, 0.00000000080,58467.80591725094, 0.00000000097, , 0.0005590,    0.0000270, 4.700, 0.870,  -6.00,  1.10,590.2, 446582.692, 439578, 0.294,0,Simbad
FRB20181216A,-9999          ,-9999       ,306.2800000, 2.20e-01,+53.5300000, 2.30e-01, 89.41,  9.00,  19.00, 11.0,       ,       , 11.0, 541.9, 15.7, 542.73760, 0.00500, 396.0, 347.5, 0.00197, , 0.00089000,    0.00024000, 0.940, 0.660, , 1.70, 1.10, ,0,58468.94771149650, 0.00000000390,58468.94754874870, 0.00000000420, , 0.0002200,    0.0001400,14.800, 4.100, -16.10,  4.30,634.0, 446771.745, 446873, 0.282,0,Simbad
FRB20181217A,-9999          ,-9999       ,290.5000000, 2.10e-01,+59.8000000, 2.20e-01, 90.99, 19.55,  23.00, 14.0,       ,       , 12.5,1175.9, 15.8,1177.16660, 0.00580,1107.4,1108.4, 0.00295,<, 0.00120000,              , 0.640, 0.240, , 1.76, 0.63, ,0,58469.89918233970, 0.00000000470,58469.89882934910, 0.00000000500, , 0.0010150,    0.0000900, 5.000, 1.900,  -4.90,  2.20,663.5, 435233.794, 434106, 0.303,0,Simbad
FRB20181218A,-9999          ,-9999       ,005.0600000, 1.90e-01,+71.3500000, 7.60e-02,120.42,  8.63,  34.00, 21.0,   37.6,    8.8, 18.6,1873.1, 30.8,1874.40600, 0.02800,1727.2,1646.0, 0.00590, , 0.00022100,    0.00006200, 0.830, 0.560, , 1.59, 0.98, ,0,58470.10956691080, 0.00000000250,58470.10900484270, 0.00000000870, , 0.0013900,    0.0001500,19.000, 2.200, -83.60,  8.50,448.4, 300374.013, 302393, 0.341,0,Simbad
FRB20181218B,-9999          ,-9999       ,018.0400000, 2.40e-01,+69.3900000, 2.50e-01,124.77,  6.59,  33.00, 20.0,       ,       , 10.9, 752.1, 14.9, 753.40500, 0.02300, 583.8, 477.1, 0.00295,<, 0.00200000,              , 0.560, 0.450, , 1.80, 1.50, ,0,58470.14871250400, 0.00000000530,58470.14848658460, 0.00000000870, , 0.0016900,    0.0001600,-2.700, 1.500,  -2.30,  3.20,400.2, 447417.424, 445658, 0.284,0,Simbad
FRB20181218C,-9999          ,-9999       ,285.9800000, 2.30e-01,+58.2400000, 2.40e-01, 88.61, 21.24,  21.00, 13.0,       ,       ,  9.2, 385.0, 13.5, 384.15300, 0.09900, 319.8, 322.7, 0.00492,<, 0.00680000,              , 0.250, 0.170, , 1.73, 0.73, ,0,58470.88608077800, 0.00000001600,58470.88596558400, 0.00000003400, , 0.0052000,    0.0008000, 4.400, 2.000, -13.10,  4.10,472.7, 676386.238, 674874, 0.277,0,Simbad
FRB20181219B,-9999          ,-9999       ,180.7900000, 1.90e-01,+71.5500000, 3.50e-01,128.31, 45.07,  38.00, 20.0,   29.0,   15.0, 23.1,1950.7, 43.0,1952.16600, 0.00300,1914.9,1923.0, 0.00492, , 0.00526000,    0.00041000, 4.600, 4.100, ,27.00,22.00, ,0,58471.08878227270, 0.00000000230,58471.08819688720, 0.00000000240, , 0.0005740,    0.0000750,-4.200, 2.100,  10.30,  2.00,800.2, 783212.817, 772153, 0.380,0,Simbad
FRB20181219C,-9999          ,-9999       ,017.7700000, 2.00e-01,+14.1100000, 2.30e-01,130.13,-48.49,  12.80,  6.6,       ,       , 18.6, 648.6, 27.7, 647.89100, 0.01100, 611.7, 620.7, 0.00295, , 0.00053000,    0.00007300, 0.208, 0.091, , 0.57, 0.19, ,0,58471.14003144050, 0.00000000350,58471.13983716080, 0.00000000490, , 0.0012600,    0.0001100,-1.000, 0.810,  -4.60,  1.60,400.2, 434767.940, 432281, 0.306,0,Simbad
FRB20181219A,-9999          ,FRB20181128A,073.9200000, 1.40e-01,+63.2200000, 7.30e-02,146.73, 12.30,  13.00, 13.0,       ,       , 10.2, 449.7, 16.3, 451.80600, 0.07100, 339.4, 299.8, 0.01769,<, 0.00680000,              , 0.390, 0.350, , 4.70, 2.50, ,0,58471.29492684200, 0.00000001500,58471.29479136100, 0.00000002600, , 0.0053600,    0.0007200,10.100, 2.100, -18.20,  3.50,527.9, 657677.013, 655722, 0.298,0,Simbad
FRB20181220A,-9999          ,-9999       ,346.1100000, 1.60e-01,+48.4300000, 1.60e-01,105.24,-10.73,  19.10,  8.2,       ,       , 27.6, 208.7, 40.1, 209.40170, 0.00500,  83.6,  87.3, 0.00295, , 0.00045700,    0.00003100, 1.330, 0.820, , 3.00, 1.70, ,0,58472.04666361920, 0.00000000260,58472.04660082700, 0.00000000300, , 0.0004350,    0.0000570,-5.260, 0.620,  -1.30,  1.50,400.2, 434169.841, 430457, 0.309,0,Simbad
FRB20181220B,-9999          ,-9999       ,277.3700000, 2.20e-01,+84.8700000, 3.00e-01,117.17, 27.50, 134.00, 67.0,  134.0,   67.0, 13.4, 257.2, 24.7, 257.79940, 0.00330, 204.2, 207.6, 0.00197,<, 0.00062000,              , 2.900, 1.800, , 3.80, 2.60, ,0,58472.35477600990, 0.00000000450,58472.35469870500, 0.00000000460, , 0.0005580,    0.0000320, 0.450, 0.850,  -4.80,  1.50,419.5, 408195.586, 409178, 0.343,0,Simbad
FRB20181221A,-9999          ,-9999       ,230.5800000, 2.00e-01,+25.8600000, 2.10e-01, 39.52, 56.34,  13.40,  7.6,       ,       , 18.6, 313.8, 78.8, 316.23700, 0.01300, 291.8, 292.0, 0.00492, , 0.00132300,    0.00006600, 1.250, 0.490, , 5.80, 2.00, ,0,58473.72401967620, 0.00000000200,58473.72392484800, 0.00000000420, , 0.0007540,    0.0000830,62.100, 2.400,-128.00,  4.90,510.1, 443691.859, 440185, 0.293,0,Simbad
FRB20181221B,-9999          ,-9999       ,306.3100000, 4.00e-03,+80.9800000, 2.80e-02,113.93, 23.25,  74.00, 41.0,   71.0,   40.0, 26.7,1392.7, 52.1,1395.02100, 0.00810,1333.1,1333.1, 0.00295,<, 0.00110000,              , 0.970, 0.640, , 3.30, 1.70, ,0,58473.94143935680, 0.00000000110,58473.94102103940, 0.00000000270, , 0.0010370,    0.0000500,25.300, 1.400, -61.20,  3.40,492.2, 433142.381, 431066, 0.308,0,Simbad
FRB20181222A,-9999          ,FRB20180916B,029.5031258, 6.00e-07,+65.7167542, 6.00e-07,129.71,  3.73,  46.06,     ,       ,       , 24.0, 349.4,214.4, 348.73651, 0.00030, 149.8,  23.9, 0.03539,<, 0.00039000,              , 4.900, 1.500, ,50.00,15.00, ,0,58474.16624160993, 0.00000000093,58474.16613703619, 0.00000000094, , 0.0051580,    0.0000720,60.000, 1.800, -51.90,  1.60,713.2,1162519.685,1097419, 0.295,0,Simbad
FRB20181222A,-9999          ,FRB20180916B,029.5031258, 6.00e-07,+65.7167542, 6.00e-07,129.71,  3.73,  46.06,     ,       ,       , 24.0, 349.4,214.4, 348.73651, 0.00030, 149.8,  23.9, 0.03539,<, 0.00039000,              , 4.900, 1.500, ,50.00,15.00, ,1,58474.16624166518, 0.00000000020,58474.16613709144, 0.00000000022, , 0.0003816,    0.0000055,55.300, 1.900, -49.60,  1.70,699.0,1162519.685,1097419, 0.295,0,Simbad
FRB20181222A,-9999          ,FRB20180916B,029.5031258, 6.00e-07,+65.7167542, 6.00e-07,129.71,  3.73,  46.06,     ,       ,       , 24.0, 349.4,214.4, 348.73651, 0.00030, 149.8,  23.9, 0.03539,<, 0.00039000,              , 4.900, 1.500, ,50.00,15.00, ,2,58474.16624176170, 0.00000000045,58474.16613718796, 0.00000000046, , 0.0017180,    0.0000380,62.500, 2.400, -60.40,  2.30,671.6,1162519.685,1097419, 0.295,0,Simbad
FRB20181222A,-9999          ,FRB20180916B,029.5031258, 6.00e-07,+65.7167542, 6.00e-07,129.71,  3.73,  46.06,     ,       ,       , 24.0, 349.4,214.4, 348.73651, 0.00030, 149.8,  23.9, 0.03539,<, 0.00039000,              , 4.900, 1.500, ,50.00,15.00, ,3,58474.16624187050, 0.00000000320,58474.16613729680, 0.00000000320, , 0.0058100,    0.0003000,66.100, 4.600, -68.30,  4.70,649.3,1162519.685,1097419, 0.295,0,Simbad
FRB20181222B,-9999          ,-9999       ,090.0400000, 2.30e-01,+38.5500000, 7.50e-02,173.20,  7.45,  12.60,  9.3,       ,       ,  9.5, 619.5, 12.7, 619.24780, 0.00750, 471.0, 408.5, 0.00197,<, 0.00074000,              , 0.460, 0.210, , 0.83, 0.51, ,0,58474.32959767110, 0.00000000170,58474.32941198060, 0.00000000280, , 0.0005960,    0.0000710, 0.400, 1.800,  -5.40,  3.30,415.1, 445367.700, 445050, 0.285,0,Simbad
FRB20181222C,-9999          ,-9999       ,131.0500000, 2.30e-01,+68.3300000, 2.50e-01,146.46, 35.38,  31.00, 18.0,       ,       , 11.0,1104.8, 17.5,1104.89200, 0.02600,1058.5,1065.6, 0.00393,<, 0.00190000,              , 0.840, 0.360, , 2.90, 1.30, ,0,58474.45081783810, 0.00000000310,58474.45048652000, 0.00000000820, , 0.0015200,    0.0001700,-2.000, 1.300,  -3.10,  2.70,400.2, 434435.727, 434714, 0.302,0,Simbad
FRB20181222D,-9999          ,-9999       ,188.2000000, 2.30e-01,+56.1600000, 8.40e-02,128.25, 60.78,  19.00, 12.0,       ,       , 10.5,1413.7, 20.2,1417.11000, 0.14000,1385.9,1394.5, 0.02261, , 0.00195000,    0.00048000, 0.220, 0.160, , 1.23, 0.82, ,0,58474.60661610300, 0.00000001500,58474.60619116200, 0.00000004500, , 0.0037500,    0.0005900, 8.400, 2.600, -41.10,  8.80,443.0, 865595.390, 863353, 0.307,0,Simbad
FRB20181222E,-9999          ,-9999       ,050.6400000, 4.40e-02,+86.9700000, 2.50e-01,124.97, 24.72, 220.00,100.0,  210.0,   96.0, 17.7, 328.4, 36.7, 327.97970, 0.00480, 268.1, 268.2, 0.00393, , 0.00079000,    0.00012000, 1.120, 0.700, , 5.50, 3.20, ,0,58474.71889511430, 0.00000000170,58474.71879676480, 0.00000000220, , 0.0002540,    0.0000910, 5.130, 0.960, -19.90,  2.20,455.2,1011125.194,1010788, 0.351,0,Simbad
FRB20181222E,-9999          ,-9999       ,050.6400000, 4.40e-02,+86.9700000, 2.50e-01,124.97, 24.72, 220.00,100.0,  210.0,   96.0, 17.7, 328.4, 36.7, 327.97970, 0.00480, 268.1, 268.2, 0.00393, , 0.00079000,    0.00012000, 1.120, 0.700, , 5.50, 3.20, ,1,58474.71889555940, 0.00000000370,58474.71879720990, 0.00000000400, , 0.0009100,    0.0002600, 9.900, 3.500, -23.80,  6.80,492.8,1011125.194,1010788, 0.351,0,Simbad
FRB20181223A,-9999          ,FRB20180916B,029.5031258, 6.00e-07,+65.7167542, 6.00e-07,129.71,  3.73,  46.06,     ,       ,       , 31.8, 352.6, 67.2, 349.70960, 0.00800, 150.8,  24.9, 0.00885,<, 0.00220000,              , 2.020, 0.770, ,15.70, 5.20, ,0,58475.16075178160, 0.00000000280,58475.16064691610, 0.00000000370, , 0.0019950,    0.0000870,32.700, 2.100, -33.40,  2.10,652.9, 769995.486, 757557, 0.392,0,Simbad
FRB20181223A,-9999          ,FRB20180916B,029.5031258, 6.00e-07,+65.7167542, 6.00e-07,129.71,  3.73,  46.06,     ,       ,       , 31.8, 352.6, 67.2, 349.70960, 0.00800, 150.8,  24.9, 0.00885,<, 0.00220000,              , 2.020, 0.770, ,15.70, 5.20, ,1,58475.16075188500, 0.00000001200,58475.16064702000, 0.00000001200, , 0.0051500,    0.0009600,21.000, 3.300, -25.20,  3.90,607.8, 769995.486, 757557, 0.392,0,Simbad
FRB20181223B,-9999          ,-9999       ,174.8900000, 2.20e-01,+21.5900000, 2.40e-01,227.74, 72.74,  12.40,  7.2,       ,       , 12.4, 564.5, 21.3, 565.65500, 0.01900, 540.2, 545.7, 0.00885, , 0.00350000,    0.00120000, 0.680, 0.330, , 4.10, 1.10, ,0,58475.56319311480, 0.00000000900,58475.56302349500, 0.00000001100, , 0.0015700,    0.0003100,33.300, 5.000, -41.00,  5.90,600.6, 656809.462, 655721, 0.298,0,Simbad
FRB20181223C,-9999          ,-9999       ,181.0500000, 1.90e-01,+27.5800000, 2.00e-01,207.75, 79.51,  11.60,  6.3,       ,       , 19.5, 111.6, 28.3, 112.51180, 0.00350,  92.6,  93.4, 0.00197, , 0.00010700,    0.00002100, 1.360, 0.510, , 2.84, 0.93, ,0,58475.58023317530, 0.00000000130,58475.58019943700, 0.00000000160, , 0.0005080,    0.0000380, 2.680, 0.790,  -7.40,  1.30,479.2, 447393.219, 446265, 0.283,0,Simbad
FRB20181224A,-9999          ,-9999       ,355.1100000, 2.50e-02,+44.5600000, 7.80e-02,109.84,-16.50,  23.80,  2.0,       ,       , 65.0, 308.9,104.1, 310.20644, 0.00040, 225.2, 231.9, 0.00197,<, 0.00040000,              , 4.300, 2.300, , 3.30, 1.80, ,0,58476.06173261698, 0.00000000044,58476.06163959704, 0.00000000046, , 0.0003868,    0.0000053, 3.850, 0.230,  -6.08,  0.33,549.5, 233053.656, 219178, 0.296,0,Simbad
FRB20181224B,-9999          ,-9999       ,045.3600000, 2.10e-01,+46.1400000, 2.10e-01,145.22,-11.03,  17.00,  9.8,       ,       , 14.0, 779.6, 22.4, 781.00870, 0.00990, 659.7, 640.3, 0.00885, , 0.00206000,    0.00040000, 0.770, 0.490, , 3.10, 1.70, ,0,58476.20336845740, 0.00000000410,58476.20313426050, 0.00000000510, , 0.0009200,    0.0001600,-1.800, 0.900,  -0.90,  1.40,400.2, 434116.583, 432889, 0.305,0,Simbad
FRB20181224C,-9999          ,-9999       ,115.2900000, 2.20e-01,+60.2800000, 2.10e-01,156.69, 29.40,  24.00, 14.0,       ,       , 13.3, 608.2, 26.9, 596.32500, 0.05600, 541.0, 543.2, 0.02949, , 0.02750000,    0.00270000, 0.500, 0.270, , 9.60, 3.20, ,0,58476.40016535100, 0.00000001400,58476.39998653500, 0.00000002200, , 0.0023700,    0.0008800,-2.460, 0.740,   0.30,  1.00,400.2,2797088.640,2786153, 0.312,0,Simbad
FRB20181224D,-9999          ,-9999       ,182.4500000, 2.00e-01,+54.8500000, 2.10e-01,135.42, 61.26,  20.00, 11.0,       ,       , 11.2, 690.7, 12.8, 690.19600, 0.01900, 658.8, 667.9, 0.00393,<, 0.00200000,              , 0.540, 0.330, , 1.95, 0.98, ,0,58476.58323179880, 0.00000000460,58476.58302483350, 0.00000000750, , 0.0016000,    0.0001900,-3.300, 1.500,   1.60,  2.50,400.2, 428983.851, 427418, 0.313,0,Simbad
FRB20181224E,-9999          ,-9999       ,239.3200000, 3.40e-02,+07.3200000, 2.00e-01, 17.52, 41.77,  15.40,  3.6,       ,       , 32.4, 580.7, 42.1, 581.85370, 0.00410, 545.3, 549.3, 0.00197,<, 0.00110000,              , 3.600, 2.000, ,10.30, 4.90, ,0,58476.73964503740, 0.00000000350,58476.73947056010, 0.00000000370, , 0.0010560,    0.0000370,-1.180, 0.550,  -4.40,  1.10,400.2, 410322.544, 404917, 0.350,0,Simbad
FRB20181224E,-9999          ,-9999       ,239.3200000, 3.40e-02,+07.3200000, 2.00e-01, 17.52, 41.77,  15.40,  3.6,       ,       , 32.4, 580.7, 42.1, 581.85370, 0.00410, 545.3, 549.3, 0.00197,<, 0.00110000,              , 3.600, 2.000, ,10.30, 4.90, ,1,58476.73964510090, 0.00000000650,58476.73947062350, 0.00000000660, , 0.0010200,    0.0001800,-3.700, 2.100,   3.60,  3.20,400.2, 410322.544, 404917, 0.350,0,Simbad
FRB20181225A,-9999          ,FRB20180916B,029.5031258, 6.00e-07,+65.7167542, 6.00e-07,129.71,  3.73,  46.06,     ,       ,       , 16.2, 346.1, 31.8, 349.61900, 0.04300, 150.7,  24.8, 0.00688,<, 0.00370000,              , 0.590, 0.350, , 4.30, 1.80, ,0,58477.16185105040, 0.00000000430,58477.16174621200, 0.00000001400, , 0.0032300,    0.0002100,28.300, 2.900,-128.00, 12.00,446.8, 655067.420, 648426, 0.306,0,Simbad
FRB20181225B,-9999          ,-9999       ,036.7700000, 2.30e-01,+88.2000000, 2.60e-01,123.74, 25.48, 420.00,130.0,  360.0,  140.0, 19.1, 299.2, 27.6, 299.28750, 0.00490, 241.0, 242.3, 0.00295,<, 0.00140000,              , 1.900, 1.000, , 7.50, 3.80, ,0,58477.21514557920, 0.00000000230,58477.21505583350, 0.00000000270, , 0.0012970,    0.0000660, 6.800, 1.000, -10.10,  1.50,560.7, 434409.230, 431066, 0.308,0,Simbad
FRB20181226C,-9999          ,-9999       ,349.0500000, 1.90e-01,+44.9400000, 1.80e-01,105.75,-14.73,  17.20,  8.8,       ,       , 18.8, 409.2, 25.3, 409.01840, 0.00650, 315.0, 322.4, 0.00393, , 0.00198000,    0.00027000, 0.880, 0.510, , 2.70, 1.40, ,0,58478.04315884840, 0.00000000390,58478.04303619820, 0.00000000440, , 0.0006300,    0.0001200,-1.090, 0.810,  -1.90,  1.20,400.2, 369985.472, 367833, 0.409,0,Simbad
FRB20181226A,-9999          ,FRB20180916B,029.5031258, 6.00e-07,+65.7167542, 6.00e-07,129.71,  3.73,  46.06,     ,       ,       , 16.7, 347.8, 69.0, 349.01070, 0.00140, 150.1,  24.2, 0.00983,<, 0.00077000,              , 1.600, 0.570, , 5.70, 1.40, ,0,58478.15520952670, 0.00000000150,58478.15510487070, 0.00000000160, , 0.0007310,    0.0000180,81.500, 3.500,-126.20,  5.40,552.8, 439985.477, 434101, 0.303,0,Simbad
FRB20181226A,-9999          ,FRB20180916B,029.5031258, 6.00e-07,+65.7167542, 6.00e-07,129.71,  3.73,  46.06,     ,       ,       , 16.7, 347.8, 69.0, 349.01070, 0.00140, 150.1,  24.2, 0.00983,<, 0.00077000,              , 1.600, 0.570, , 5.70, 1.40, ,1,58478.15520957010, 0.00000000280,58478.15510491410, 0.00000000290, , 0.0014900,    0.0001100,77.600, 8.600,-148.00, 16.00,520.4, 439985.477, 434101, 0.303,0,Simbad
FRB20181226D,-9999          ,-9999       ,120.2200000, 1.70e-01,+22.1600000, 4.60e-02,199.59, 24.70,  11.70,  7.4,       ,       , 24.2, 386.6, 34.7, 385.37780, 0.00250, 320.4, 306.2, 0.00197,<, 0.00062000,              , 1.890, 0.830, , 3.00, 1.40, ,0,58478.40366190060, 0.00000000230,58478.40354633940, 0.00000000250, , 0.0005710,    0.0000230, 0.440, 0.640,  -5.20,  1.20,417.2, 445755.474, 444442, 0.286,0,Simbad
FRB20181226B,-9999          ,-9999       ,182.6600000, 3.90e-02,+12.4300000, 2.00e-01,267.90, 72.47,  14.70,  4.8,       ,       , 52.4, 287.9,176.6, 287.03640, 0.00170, 259.3, 266.3, 0.00197, , 0.00109800,    0.00004200, 8.900, 3.100, ,52.00,17.00, ,0,58478.57703224520, 0.00000000150,58478.57694617310, 0.00000000160, , 0.0005900,    0.0001300, 4.100, 1.300, -14.40,  2.50,461.1, 677496.762, 642943, 0.312,0,Simbad
FRB20181226B,-9999          ,-9999       ,182.6600000, 3.90e-02,+12.4300000, 2.00e-01,267.90, 72.47,  14.70,  4.8,       ,       , 52.4, 287.9,176.6, 287.03640, 0.00170, 259.3, 266.3, 0.00197, , 0.00109800,    0.00004200, 8.900, 3.100, ,52.00,17.00, ,1,58478.57703234912, 0.00000000068,58478.57694627706, 0.00000000085, , 0.0008710,    0.0000230, 1.030, 0.180,  -7.00,  0.28,430.7, 677496.762, 642943, 0.312,0,Simbad
FRB20181226B,-9999          ,-9999       ,182.6600000, 3.90e-02,+12.4300000, 2.00e-01,267.90, 72.47,  14.70,  4.8,       ,       , 52.4, 287.9,176.6, 287.03640, 0.00170, 259.3, 266.3, 0.00197, , 0.00109800,    0.00004200, 8.900, 3.100, ,52.00,17.00, ,2,58478.57703239650, 0.00000000230,58478.57694632450, 0.00000000240, , 0.0010040,    0.0000760,11.500, 1.500, -18.10,  1.90,549.7, 677496.762, 642943, 0.312,0,Simbad
FRB20181226E,-9999          ,-9999       ,303.5600000, 2.10e-01,+73.6400000, 2.20e-01,106.60, 20.42,  43.00, 23.0,   43.4,    7.1, 16.5, 308.9, 20.9, 308.76200, 0.01500, 239.9, 237.5, 0.00295,<, 0.00130000,              , 0.480, 0.420, , 1.35, 0.77, ,0,58478.91025533490, 0.00000000440,58478.91016274820, 0.00000000640, , 0.0011690,    0.0000830,-5.800, 2.500,  -3.40,  5.80,400.2, 329480.425, 325882, 0.477,0,Simbad
FRB20181227A,-9999          ,-9999       ,031.7900000, 2.30e-01,+78.3800000, 2.70e-01,126.83, 16.09,  60.00, 33.0,   60.0,   28.0,  9.2, 791.0, 11.1, 791.21340, 0.00620, 702.2, 680.5, 0.00197,<, 0.00092000,              , 0.930, 0.570, , 1.82, 0.91, ,0,58479.15604409770, 0.00000000740,58479.15580684080, 0.00000000770, , 0.0007480,    0.0000850, 0.100, 1.700,  -0.10,  2.30,656.8, 428676.486, 429850, 0.310,0,Simbad
FRB20181228A,-9999          ,-9999       ,007.2600000, 2.10e-01,+10.2200000, 2.70e-01,113.91,-52.26,  11.90,  6.9,       ,       , 12.6, 748.9, 18.1, 748.67910, 0.00890, 714.5, 723.1, 0.00295,<, 0.00130000,              , 1.160, 0.900, , 4.00, 2.10, ,0,58480.08520518710, 0.00000000590,58480.08498068480, 0.00000000640, , 0.0010880,    0.0000850, 5.200, 1.500, -13.60,  3.00,484.5, 443544.246, 443226, 0.288,0,Simbad
FRB20181228B,-9999          ,-9999       ,250.4300000, 2.10e-01,+63.8500000, 2.10e-01, 94.64, 38.29,  27.00, 15.0,       ,       , 15.5, 566.1, 34.6, 568.65060, 0.00230, 528.7, 535.2, 0.00492, , 0.00115900,    0.00007800, 0.400, 0.230, , 1.67, 0.77, ,0,58480.75550508350, 0.00000000390,58480.75533456540, 0.00000000400,<, 0.0001000,             ,59.300, 5.600,-353.00, 32.00,435.2, 427829.591, 427417, 0.313,0,Simbad
FRB20181228C,-9999          ,-9999       ,265.1900000, 2.30e-01,+54.3600000, 2.30e-01, 82.11, 31.87,  20.00, 12.0,       ,       , 11.1, 509.5, 10.3, 510.70000, 0.01400, 465.1, 471.8, 0.00295,<, 0.00110000,              , 0.450, 0.190, , 0.74, 0.25, ,0,58480.80301459970, 0.00000000470,58480.80286145870, 0.00000000630, , 0.0008800,    0.0001200,-6.500, 1.900,   6.60,  3.00,400.2, 443579.480, 443834, 0.287,0,Simbad
FRB20181229A,-9999          ,-9999       ,137.1800000, 1.80e-01,+42.0100000, 1.70e-01,179.53, 42.69,  17.50,  7.8,       ,       , 23.6, 955.9, 31.7, 955.57350, 0.00360, 912.6, 923.4, 0.00492, , 0.00240000,    0.00022000, 1.180, 0.410, , 4.00, 1.30, ,0,58481.44095050090, 0.00000000420,58481.44066395820, 0.00000000430, , 0.0003760,    0.0000950, 3.540, 0.910,  -6.00,  1.10,538.1, 429095.358, 426201, 0.315,0,Simbad
FRB20181229B,-9999          ,-9999       ,238.3700000, 2.30e-01,+19.7800000, 2.60e-01, 32.97, 47.83,  11.90,  7.4,       ,       , 11.1, 375.3, 22.2, 389.04700, 0.09700, 359.7, 361.3, 0.02064, , 0.00510000,    0.00100000, 0.420, 0.390, , 4.90, 3.40, ,0,58481.72495344200, 0.00000001800,58481.72483678000, 0.00000003400, , 0.0033600,    0.0007500,22.000, 3.700,-103.00, 15.00,445.5,1101381.167,1100473, 0.293,0,Simbad
FRB20181230A,-9999          ,-9999       ,346.6900000, 2.20e-01,+83.3700000, 2.60e-01,119.80, 21.14, 104.00, 54.0,   99.0,   54.0, 14.1, 763.5, 29.7, 769.61100, 0.01500, 701.2, 696.6, 0.03441, , 0.04100000,    0.00510000, 0.940, 0.540, ,18.00,10.00, ,0,58482.02102423700, 0.00000001000,58482.02079345800, 0.00000001100, , 0.0016400,    0.0003800,33.000, 6.200, -27.80,  5.40,724.8,3863851.978,3852569, 0.314,0,Simbad
FRB20181230B,-9999          ,-9999       ,020.8300000, 2.30e-01,+79.7000000, 2.50e-01,124.42, 16.92,  68.00, 36.0,   61.0,   33.0, 12.8,1135.5, 17.6,1137.36000, 0.04700,1052.4,1034.9, 0.01081, , 0.00450000,    0.00140000, 0.880, 0.530, , 9.70, 4.80, ,0,58482.11078575300, 0.00000001700,58482.11044469900, 0.00000002200, , 0.0043000,    0.0006600, 0.900, 1.300,  -3.70,  1.90,450.2,1090752.420,1091353, 0.299,0,Simbad
FRB20181230C,-9999          ,-9999       ,245.7500000, 2.20e-01,+50.5200000, 2.10e-01, 78.21, 43.90,  19.00, 10.0,       ,       , 14.3,1036.8, 16.5,1037.19400, 0.00400,1000.3,1008.1, 0.00295,<, 0.00090000,              , 0.890, 0.500, , 2.10, 1.20, ,0,58482.73814949630, 0.00000000170,58482.73783847850, 0.00000000200, , 0.0007600,    0.0000680, 9.000, 2.500,  -8.00,  2.70,699.9, 420852.880, 423162, 0.320,0,Simbad
FRB20181230D,-9999          ,-9999       ,255.3000000, 2.10e-01,+50.5100000, 2.10e-01, 77.36, 37.86,  19.00, 11.0,       ,       , 13.3, 224.8, 20.0, 223.96650, 0.00200, 183.4, 191.0, 0.00098,<, 0.00048000,              , 1.390, 0.760, , 2.00, 1.20, ,0,58482.76638118890, 0.00000000730,58482.76631402930, 0.00000000730, , 0.0004190,    0.0000300, 0.400, 1.100,   0.10,  1.40,800.2, 222008.930, 222522, 0.285,0,Simbad
FRB20181230E,-9999          ,-9999       ,113.2600000, 2.00e-01,+86.8500000, 8.70e-02,126.43, 27.65, 220.00,100.0,  209.0,   99.0, 13.9,1041.7, 20.5,1041.71300, 0.04200, 987.2, 990.1, 0.01081, , 0.00303000,    0.00063000, 1.320, 0.960, ,10.40, 5.70, ,0,58482.85930688900, 0.00000001000,58482.85899451600, 0.00000001600, , 0.0018800,    0.0004800, 6.600, 1.600, -16.70,  2.80,488.0, 634587.092, 634745, 0.320,0,Simbad
FRB20181231A,-9999          ,-9999       ,029.7100000, 1.70e-01,+20.9600000, 1.90e-01,143.38,-39.22,  15.00,  6.4,       ,       , 28.3,1376.5, 39.3,1376.73240, 0.00160,1333.7,1342.5, 0.00295,<, 0.00076000,              , 1.090, 0.570, , 2.20, 1.10, ,0,58483.13803653880, 0.00000000390,58483.13762370540, 0.00000000390, , 0.0007050,    0.0000250, 9.800, 1.100,  -9.20,  1.20,680.4, 441472.649, 439578, 0.294,0,Simbad
FRB20181231B,-9999          ,-9999       ,128.7700000, 2.00e-01,+55.9900000, 1.80e-01,161.71, 36.55,  26.90,  7.9,       ,       , 33.2, 199.0, 55.1, 197.16970, 0.00170, 150.3, 157.9, 0.00295, , 0.00175000,    0.00011000, 0.890, 0.300, , 2.34, 0.73, ,0,58483.41388399820, 0.00000000280,58483.41382487400, 0.00000000290, , 0.0003370,    0.0000420,59.600, 3.900, -60.00,  3.90,657.7, 403883.925, 398841, 0.359,0,Simbad
FRB20181231C,-9999          ,-9999       ,197.0900000, 2.00e-01,+69.1800000, 2.10e-01,120.69, 47.87,  33.00, 19.0,       ,       , 18.2, 554.8, 27.7, 556.08600, 0.00380, 520.6, 528.4, 0.00197, , 0.00040600,    0.00003800, 0.680, 0.320, , 1.20, 0.54, ,0,58483.60854315630, 0.00000000570,58483.60837640580, 0.00000000580,<, 0.0003900,             , 0.410, 0.960,  -9.60,  2.10,408.8, 202753.208, 201545, 0.353,0,Simbad
FRB20190101A,-9999          ,-9999       ,171.0100000, 1.90e-01,+27.9900000, 2.00e-01,205.31, 70.64,  11.40,  6.4,       ,       , 17.7, 867.0, 33.0, 854.60900, 0.01900, 830.3, 836.0, 0.04227, , 0.01810000,    0.00200000, 0.600, 0.270, ,11.30, 3.40, ,0,58484.52789142500, 0.00000001100,58484.52763515800, 0.00000001200, , 0.0013000,    0.0003800,-2.250, 0.630,  -2.30,  1.00,400.2,1949656.300,1948025, 0.305,0,Simbad
FRB20190101B,-9999          ,-9999       ,307.7700000, 2.30e-01,+29.8900000, 2.30e-01, 70.74, -5.61,  11.90,  6.7,       ,       , 14.0,1321.5, 22.8,1323.90560, 0.00450,1089.9,1161.6, 0.00295, , 0.00516000,    0.00059000, 1.020, 0.640, , 4.40, 2.50, ,0,58484.90523153380, 0.00000000780,58484.90483454140, 0.00000000790, , 0.0003200,    0.0001500,41.700, 8.500, -36.10,  7.40,713.6, 648715.189, 647513, 0.307,0,Simbad
FRB20190102A,-9999          ,-9999       ,009.2600000, 1.80e-01,+26.7200000, 5.70e-02,118.96,-36.04,  11.50,  8.1,       ,       , 22.4, 697.1, 50.0, 699.17270, 0.00640, 655.6, 664.2, 0.00393, , 0.00098600,    0.00007100, 1.120, 0.520, , 4.20, 1.70, ,0,58485.07585426540, 0.00000000400,58485.07564460830, 0.00000000440, , 0.0008240,    0.0000730,28.900, 1.800, -67.80,  4.00,495.2, 433565.367, 427417, 0.313,0,Simbad
FRB20190102B,-9999          ,-9999       ,021.6600000, 1.80e-01,+21.3900000, 2.10e-01,133.77,-40.74,  14.10,  6.7,       ,       , 22.9, 367.2, 31.9, 367.16420, 0.00370, 326.1, 335.2, 0.00295,<, 0.00093000,              , 1.710, 0.720, , 3.90, 1.70, ,0,58485.11382259750, 0.00000000560,58485.11371249800, 0.00000000570, , 0.0008510,    0.0000370, 0.600, 0.660,  -4.40,  1.10,428.8, 444234.411, 443226, 0.288,0,Simbad
FRB20190103B,-9999          ,-9999       ,093.5700000, 2.60e-02,+19.7300000, 2.10e-01,191.23,  1.07,  13.80,  6.7,       ,       , 15.7, 530.5, 26.4, 541.12900, 0.06100, 354.0, 248.7, 0.03146, , 0.00540000,    0.00150000, 0.680, 0.490, ,12.90, 6.90, ,0,58486.30971407100, 0.00000001900,58486.30955180600, 0.00000002700, , 0.0058300,    0.0006400, 7.700, 1.300, -16.30,  2.10,507.0,1278901.943,1276793, 0.316,0,Simbad
FRB20190103C,-9999          ,-9999       ,104.1900000, 1.70e-01,+11.0700000, 5.00e-02,203.64,  6.19,   9.30,  7.5,       ,       , 25.1,1349.0, 34.2,1349.13300, 0.01200,1193.6,1127.1, 0.00492, , 0.00076000,    0.00014000, 2.300, 1.400, ,13.40, 7.10, ,0,58486.33739720770, 0.00000000580,58486.33699265050, 0.00000000680, , 0.0019300,    0.0001200,10.600, 1.100, -17.30,  1.70,543.7, 433332.994, 431673, 0.307,0,Simbad
FRB20190103A,-9999          ,FRB20181119A,190.5300000, 1.30e-01,+65.1300000, 2.30e-01,124.52, 51.97,  28.00, 15.0,       ,       , 15.7, 365.6, 40.0, 364.56270, 0.00490, 330.7, 338.8, 0.00983,<, 0.00270000,              , 1.110, 0.350, , 5.40, 1.50, ,0,58486.57457554960, 0.00000000500,58486.57446623010, 0.00000000520, , 0.0025400,    0.0000890,34.000, 5.300, -25.50,  4.50,780.0, 432784.050, 428634, 0.312,0,Simbad
FRB20190103D,-9999          ,-9999       ,221.8400000, 2.40e-01,+59.9100000, 2.40e-01, 99.85, 51.71,  23.00, 14.0,       ,       , 10.5,1911.9, 19.8,1913.55090, 0.00860,1880.3,1887.7, 0.00295, , 0.00102000,    0.00013000, 0.450, 0.200, , 1.17, 0.44, ,0,58486.66720021000, 0.00000013000,58486.66662640000, 0.00000013000,<, 0.0008700,             ,-5.200, 1.000,   1.20,  1.90,400.2, 420199.600, 417081, 0.330,0,Simbad
FRB20190103E,-9999          ,-9999       ,262.8900000, 2.30e-01,+45.8400000, 2.40e-01, 71.92, 32.61,  16.00, 10.0,       ,       ,  9.1, 736.0, 13.5, 736.24500, 0.01500, 690.6, 698.8, 0.00295, , 0.00159000,    0.00047000, 0.460, 0.320, , 2.00, 1.10, ,0,58486.77656009800, 0.00000001500,58486.77633932400, 0.00000001600, , 0.0010300,    0.0002300, 2.800, 2.000,  -4.40,  2.60,547.3, 431175.385, 431673, 0.307,0,Simbad
FRB20190104A,-9999          ,-9999       ,070.5000000, 2.00e-01,+35.5900000, 2.00e-01,166.73, -7.01,  15.10,  8.0,       ,       , 17.2, 548.3, 24.4, 549.43290, 0.00290, 397.9, 346.9, 0.00197, , 0.00015500,    0.00004200, 1.450, 0.790, , 3.90, 1.90, ,0,58487.24275656227, 0.00000000078,58487.24259180680, 0.00000000120, , 0.0001970,    0.0000660, 6.000, 1.200, -10.50,  1.70,531.9, 439260.771, 435316, 0.301,0,Simbad
FRB20190104A,-9999          ,-9999       ,070.5000000, 2.00e-01,+35.5900000, 2.00e-01,166.73, -7.01,  15.10,  8.0,       ,       , 17.2, 548.3, 24.4, 549.43290, 0.00290, 397.9, 346.9, 0.00197, , 0.00015500,    0.00004200, 1.450, 0.790, , 3.90, 1.90, ,1,58487.24275665770, 0.00000000710,58487.24259190220, 0.00000000710, , 0.0008000,    0.0004100,-1.600, 4.600,   1.30,  6.60,400.2, 439260.771, 435316, 0.301,0,Simbad
FRB20190104B,-9999          ,-9999       ,234.7200000, 2.50e-01,-06.2500000, 4.30e-01,359.71, 37.54,  10.70,  7.5,       ,       ,  9.8, 527.3, 12.8, 530.13700, 0.01200, 480.3, 492.6, 0.00590,<, 0.00230000,              , 2.700, 2.000, , 9.50, 5.60, ,0,58487.69854449900, 0.00000001700,58487.69838552900, 0.00000001800, , 0.0018800,    0.0002100,-3.600, 2.000,   7.50,  2.40,800.2, 392956.606, 392762, 0.369,0,Simbad
FRB20190105A,-9999          ,-9999       ,266.3000000, 1.90e-01,+63.8200000, 2.10e-01, 93.23, 31.41,  27.00, 15.0,       ,       , 10.9, 385.0, 10.5, 383.55100, 0.03500, 337.2, 343.0, 0.00885,<, 0.00490000,              , 0.600, 0.380, , 3.50, 1.50, ,0,58488.77748890800, 0.00000002200,58488.77737389500, 0.00000002500, , 0.0039000,    0.0005200,-1.900, 1.900,   3.60,  2.50,800.2, 636464.487, 636570, 0.318,0,Simbad
FRB20190106A,-9999          ,-9999       ,022.1900000, 2.40e-01,+46.1200000, 2.50e-01,129.65,-16.26,  16.00, 10.0,       ,       ,  9.6, 341.3, 12.7, 340.06100, 0.01500, 251.2, 249.5, 0.00688, , 0.00580000,    0.00160000, 0.270, 0.210, , 0.81, 0.45, ,0,58489.10359583200, 0.00000001900,58489.10349386000, 0.00000002000, , 0.0009400,    0.0003000, 9.000,12.000,  -5.00, 11.00,800.2, 701706.374, 701625, 0.437,0,Simbad
FRB20190106B,-9999          ,-9999       ,335.6300000, 1.80e-01,+46.1300000, 1.80e-01, 97.79, -9.34,  20.30,  7.1,       ,       , 41.2, 315.4, 77.2, 316.59410, 0.00180, 174.9, 183.7, 0.00197,<, 0.00060000,              , 1.700, 1.100, , 3.80, 2.40, ,0,58489.97313055910, 0.00000000330,58489.97303562380, 0.00000000330, , 0.0005780,    0.0000110,16.580, 0.830, -68.00,  3.00,452.1, 446087.645, 442010, 0.290,0,Simbad
FRB20190107A,-9999          ,-9999       ,000.8600000, 2.50e-01,+21.8100000, 2.80e-01,108.40,-39.70,  12.00,  7.4,       ,       ,  9.0, 841.1, 15.0, 849.19000, 0.78000, 809.3, 817.3, 0.04719, , 0.02040000,    0.00530000, 0.490, 0.350, , 6.30, 3.90, ,0,58490.04257531000, 0.00000010000,58490.04232067000, 0.00000026000, , 0.0259000,    0.0068000,-4.300, 1.600,  -0.40,  3.30,400.2,4184278.478,4169657, 0.332,0,Simbad
FRB20190107B,-9999          ,-9999       ,033.4500000, 2.00e-01,+83.4000000, 2.30e-01,125.41, 20.93, 108.00, 55.0,   95.0,   54.0, 20.6, 166.6, 26.8, 166.09390, 0.00300,  96.1,  89.6, 0.00098,<, 0.00050000,              , 2.800, 1.700, , 4.30, 2.50, ,0,58490.14044361730, 0.00000000950,58490.14039381170, 0.00000000960, , 0.0004510,    0.0000240,-1.300, 0.860,  -3.10,  1.60,400.2, 166068.158, 160202, 0.485,0,Simbad
FRB20190109A,-9999          ,-9999       ,107.9600000, 2.50e-01,+05.1600000, 3.40e-01,210.64,  6.88,  11.50,  6.7,       ,       ,  9.4, 325.1, 15.4, 324.60400, 0.02100, 176.9, 119.8, 0.01376,<, 0.00220000,              , 1.190, 0.590, , 6.40, 2.60, ,0,58492.33368500600, 0.00000001200,58492.33358766800, 0.00000001300, , 0.0016500,    0.0002700, 6.100, 2.300,  -8.10,  2.90,583.0, 636666.223, 633829, 0.321,0,Simbad
FRB20190109A,-9999          ,-9999       ,107.9600000, 2.50e-01,+05.1600000, 3.40e-01,210.64,  6.88,  11.50,  6.7,       ,       ,  9.4, 325.1, 15.4, 324.60400, 0.02100, 176.9, 119.8, 0.01376,<, 0.00220000,              , 1.190, 0.590, , 6.40, 2.60, ,1,58492.33368509500, 0.00000002800,58492.33358775800, 0.00000002900, , 0.0034000,    0.0025000, 4.600, 3.900,  -8.50,  6.00,523.6, 636666.223, 633829, 0.321,0,Simbad
FRB20190109B,-9999          ,-9999       ,253.4700000, 2.30e-01,+01.2500000, 3.30e-01, 19.73, 26.53,  11.40,  6.2,       ,       , 11.6, 176.3, 14.0, 175.16800, 0.02500, 106.9, 121.7, 0.00688, , 0.00026100,    0.00005700, 1.200, 0.960, , 3.00, 1.70, ,0,58492.73336049000, 0.00000002100,58492.73330796400, 0.00000002200, , 0.0003400,    0.0001600, 2.500, 4.600, -65.00, 26.00,408.1, 394990.201, 393977, 0.367,0,Simbad
FRB20190110A,-9999          ,-9999       ,064.9500000, 3.30e-02,+47.4400000, 8.60e-02,155.20, -1.95,  18.80,  8.3,       ,       , 29.1, 470.7, 63.0, 472.75260, 0.00780, 284.2, 206.6, 0.00295, , 0.00038100,    0.00001700, 1.540, 0.940, , 3.80, 2.30, ,0,58493.21221296060, 0.00000000480,58493.21207119880, 0.00000000530, , 0.0002030,    0.0000810, 6.300, 1.500,-118.00, 11.00,411.0, 433547.545, 432889, 0.305,0,Simbad
FRB20190110B,-9999          ,-9999       ,131.6800000, 2.10e-01,+50.1600000, 2.10e-01,168.91, 38.68,  18.00, 10.0,       ,       , 12.3, 486.9, 18.8, 486.11800, 0.01200, 440.6, 449.3, 0.00885, , 0.00324000,    0.00044000, 0.470, 0.340, , 1.90, 1.40, ,0,58493.39450505200, 0.00000001700,58493.39435928200, 0.00000001700, , 0.0007500,    0.0002200, 0.200, 1.100,  -5.00,  1.80,407.8, 593402.249, 590969, 0.367,0,Simbad
FRB20190110C,-9999          ,-9999       ,246.9800000, 1.90e-01,+41.4200000, 5.00e-02, 65.52, 43.85,  12.40,  9.7,       ,       , 15.6, 221.6, 28.3, 221.96100, 0.01500, 186.3, 193.0, 0.00295, , 0.00021700,    0.00003100, 0.640, 0.390, , 1.40, 0.76, ,0,58493.71640000000, 0.00470000000,58493.71630000000, 0.00470000000, , 0.0003900,    0.0000760,24.500, 3.900,-186.00, 25.00,427.4, 433108.955, 432281, 0.306,0,Simbad
FRB20190111A,-9999          ,-9999       ,217.0000000, 1.50e-01,+26.7800000, 1.20e-01, 37.55, 68.51,  16.20,  5.1,       ,       , 64.3, 173.1,131.7, 171.96819, 0.00082, 150.5, 150.5, 0.00590, , 0.00053500,    0.00002700, 3.600, 1.400, ,17.00, 7.20, ,0,58494.62906158942, 0.00000000046,58494.62901002225, 0.00000000052, , 0.0003600,    0.0000150, 6.350, 0.430,  -6.78,  0.47,638.9, 467399.933, 433487, 0.304,0,Simbad
FRB20190111A,-9999          ,-9999       ,217.0000000, 1.50e-01,+26.7800000, 1.20e-01, 37.55, 68.51,  16.20,  5.1,       ,       , 64.3, 173.1,131.7, 171.96819, 0.00082, 150.5, 150.5, 0.00590, , 0.00053500,    0.00002700, 3.600, 1.400, ,17.00, 7.20, ,1,58494.62906162260, 0.00000000100,58494.62901005540, 0.00000000100, , 0.0004380,    0.0000300, 7.910, 0.490, -23.30,  1.00,474.4, 467399.933, 433487, 0.304,0,Simbad
FRB20190111A,-9999          ,-9999       ,217.0000000, 1.50e-01,+26.7800000, 1.20e-01, 37.55, 68.51,  16.20,  5.1,       ,       , 64.3, 173.1,131.7, 171.96819, 0.00082, 150.5, 150.5, 0.00590, , 0.00053500,    0.00002700, 3.600, 1.400, ,17.00, 7.20, ,2,58494.62906167600, 0.00000000510,58494.62901010880, 0.00000000510,<, 0.0007900,             ,-2.300, 1.900,  -5.80,  4.10,400.2, 467399.933, 433487, 0.304,0,Simbad
FRB20190111B,-9999          ,-9999       ,260.0200000, 1.60e-01,+13.5300000, 3.00e-02, 35.24, 26.27,   4.10,  5.6,       ,       , 24.1,1334.4, 32.6,1336.92710, 0.00640,1271.8,1285.9, 0.00393, , 0.00019900,    0.00002700, 0.320, 0.130, , 0.78, 0.28, ,0,58494.74933194700, 0.00000001000,58494.74893104900, 0.00000001000, , 0.0001600,    0.0001200, 1.900, 1.000, -17.20,  2.90,422.5, 202964.044, 201545, 0.353,0,Simbad
FRB20190112A,-9999          ,-9999       ,257.9800000, 1.50e-02,+61.2000000, 2.60e-02, 90.49, 35.45,  29.00, 11.0,       ,       , 27.8, 420.5, 66.1, 425.84740, 0.00510, 383.8, 390.1, 0.00983, , 0.01101000,    0.00050000, 1.400, 0.640, ,16.20, 6.40, ,0,58495.73716773930, 0.00000000520,58495.73704004270, 0.00000000540, , 0.0016400,    0.0001100,57.100, 3.200, -51.40,  2.80,697.7,1328527.779,1324217, 0.291,0,Simbad
FRB20190113A,-9999          ,-9999       ,108.1400000, 2.50e-01,-02.9900000, 3.90e-01,218.01,  3.33,  11.30,  7.1,       ,       , 10.9, 430.3, 12.6, 428.92400, 0.01200, 250.0, 176.4, 0.00688,<, 0.00220000,              , 1.300, 1.100, , 5.60, 3.40, ,0,58496.31981280800, 0.00000002900,58496.31968418900, 0.00000002900, , 0.0018200,    0.0002100, 7.300, 6.400,  -2.80,  6.00,800.2, 386505.498, 385466, 0.381,0,Simbad
FRB20190114A,-9999          ,-9999       ,008.9500000, 2.30e-01,+19.1700000, 2.60e-01,117.83,-43.55,  11.90,  7.3,       ,       , 11.5, 889.6, 21.1, 887.39200, 0.04800, 849.3, 857.8, 0.00492, , 0.00038000,    0.00008600, 0.550, 0.430, , 2.30, 1.40, ,0,58497.04583212500, 0.00000001700,58497.04556602700, 0.00000002200, , 0.0013400,    0.0002000,11.100, 3.500, -89.00, 19.00,425.8, 402724.957, 401273, 0.355,0,Simbad
FRB20190115A,-9999          ,-9999       ,045.6100000, 2.20e-01,+54.2800000, 2.30e-01,141.39, -3.83,  20.00, 12.0,       ,       , 10.4,1020.6, 12.9,1021.68400, 0.01500, 835.3, 784.3, 0.00295,<, 0.00120000,              , 0.460, 0.350, , 0.95, 0.56, ,0,58498.14432469010, 0.00000000290,58498.14401832320, 0.00000000540, , 0.0008900,    0.0001400, 0.900, 1.600,  -3.20,  2.50,457.2, 436617.429, 437754, 0.297,0,Simbad
FRB20190115B,-9999          ,-9999       ,076.8200000, 2.00e-01,+82.0600000, 2.30e-01,130.71, 23.43,  88.00, 46.0,   95.0,   44.0, 18.2, 748.9, 25.2, 748.29300, 0.01800, 684.5, 682.3, 0.00393,<, 0.00180000,              , 1.450, 0.870, , 5.20, 3.10, ,0,58498.23797714990, 0.00000000240,58498.23775276330, 0.00000000580, , 0.0015500,    0.0001100, 1.850, 0.900,  -6.90,  1.60,457.5, 451968.008, 441402, 0.291,0,Simbad
FRB20190116E,-9999          ,-9999       ,019.3600000, 2.20e-01,+52.3200000, 2.20e-01,126.97,-10.35,  19.00, 11.0,       ,       , 11.9,1489.7, 12.4,1491.00060, 0.00410,1362.6,1350.8, 0.00098,<, 0.00072000,              , 0.460, 0.350, , 1.12, 0.75, ,0,58499.06681763360, 0.00000000180,58499.06637053530, 0.00000000220, , 0.0006070,    0.0000580, 0.100, 1.400,  -0.10,  1.90,660.5, 431936.429, 429850, 0.310,0,Simbad
FRB20190116D,-9999          ,-9999       ,085.1000000, 2.20e-01,+68.6800000, 2.30e-01,144.42, 19.03,  31.00, 19.0,       ,       , 11.5,1161.4, 16.5,1164.02500, 0.02300,1085.5,1072.0, 0.00983, , 0.00392000,    0.00074000, 0.510, 0.330, , 4.70, 1.70, ,0,58499.24940853570, 0.00000000670,58499.24905948580, 0.00000000970, , 0.0010400,    0.0004200,-1.100, 1.300,  -3.10,  2.00,400.2, 655694.744, 656633, 0.297,0,Simbad
FRB20190116A,-9999          ,FRB20190116B,192.3300000, 1.50e-01,+27.1500000, 2.40e-01,210.17, 89.53,  12.80,  7.7,       ,       , 15.8, 446.4, 19.9, 445.48000, 0.21000, 425.6, 425.9, 0.01278,<, 0.00750000,              , 0.320, 0.150, , 3.70, 1.40, ,0,58499.54692066000, 0.00000004100,58499.54678707500, 0.00000007500, , 0.0055400,    0.0009700,27.700, 4.800, -29.80,  5.10,636.8, 881121.956, 882810, 0.291,0,Simbad
FRB20190116B,190116.J1249+27,FRB20190116B,192.3300000, 1.50e-01,+27.1500000, 2.40e-01,210.17, 89.53,  12.80,  7.7,       ,       , 12.9, 441.6, 21.9, 443.54900, 0.02100, 423.7, 424.0, 0.00688,<, 0.00210000,              , 0.460, 0.290, , 2.00, 1.00, ,0,58499.54745883670, 0.00000000340,58499.54732583200, 0.00000000720, , 0.0017300,    0.0001700,20.700, 3.000, -54.70,  7.60,483.6, 449484.730, 449306, 0.278,0,Simbad
FRB20190116C,-9999          ,-9999       ,249.3200000, 1.30e-02,+70.9600000, 2.50e-02,103.22, 36.26,  40.00,  6.0,   34.4,    1.8, 74.4, 629.2,210.6, 629.27648, 0.00029, 587.4, 593.6, 0.00295,<, 0.00072000,              ,28.000,12.000, ,65.00,26.00, ,0,58499.70433370568, 0.00000000017,58499.70414500793, 0.00000000019, , 0.0007082,    0.0000047,15.360, 0.290, -14.81,  0.30,672.1, 495482.371, 437754, 0.297,0,Simbad
FRB20190116F,-9999          ,-9999       ,261.6700000, 2.10e-01,+75.0000000, 2.30e-01,106.48, 31.58,  46.00, 26.0,   40.0,   18.0, 13.6, 315.4, 15.3, 316.92030, 0.00820, 270.1, 275.6, 0.00295,<, 0.00150000,              , 0.490, 0.180, , 1.54, 0.62, ,0,58499.73654358210, 0.00000000290,58499.73644854890, 0.00000000380, , 0.0012300,    0.0001300, 3.600, 1.700,  -3.80,  2.10,637.5, 437610.741, 438970, 0.295,0,Simbad
FRB20190117C,-9999          ,-9999       ,115.1300000, 2.50e-01,+74.5900000, 2.90e-01,140.26, 29.33,  43.00, 26.0,   35.0,   19.0, 10.2, 865.4, 10.8, 865.90080, 0.00640, 812.6, 815.9, 0.00197,<, 0.00098000,              , 0.420, 0.240, , 0.79, 0.22, ,0,58500.32993004880, 0.00000000430,58500.32967039570, 0.00000000470, , 0.0007700,    0.0001000, 9.900, 3.900, -10.20,  4.40,648.6, 404809.815, 407962, 0.345,0,Simbad
FRB20190117D,-9999          ,-9999       ,208.8700000, 1.40e-01,+31.6800000, 2.00e-01, 54.84, 75.35,  11.70,  6.3,       ,       , 15.7,1175.9, 20.1,1178.06300, 0.01100,1155.5,1157.6, 0.00295, , 0.00040500,    0.00009900, 0.780, 0.400, , 3.50, 1.50, ,0,58500.58752353170, 0.00000000300,58500.58717027220, 0.00000000450, , 0.0012600,    0.0001300, 0.400, 1.000,  -4.30,  1.70,419.2, 433558.119, 431673, 0.307,0,Simbad
FRB20190117A,190117.J2207+17,FRB20190117A,331.7100000, 1.50e-01,+17.3700000, 2.60e-01, 76.31,-30.23,  12.50,  6.9,       ,       , 24.2, 393.1, 96.9, 393.36020, 0.00220, 345.2, 353.3, 0.00393,<, 0.00150000,              , 2.500, 1.200, , 9.90, 4.60, ,0,58500.92953830941, 0.00000000059,58500.92942035461, 0.00000000088, , 0.0014940,    0.0000220,55.600, 1.700,-117.00,  3.50,507.6, 451873.390, 443834, 0.287,0,Simbad
FRB20190118B,-9999          ,-9999       ,039.7100000, 2.50e-01,+23.5700000, 2.70e-01,152.53,-33.06,  12.40,  7.8,       ,       ,  9.7, 666.4, 16.1, 670.89000, 0.15000, 620.7, 627.3, 0.03637, , 0.01940000,    0.00450000, 0.310, 0.230, , 3.62, 0.99, ,0,58501.11653344600, 0.00000004100,58501.11633227100, 0.00000006000, , 0.0037000,    0.0017000,13.800, 4.100, -14.40,  4.20,645.0,2237005.705,2240473, 0.346,0,Simbad
FRB20190118A,-9999          ,-9999       ,253.3100000, 2.90e-02,+11.5500000, 8.40e-02, 30.10, 31.42,  11.60,  6.9,       ,       , 47.2, 224.8,183.4, 225.10795, 0.00072, 171.7, 182.4, 0.00197, , 0.00028240,    0.00000570, 9.300, 3.500, ,18.00, 6.60, ,0,58501.70991104028, 0.00000000036,58501.70984353837, 0.00000000042, , 0.0001400,    0.0000160,19.420, 0.370, -56.71,  0.97,474.9, 231901.935, 213097, 0.315,0,Simbad
FRB20190121A,-9999          ,-9999       ,354.7400000, 1.50e-01,+78.6000000, 2.30e-02,119.26, 16.25,  23.00, 27.0,   16.0,   14.0, 31.3, 423.8, 45.8, 425.35340, 0.00580, 338.0, 319.1, 0.00786, , 0.00334000,    0.00031000, 1.700, 1.100, ,10.80, 6.30, ,0,58504.98159143170, 0.00000000230,58504.98146388320, 0.00000000290, , 0.0010800,    0.0001100, 4.500, 0.620,  -8.39,  0.85,523.2, 667325.862, 654809, 0.299,0,Simbad
FRB20190122B,-9999          ,-9999       ,002.5300000, 2.50e-01,+35.1200000, 2.50e-01,113.46,-26.99,  13.30,  8.4,       ,       ,  9.3, 467.5,  9.6, 469.56500, 0.03600, 415.1, 423.5, 0.00590,<, 0.00280000,              , 0.410, 0.320, , 1.75, 0.76, ,0,58505.00235178380, 0.00000000980,58505.00221097800, 0.00000001500, , 0.0019200,    0.0004600, 2.800, 2.700,  -2.30,  3.40,737.5, 431471.076, 430458, 0.309,0,Simbad
FRB20190122C,-9999          ,-9999       ,200.6000000, 7.20e-02,+17.5700000, 1.60e-01,341.32, 78.07,  17.00,  2.4,       ,       , 43.2, 690.7,110.7, 689.90200, 0.00780, 665.5, 669.6, 0.01475, , 0.00010367,    0.00000065, 4.200, 2.700, ,47.00,30.00, ,0,58505.55165318700, 0.00000001100,58505.55144631000, 0.00000001200, , 0.0017600,    0.0004800, 1.500, 3.200,  -4.80,  5.10,466.7,1043356.419,1027488, 0.340,0,Simbad
FRB20190122C,-9999          ,-9999       ,200.6000000, 7.20e-02,+17.5700000, 1.60e-01,341.32, 78.07,  17.00,  2.4,       ,       , 43.2, 690.7,110.7, 689.90200, 0.00780, 665.5, 669.6, 0.01475, , 0.00010367,    0.00000065, 4.200, 2.700, ,47.00,30.00, ,1,58505.55165327240, 0.00000000550,58505.55144639520, 0.00000000600, , 0.0018000,    0.0001200, 7.380, 0.730, -12.89,  0.93,532.8,1043356.419,1027488, 0.340,0,Simbad
FRB20190122C,-9999          ,-9999       ,200.6000000, 7.20e-02,+17.5700000, 1.60e-01,341.32, 78.07,  17.00,  2.4,       ,       , 43.2, 690.7,110.7, 689.90200, 0.00780, 665.5, 669.6, 0.01475, , 0.00010367,    0.00000065, 4.200, 2.700, ,47.00,30.00, ,2,58505.55165333300, 0.00000001900,58505.55144645600, 0.00000001900, , 0.0029400,    0.0006400, 4.200, 1.600, -13.10,  2.50,469.5,1043356.419,1027488, 0.340,0,Simbad
FRB20190122C,-9999          ,-9999       ,200.6000000, 7.20e-02,+17.5700000, 1.60e-01,341.32, 78.07,  17.00,  2.4,       ,       , 43.2, 690.7,110.7, 689.90200, 0.00780, 665.5, 669.6, 0.01475, , 0.00010367,    0.00000065, 4.200, 2.700, ,47.00,30.00, ,3,58505.55165338400, 0.00000005800,58505.55144650700, 0.00000005800,<, 0.0089000,             ,-2.000,11.000,  -4.00, 19.00,400.2,1043356.419,1027488, 0.340,0,Simbad
FRB20190122C,-9999          ,-9999       ,200.6000000, 7.20e-02,+17.5700000, 1.60e-01,341.32, 78.07,  17.00,  2.4,       ,       , 43.2, 690.7,110.7, 689.90200, 0.00780, 665.5, 669.6, 0.01475, , 0.00010367,    0.00000065, 4.200, 2.700, ,47.00,30.00, ,4,58505.55165339600, 0.00000001900,58505.55144651900, 0.00000001900, , 0.0014100,    0.0005600, 1.500, 4.700,  -3.50,  5.50,492.6,1043356.419,1027488, 0.340,0,Simbad
FRB20190122C,-9999          ,-9999       ,200.6000000, 7.20e-02,+17.5700000, 1.60e-01,341.32, 78.07,  17.00,  2.4,       ,       , 43.2, 690.7,110.7, 689.90200, 0.00780, 665.5, 669.6, 0.01475, , 0.00010367,    0.00000065, 4.200, 2.700, ,47.00,30.00, ,5,58505.55165346200, 0.00000006200,58505.55144658500, 0.00000006200, , 0.0050000,    0.0010000,-1.400, 1.200,  -4.40,  2.40,400.2,1043356.419,1027488, 0.340,0,Simbad
FRB20190122A,-9999          ,-9999       ,349.5600000, 2.20e-01,+37.5000000, 2.30e-01,103.18,-21.77,  14.20,  8.5,       ,       , 11.7,1229.3, 19.8,1231.21000, 0.31000,1166.6,1175.4, 0.04424, , 0.03710000,    0.00610000, 0.327, 0.075, , 5.70, 2.80, ,0,58505.96504763800, 0.00000006900,58505.96467844000, 0.00000011000, , 0.0055000,    0.0022000, 0.800, 1.600,  -0.70,  1.80,694.2,3715833.072,3709881, 0.340,0,Simbad
FRB20190124A,-9999          ,-9999       ,050.4600000, 1.30e-01,+51.5800000, 1.60e-01,145.29, -4.64,  23.10,  8.2,       ,       , 14.4,1274.6, 39.5,1275.85300, 0.02400,1099.3,1051.9, 0.02359, , 0.02230000,    0.00170000, 0.610, 0.360, ,13.40, 9.30, ,0,58507.12934437040, 0.00000000740,58507.12896178700, 0.00000001000, , 0.0022700,    0.0004500, 4.130, 0.740,  -7.37,  0.95,529.5,2375425.403,2367545, 0.309,0,Simbad
FRB20190124B,-9999          ,-9999       ,214.6900000, 8.90e-02,+28.8000000, 1.70e-01, 42.99, 70.67,  14.10,  4.4,       ,       , 14.5, 443.2, 41.1, 441.38380, 0.00980, 419.8, 420.3, 0.01475, , 0.00706000,    0.00063000, 0.970, 0.390, ,11.70, 4.40, ,0,58507.58859120810, 0.00000000400,58507.58845885270, 0.00000000490, , 0.0015000,    0.0001800, 0.800, 0.550,  -4.88,  0.83,434.2,1107926.978,1101993, 0.292,0,Simbad
FRB20190124C,-9999          ,-9999       ,217.1700000, 4.70e-02,+28.3800000, 1.70e-01, 41.94, 68.49,  13.40,  5.1,       ,       , 47.5, 302.5,148.1, 303.64400, 0.00130, 282.2, 282.2, 0.01376, , 0.00066800,    0.00002300, 2.500, 1.500, ,13.70, 7.70, ,0,58507.59331706680, 0.00000000120,58507.59322601470, 0.00000000130, , 0.0002910,    0.0000370, 0.420, 0.230,  -3.54,  0.34,424.6, 424332.183, 404308, 0.351,0,Simbad
FRB20190124C,-9999          ,-9999       ,217.1700000, 4.70e-02,+28.3800000, 1.70e-01, 41.94, 68.49,  13.40,  5.1,       ,       , 47.5, 302.5,148.1, 303.64400, 0.00130, 282.2, 282.2, 0.01376, , 0.00066800,    0.00002300, 2.500, 1.500, ,13.70, 7.70, ,1,58507.59331717261, 0.00000000082,58507.59322612051, 0.00000000091, , 0.0017730,    0.0000580, 1.310, 0.230,  -8.59,  0.46,431.9, 424332.183, 404308, 0.351,0,Simbad
FRB20190124D,-9999          ,-9999       ,237.2600000, 2.40e-01,+81.2300000, 2.90e-01,115.61, 33.20,  78.00, 42.0,   72.0,   40.0,  9.1, 341.3, 13.4, 340.12000, 0.01700, 294.5, 300.3, 0.00492, , 0.00097000,    0.00024000, 0.500, 0.330, , 1.90, 1.10, ,0,58507.64618432440, 0.00000000700,58507.64608233460, 0.00000000870, , 0.0005000,    0.0002300, 0.100, 2.100,  -9.90,  4.60,402.1, 438863.146, 438969, 0.295,0,Simbad
FRB20190124E,-9999          ,-9999       ,297.7500000, 2.10e-01,+20.5700000, 2.40e-01, 57.96, -3.09,  12.40,  7.4,       ,       , 13.6, 614.6, 17.4, 617.79000, 0.09200, 225.8, 313.3, 0.01868,<, 0.00750000,              , 0.640, 0.560, , 7.30, 4.90, ,0,58507.81726226200, 0.00000002100,58507.81707700800, 0.00000003500, , 0.0057400,    0.0008900, 9.100, 2.100, -10.20,  2.50,625.6, 881223.777, 881594, 0.292,0,Simbad
FRB20190124F,-9999          ,-9999       ,338.9200000, 1.60e-01,+05.3000000, 2.70e-02, 72.47,-43.87,   1.80,  3.4,       ,       , 35.9, 253.9, 60.2, 254.79030, 0.00500, 217.2, 225.8, 0.00197, , 0.00016400,    0.00001400, 3.900, 1.900, , 6.40, 3.20, ,0,58507.93024428290, 0.00000000120,58507.93016788020, 0.00000000200, , 0.0007330,    0.0000390, 2.050, 0.560, -16.60,  1.60,425.6, 206753.716, 203065, 0.348,0,Simbad
FRB20190125A,-9999          ,-9999       ,045.7300000, 2.40e-01,+27.8100000, 2.60e-01,155.42,-26.64,  10.50,  7.0,       ,       ,  9.4, 562.9, 12.8, 564.70100, 0.02700, 504.3, 506.4, 0.01376,<, 0.00410000,              , 0.370, 0.250, , 2.60, 1.20, ,0,58508.11408946690, 0.00000000980,58508.11392013300, 0.00000001300, , 0.0032100,    0.0004600,36.000,10.000, -37.00, 11.00,655.5, 572153.777, 569082, 0.391,0,Simbad
FRB20190125B,-9999          ,-9999       ,231.4500000, 2.50e-01,+50.5400000, 2.30e-01, 82.22, 52.58,  17.00, 11.0,       ,       , 13.2, 177.9, 26.2, 178.23800, 0.01500, 145.0, 152.9, 0.00688, , 0.00095000,    0.00028000, 0.830, 0.550,<, 4.70, 2.70,<,0,58508.62754435800, 0.00000000390,58508.62749091070, 0.00000000580, , 0.0024700,    0.0001600, 5.700, 1.200,  -6.80,  1.40,609.9, 580318.875, 576377, 0.383,0,Simbad
FRB20190126A,-9999          ,FRB20180916B,029.5031258, 6.00e-07,+65.7167542, 6.00e-07,129.71,  3.73,  46.06,     ,       ,       , 11.6, 351.0, 27.8, 350.00170, 0.00730, 151.1,  25.1, 0.00688,<, 0.00230000,              , 0.700, 0.250, , 3.60, 1.10, ,0,58509.06441346030, 0.00000000340,58509.06430850710, 0.00000000400, , 0.0020800,    0.0001100,51.100, 5.200, -64.40,  6.40,595.4, 435367.384, 434106, 0.303,0,Simbad
FRB20190127B,-9999          ,-9999       ,150.9200000, 2.40e-01,+83.5600000, 2.80e-01,127.99, 31.83, 100.00, 54.0,  101.0,   53.0, 11.5, 666.4, 18.8, 663.02800, 0.04800, 614.6, 620.1, 0.06783, , 0.04280000,    0.00660000, 0.630, 0.540, ,11.40, 5.80, ,0,58510.39121647200, 0.00000001700,58510.39101765300, 0.00000002300, , 0.0025000,    0.0011000, 5.300, 1.800,  -7.70,  2.20,562.2,3982765.219,3979097, 0.329,0,Simbad
FRB20190128A,-9999          ,-9999       ,021.8000000, 2.10e-01,+24.6700000, 6.50e-02,133.18,-37.49,   9.60,  8.5,       ,       , 11.8, 695.5, 16.5, 696.11700, 0.01900, 652.5, 661.6, 0.00688,<, 0.00220000,              , 0.580, 0.370, , 2.00, 1.00, ,0,58511.04206837070, 0.00000000750,58511.04185962980, 0.00000000940, , 0.0018500,    0.0001600,-1.500, 1.300,  -2.50,  2.40,400.2, 453460.015, 447482, 0.281,0,Simbad
FRB20190128B,-9999          ,-9999       ,127.4400000, 2.10e-01,+23.2900000, 2.30e-01,200.92, 31.35,  12.80,  7.6,       ,       , 14.1, 247.5, 21.4, 248.23020, 0.00590, 191.0, 190.8, 0.00197, , 0.00020800,    0.00005500, 0.810, 0.290, , 1.64, 0.47, ,0,58511.33474511330, 0.00000000600,58511.33467067780, 0.00000000630, , 0.0006030,    0.0000660, 5.300, 1.300, -10.30,  2.00,515.9, 452517.417, 451129, 0.275,0,Simbad
FRB20190128C,-9999          ,-9999       ,069.8000000, 2.30e-01,+78.9400000, 3.80e-01,132.83, 20.76,  60.00, 34.0,   56.0,   32.0, 10.1, 304.1, 17.5, 310.62200, 0.07600, 239.3, 230.4, 0.01573,<, 0.00760000,              , 0.710, 0.740, , 5.90, 4.20, ,0,58511.67456895500, 0.00000001500,58511.67447581000, 0.00000002700, , 0.0061600,    0.0007000,22.600, 4.000, -55.00,  9.20,491.6, 810435.521, 812282, 0.348,0,Simbad
FRB20190128D,-9999          ,-9999       ,283.3200000, 6.00e-02,+17.4400000, 2.70e-01, 48.75,  7.46,  11.90,  7.3,       ,       ,  9.4, 428.6, 15.5, 430.23100, 0.01500, 197.4, 222.9, 0.00492,<, 0.00150000,              , 1.200, 1.000, , 3.60, 2.80, ,0,58511.76705541490, 0.00000000850,58511.76692640380, 0.00000000950, , 0.0012700,    0.0001100, 0.800, 1.600,  -8.50,  3.60,419.5, 446550.257, 445658, 0.284,0,Simbad
FRB20190129A,-9999          ,-9999       ,045.0600000, 2.10e-01,+21.4200000, 2.30e-01,158.87,-32.31,  13.40,  7.3,       ,       , 12.7, 478.8, 18.8, 484.76100, 0.01400, 432.7, 437.8, 0.00885, , 0.01020000,    0.00200000, 0.490, 0.300, , 5.00, 3.10, ,0,58512.10127473100, 0.00000001000,58512.10112936900, 0.00000001100, , 0.0011300,    0.0003000,43.000,10.000, -37.80,  9.30,707.7,1265039.714,1271321, 0.319,0,Simbad
FRB20190130A,-9999          ,-9999       ,025.6400000, 2.40e-01,+13.1600000, 3.00e-01,141.65,-47.84,  11.00,  7.7,       ,       ,  9.5,1365.2, 12.6,1367.46100, 0.05000,1330.1,1339.4, 0.01475, , 0.00320000,    0.00098000, 0.470, 0.320, , 4.40, 1.80, ,0,58513.04487553800, 0.00000002000,58513.04446548500, 0.00000002500, , 0.0009900,    0.0006700,19.300, 5.300, -62.00, 15.00,467.7, 608665.840, 606473, 0.351,0,Simbad
FRB20190130B,-9999          ,-9999       ,172.1100000, 1.60e-01,+16.0500000, 7.20e-02,238.61, 67.80,  13.00,  5.4,       ,       , 23.6, 988.3, 65.4, 989.03070, 0.00360, 959.3, 968.0, 0.00393, , 0.00076900,    0.00003900, 0.770, 0.360, , 2.95, 0.94, ,0,58513.45403020120, 0.00000000240,58513.45373362590, 0.00000000270, , 0.0002650,    0.0000880,55.400, 2.700,-140.80,  6.50,487.1, 414376.343, 409785, 0.342,0,Simbad
FRB20190131E,-9999          ,-9999       ,195.6500000, 4.40e-02,+80.9200000, 2.70e-01,122.39, 36.20,  71.00, 40.0,   72.0,   36.0, 20.9, 279.8, 50.7, 279.80060, 0.00250, 236.5, 243.3, 0.00098, , 0.00016400,    0.00001600, 3.000, 2.000, , 5.10, 3.40, ,0,58514.01166693440, 0.00000000330,58514.01158303210, 0.00000000340,<, 0.0002300,             ,22.000, 1.600, -63.10,  4.10,476.5, 199966.627, 197897, 0.364,0,Simbad
FRB20190131D,-9999          ,-9999       ,057.4600000, 1.60e-01,+22.7500000, 1.80e-01,168.11,-24.08,  15.00,  5.8,       ,       , 18.7, 642.1, 48.9, 642.12180, 0.00120, 574.6, 569.1, 0.00197, , 0.00042600,    0.00003100, 2.900, 1.600, , 6.80, 3.70, ,0,58514.13021713680, 0.00000000370,58514.13002458720, 0.00000000370,<, 0.0001700,             , 1.610, 0.530,  -3.35,  0.71,508.7, 424385.421, 418900, 0.327,0,Simbad
FRB20190131D,-9999          ,-9999       ,057.4600000, 1.60e-01,+22.7500000, 1.80e-01,168.11,-24.08,  15.00,  5.8,       ,       , 18.7, 642.1, 48.9, 642.12180, 0.00120, 574.6, 569.1, 0.00197, , 0.00042600,    0.00003100, 2.900, 1.600, , 6.80, 3.70, ,1,58514.13021723520, 0.00000000930,58514.13002468570, 0.00000000930, , 0.0003480,    0.0000720, 5.300, 1.700,  -6.90,  2.10,585.1, 424385.421, 418900, 0.327,0,Simbad
FRB20190131C,-9999          ,-9999       ,166.4500000, 2.20e-01,+10.4300000, 2.70e-01,241.74, 60.05,  11.90,  6.8,       ,       , 13.6, 506.3, 21.7, 507.76180, 0.00270, 474.8, 484.9, 0.00098,<, 0.00050000,              , 0.840, 0.660, , 2.10, 1.60, ,0,58514.43220708020, 0.00000000800,58514.43205482040, 0.00000000800, , 0.0004440,    0.0000290, 4.500, 1.200,  -9.90,  2.00,501.4, 204001.903, 205194, 0.341,0,Simbad
FRB20190131B,-9999          ,-9999       ,354.7200000, 2.40e-01,+11.7100000, 2.30e-01, 96.19,-47.36,  13.50,  5.8,       ,       , 12.2,1801.9, 17.1,1805.72900, 0.00430,1770.1,1778.2, 0.00197,<, 0.00110000,              , 0.990, 0.510, , 3.30, 1.30, ,0,58514.95728802000, 0.00000020000,58514.95674655000, 0.00000020000, , 0.0009200,    0.0000760,16.500, 6.500, -11.90,  5.90,798.1, 429293.815, 429850, 0.310,0,Simbad
FRB20190201B,-9999          ,-9999       ,118.2000000, 1.90e-01,+55.5800000, 1.90e-01,162.23, 30.61,  22.00, 11.0,       ,       , 19.8, 748.9, 30.8, 749.17600, 0.01000, 695.0, 698.0, 0.00295, , 0.00057200,    0.00006300, 0.810, 0.440, , 2.30, 1.20, ,0,58515.29523079450, 0.00000000610,58515.29500614300, 0.00000000680, , 0.0008000,    0.0001100, 1.800, 1.000, -14.80,  2.60,425.9, 438206.544, 437753, 0.297,0,Simbad
FRB20190201A,-9999          ,-9999       ,064.0300000, 2.30e-01,+84.8400000, 3.20e-01,127.32, 23.83, 134.00, 66.0,  133.0,   67.0, 11.0, 241.0, 15.4, 242.00380, 0.00400, 179.6, 178.5, 0.00098,<, 0.00072000,              , 2.600, 1.600, , 3.10, 1.60, ,0,58515.65014996100, 0.00000001200,58515.65007739200, 0.00000001200, , 0.0006080,    0.0000560, 0.100, 1.300,  -0.20,  1.80,476.6, 401017.550, 401882, 0.354,0,Simbad
FRB20190202B,-9999          ,-9999       ,114.3200000, 3.90e-02,+32.4500000, 1.80e-01,187.06, 23.20,  13.30,  5.5,       ,       , 20.2, 464.2, 26.6, 464.90600, 0.00220, 394.8, 379.4, 0.00098,<, 0.00056000,              , 1.570, 0.800,<, 2.70, 1.30,<,0,58516.28548572280, 0.00000000760,58516.28534631390, 0.00000000760, , 0.0005100,    0.0000270, 3.890, 0.910,  -6.60,  1.30,536.2, 229371.496, 224042, 0.280,0,Simbad
FRB20190202A,-9999          ,-9999       ,344.2000000, 2.50e-02,+17.1000000, 2.60e-02, 87.49,-37.76,   5.70,  4.9,       ,       ,101.0, 305.7,236.3, 307.36050, 0.00046, 266.6, 274.2, 0.00197,<, 0.00072000,              ,41.000,18.000, ,95.00,41.00, ,0,58516.91953916010, 0.00000000100,58516.91944699360, 0.00000000100, , 0.0007103,    0.0000047, 5.130, 0.120, -12.38,  0.22,492.3, 432295.688, 376346, 0.396,0,Simbad
FRB20190203B,-9999          ,-9999       ,130.6400000, 2.30e-01,+61.8900000, 2.50e-01,154.26, 36.70,  24.00, 15.0,       ,       ,  9.0, 580.7, 12.6, 582.22480, 0.00950, 536.4, 544.0, 0.00295, , 0.00058000,    0.00014000, 0.490, 0.360, , 0.93, 0.48, ,0,58517.32614951700, 0.00000001700,58517.32597492900, 0.00000001800, , 0.0003000,    0.0002000, 1.500, 2.000,  -8.50,  3.60,437.5, 436444.689, 437145, 0.298,0,Simbad
FRB20190203A,-9999          ,-9999       ,133.6800000, 1.70e-01,+70.8200000, 1.90e-01,143.20, 35.48,  40.00, 17.0,   39.5,    2.8, 32.0, 418.9, 61.9, 420.57270, 0.00430, 374.7, 381.7, 0.00393, , 0.00083200,    0.00004100, 1.210, 0.640, , 4.00, 1.90, ,0,58517.33140620710, 0.00000000350,58517.33128009220, 0.00000000370, , 0.0005500,    0.0000500,25.000, 1.300, -75.00,  3.60,472.9, 432800.295, 429849, 0.310,0,Simbad
FRB20190203C,-9999          ,-9999       ,196.0100000, 2.20e-01,+02.4800000, 3.30e-01,310.44, 65.17,  10.90,  6.1,       ,       , 11.1, 370.4, 12.5, 370.46200, 0.01600, 340.8, 348.3, 0.00393,<, 0.00250000,              , 1.400, 1.100, , 4.40, 3.00, ,0,58517.50705058600, 0.00000001700,58517.50693949800, 0.00000001800, , 0.0020500,    0.0002300, 0.100, 1.900,   0.00,  2.40,800.2, 389932.420, 389722, 0.374,0,Simbad
FRB20190204A,-9999          ,-9999       ,161.3300000, 2.30e-01,+61.5300000, 2.40e-01,145.59, 49.68,  24.00, 14.0,       ,       , 10.1, 448.0, 13.8, 449.63900, 0.06100, 413.5, 423.3, 0.00786, , 0.00088000,    0.00022000, 0.240, 0.160, , 1.50, 0.70, ,0,58518.40820018400, 0.00000001700,58518.40806535300, 0.00000002500, , 0.0018100,    0.0004000, 2.400, 3.300, -28.00, 12.00,418.2, 431296.930, 431065, 0.308,0,Simbad
FRB20190204B,-9999          ,-9999       ,255.9200000, 1.70e-01,+75.8700000, 1.90e-01,107.94, 32.73,  55.00, 24.0,   47.0,   13.0, 28.0,1463.8, 37.1,1464.93930, 0.00490,1419.4,1425.0, 0.00295, , 0.00041800,    0.00007700, 1.350, 0.560, , 4.40, 1.80, ,0,58518.67310577540, 0.00000000640,58518.67266649190, 0.00000000660, , 0.0010220,    0.0000590, 6.230, 0.850,  -8.70,  1.10,571.7, 411901.847, 411609, 0.339,0,Simbad
FRB20190205A,-9999          ,-9999       ,342.2200000, 2.50e-01,+83.3700000, 3.00e-01,119.31, 21.38, 101.00, 54.0,  101.0,   54.0,  9.5, 693.9, 18.6, 695.38900, 0.00530, 627.7, 623.8, 0.00295,<, 0.00069000,              , 0.740, 0.400, , 1.70, 0.74, ,0,58519.89467052000, 0.00000001400,58519.89446199800, 0.00000001400, , 0.0006020,    0.0000460,18.300, 3.100, -47.30,  7.50,485.7, 415250.098, 414650, 0.334,0,Simbad
FRB20190206C,-9999          ,-9999       ,200.4500000, 1.90e-01,+74.3900000, 4.60e-02,120.17, 42.57,  41.00, 26.0,   31.0,   19.0,  9.3,1044.9, 20.2,1043.00200, 0.02100,1004.7,1012.2, 0.00590, , 0.00142000,    0.00026000, 0.560, 0.310, , 3.80, 2.00, ,0,58520.51855071400, 0.00000001300,58520.51823795500, 0.00000001500, , 0.0020100,    0.0002600, 1.000, 1.100,  -5.20,  1.80,439.2, 649348.264, 645689, 0.309,0,Simbad
FRB20190206B,-9999          ,-9999       ,049.7600000, 2.50e-01,+79.5000000, 3.90e-01,129.56, 18.58,  68.00, 35.0,   59.0,   34.0,  9.7, 355.8, 17.7, 352.52000, 0.11000, 274.0, 261.0, 0.01966,<, 0.00900000,              , 0.950, 0.900, , 9.60, 6.30, ,0,58520.58179142600, 0.00000002000,58520.58168571900, 0.00000003800, , 0.0071000,    0.0009300,11.600, 2.300, -24.60,  4.10,506.4, 783766.072, 775802, 0.377,0,Simbad
FRB20190206A,-9999          ,-9999       ,244.8500000, 2.20e-01,+09.3600000, 2.60e-01, 23.27, 37.95,  12.50,  6.8,       ,       , 13.4, 187.6, 43.5, 188.33640, 0.00610, 146.9, 152.8, 0.00590, , 0.00274000,    0.00017000, 1.400, 1.300, , 9.10, 7.00, ,0,58520.63292074240, 0.00000000620,58520.63286426700, 0.00000000640, , 0.0008040,    0.0000970,38.000, 2.600, -65.70,  4.10,534.5, 612230.916, 612857, 0.344,0,Simbad
FRB20190208B,-9999          ,-9999       ,091.0000000, 1.30e-01,+80.8800000, 3.50e-02,132.78, 24.91,  38.00, 30.0,  102.5,    3.5, 96.4, 713.3,165.2, 714.22009, 0.00054, 653.6, 653.3, 0.00098, , 0.00011670,    0.00000320,10.300, 4.600, ,14.30, 6.30, ,0,58522.21028818300, 0.00000000180,58522.21007401360, 0.00000000180,<, 0.0001000,             , 0.690, 0.150,  -8.02,  0.30,417.9, 237265.402, 216745, 0.304,0,Simbad
FRB20190208C,-9999          ,-9999       ,141.5500000, 3.70e-02,+83.5600000, 2.20e-01,128.80, 31.03, 103.00, 55.0,   96.0,   55.0, 16.3, 237.8, 31.4, 238.39210, 0.00240, 188.7, 193.9, 0.00098,<, 0.00045000,              , 1.270, 0.850, , 1.74, 0.88, ,0,58522.33895074030, 0.00000000930,58522.33887925500, 0.00000000930, , 0.0004110,    0.0000190,18.700, 2.000, -54.60,  5.60,474.9, 217644.686, 218266, 0.299,0,Simbad
FRB20190208A,190208.J1855+46,FRB20190208A,283.5200000, 1.50e-01,+46.9600000, 2.20e-01, 76.71, 19.04,  17.40,  9.5,       ,       , 12.2, 579.1, 31.2, 579.84300, 0.01200, 508.4, 514.6, 0.03342, , 0.00122000,    0.00027000, 0.390, 0.270, , 4.90, 2.90, ,0,58522.73739209320, 0.00000000410,58522.73721821880, 0.00000000540, , 0.0007600,    0.0002500,48.000,14.000, -58.00, 17.00,602.7,1363946.463,1357034, 0.273,0,Simbad
FRB20190208A,190208.J1855+46,FRB20190208A,283.5200000, 1.50e-01,+46.9600000, 2.20e-01, 76.71, 19.04,  17.40,  9.5,       ,       , 12.2, 579.1, 31.2, 579.84300, 0.01200, 508.4, 514.6, 0.03342, , 0.00122000,    0.00027000, 0.390, 0.270, , 4.90, 2.90, ,1,58522.73739219480, 0.00000000340,58522.73721832040, 0.00000000490, , 0.0004100,    0.0002200,77.000,14.000,-115.00, 20.00,557.8,1363946.463,1357034, 0.273,0,Simbad
FRB20190208A,190208.J1855+46,FRB20190208A,283.5200000, 1.50e-01,+46.9600000, 2.20e-01, 76.71, 19.04,  17.40,  9.5,       ,       , 12.2, 579.1, 31.2, 579.84300, 0.01200, 508.4, 514.6, 0.03342, , 0.00122000,    0.00027000, 0.390, 0.270, , 4.90, 2.90, ,2,58522.73739225470, 0.00000000310,58522.73721838030, 0.00000000470, , 0.0003800,    0.0002300,74.000,14.000,-127.00, 22.00,535.9,1363946.463,1357034, 0.273,0,Simbad
FRB20190208A,190208.J1855+46,FRB20190208A,283.5200000, 1.50e-01,+46.9600000, 2.20e-01, 76.71, 19.04,  17.40,  9.5,       ,       , 12.2, 579.1, 31.2, 579.84300, 0.01200, 508.4, 514.6, 0.03342, , 0.00122000,    0.00027000, 0.390, 0.270, , 4.90, 2.90, ,3,58522.73739231800, 0.00000001100,58522.73721844400, 0.00000001200, , 0.0067900,    0.0008400,29.600, 6.800,-101.00, 24.00,463.2,1363946.463,1357034, 0.273,0,Simbad
FRB20190209A,190209.J0937+77,FRB20190209A,144.3200000, 2.20e-01,+77.6700000, 2.80e-01,134.18, 34.84,  53.00, 30.0,   48.0,   30.0, 11.8, 423.8, 19.6, 424.78600, 0.03100, 379.1, 385.8, 0.00492, , 0.00113000,    0.00021000, 0.770, 0.550, , 3.90, 2.30, ,0,58523.34746555300, 0.00000001600,58523.34733817500, 0.00000001800, , 0.0014300,    0.0002600,28.500, 4.600, -89.00, 13.00,470.1, 441578.215, 441401, 0.291,0,Simbad
FRB20190210B,-9999          ,-9999       ,104.1800000, 1.60e-01,+23.7000000, 1.60e-01,192.11, 11.66,  16.50,  4.8,       ,       , 43.9, 622.7, 66.0, 624.18790, 0.00210, 507.7, 460.1, 0.00295, , 0.00036400,    0.00001700, 2.600, 0.680, , 5.30, 1.50, ,0,58524.23369604340, 0.00000000480,58524.23350887150, 0.00000000490, , 0.0003970,    0.0000350,-2.450, 0.340,  -3.09,  0.67,400.2, 441315.327, 435929, 0.300,0,Simbad
FRB20190210C,-9999          ,-9999       ,295.7500000, 2.40e-01,+89.1000000, 2.50e-01,121.95, 26.92, 950.00,330.0,  860.0,  250.0, 19.7, 642.1, 27.3, 643.36690, 0.00250, 588.1, 590.7, 0.00197, , 0.00025000,    0.00004300, 2.370, 0.810, , 3.60, 1.20, ,0,58524.25258585200, 0.00000001200,58524.25239292900, 0.00000001200, , 0.0002860,    0.0000510, 0.350, 0.830,  -1.50,  1.10,448.5, 399026.111, 397625, 0.361,0,Simbad
FRB20190210A,-9999          ,FRB20190209A,144.3200000, 2.20e-01,+77.6700000, 2.80e-01,134.18, 34.84,  53.00, 30.0,   48.0,   30.0, 10.1, 420.5, 21.7, 426.12000, 0.13000, 380.4, 387.2, 0.01180, , 0.00150000,    0.00047000, 0.250, 0.250, , 1.81, 0.20, ,0,58524.34529982500, 0.00000001600,58524.34517204700, 0.00000004200, , 0.0057800,    0.0006500,25.400, 3.700, -89.00, 12.00,461.8, 887289.454, 886457, 0.288,0,Simbad
FRB20190210D,-9999          ,-9999       ,307.8000000, 8.20e-02,+55.4600000, 1.80e-01, 91.53,  9.37,  24.00, 11.0,       ,       , 20.6, 357.5, 36.0, 359.14770, 0.00400, 217.9, 170.1, 0.00197, , 0.00027300,    0.00007800, 1.370, 0.320,<, 2.50, 0.47,<,0,58524.80198408080, 0.00000000920,58524.80187638510, 0.00000000930, , 0.0005800,    0.0000390,20.700, 2.000, -24.40,  2.20,611.8, 459940.810, 454169, 0.271,0,Simbad
FRB20190210E,-9999          ,-9999       ,313.6500000, 2.80e-01,+86.6700000, 3.10e-01,119.77, 25.39, 204.00, 97.0,  188.0,   99.0,  9.5, 580.7, 15.5, 580.58000, 0.01100, 522.7, 524.2, 0.00197,<, 0.00110000,              , 0.690, 0.230, , 1.45, 0.29, ,0,58524.84859668700, 0.00000002100,58524.84842259200, 0.00000002100, , 0.0009600,    0.0000870,13.400, 3.200, -40.50,  8.80,472.2, 417230.246, 414042, 0.335,0,Simbad
FRB20190211A,-9999          ,-9999       ,067.0600000, 1.90e-01,+68.6400000, 2.00e-01,140.63, 13.59,  34.00, 18.0,       ,       , 20.2,1188.9, 27.8,1188.25600, 0.00430,1084.4,1050.5, 0.00393, , 0.00329000,    0.00068000, 1.470, 0.590, , 5.80, 1.60, ,0,58525.12841926240, 0.00000000250,58525.12806294640, 0.00000000280, , 0.0003600,    0.0001200,38.900, 5.300, -39.30,  5.20,656.0, 669464.741, 664841, 0.288,0,Simbad
FRB20190211B,-9999          ,-9999       ,299.6200000, 2.20e-01,+61.3700000, 2.20e-01, 94.41, 16.10,  25.00, 14.0,       ,       , 12.7, 260.4, 18.4, 260.70000, 0.00068, 176.2, 169.8, 0.00098, , 0.00015200,    0.00002200, 0.300, 0.140, , 1.35, 0.38, ,0,58525.77622726400, 0.00000001900,58525.77614908900, 0.00000001900,<, 0.0001000,             , 1.400, 1.300,  -7.50,  2.40,440.1, 225099.745, 223737, 0.281,0,Simbad
FRB20190212B,-9999          ,-9999       ,139.9900000, 1.80e-01,+52.1100000, 1.70e-01,165.49, 43.61,  21.50,  9.0,       ,       , 29.0, 600.1, 41.6, 600.18660, 0.00280, 559.0, 569.8, 0.00295, , 0.00049600,    0.00003300, 1.550, 0.800, , 3.70, 1.70, ,0,58526.32915648940, 0.00000000840,58526.32897651470, 0.00000000850, , 0.0002260,    0.0000740,-2.050, 0.540,  -3.60,  1.00,400.2, 419290.847, 414041, 0.335,0,Simbad
FRB20190212C,-9999          ,-9999       ,172.5700000, 1.70e-01,+28.1400000, 4.70e-02,205.00, 72.02,  12.30,  5.4,       ,       , 12.2,1012.6, 33.2,1016.45000, 0.03300, 994.1, 997.9, 0.02064, , 0.01010000,    0.00130000, 0.700, 0.290, ,12.20, 3.50, ,0,58526.42003101100, 0.00000001500,58526.41972621400, 0.00000001800, , 0.0044200,    0.0004900, 3.250, 0.780,  -7.40,  1.10,498.1,1598185.709,1589609, 0.271,0,Simbad
FRB20190212D,-9999          ,-9999       ,178.8300000, 2.50e-01,+66.7200000, 2.50e-01,131.41, 49.47,  29.00, 17.0,       ,       ,  9.7,1145.2, 18.4,1139.76500, 0.03400,1104.4,1113.0, 0.02163, , 0.01590000,    0.00260000, 0.420, 0.350, , 5.70, 3.70, ,0,58526.44032985600, 0.00000003100,58526.43998808100, 0.00000003300, , 0.0010500,    0.0006800,-4.200, 1.100,  -0.30,  1.90,400.2,1767432.098,1765625, 0.291,0,Simbad
FRB20190212A,190212.J18+81  ,FRB20190212A,276.1400000, 2.10e-01,+81.4300000, 1.90e-01,113.30, 27.80,  64.00, 45.0,  109.0,   22.0,  9.9, 300.9, 15.7, 301.78400, 0.03300, 248.9, 253.0, 0.00590,<, 0.00330000,              , 0.410, 0.270, , 3.10, 1.50, ,0,58526.67874370000, 0.00000390000,58526.67865320000, 0.00000390000, , 0.0027600,    0.0002500, 8.800, 2.500, -28.90,  6.80,466.3, 427573.457, 425594, 0.316,0,Simbad
FRB20190213A,190213.J02+20  ,FRB20190213A,031.7200000, 2.50e-01,+20.0800000, 3.00e-01,146.06,-39.38,  12.10,  7.5,       ,       ,  9.5, 650.2, 17.5, 651.06000, 0.07300, 608.0, 616.6, 0.01475, , 0.00286000,    0.00043000, 0.450, 0.340, , 2.30, 1.20, ,0,58527.02947582000, 0.00000002300,58527.02928059000, 0.00000003100, , 0.0015100,    0.0005000, 4.800, 3.400, -53.00, 15.00,418.9, 666038.794, 666665, 0.286,0,Simbad
FRB20190213C,-9999          ,-9999       ,064.2600000, 2.20e-01,+45.0000000, 2.30e-01,156.57, -4.02,  15.80,  9.6,       ,       ,  9.9, 357.5, 11.5, 357.06340, 0.00560, 181.1, 120.3, 0.00197,<, 0.00081000,              , 0.620, 0.360, , 1.09, 0.59, ,0,58527.11651018100, 0.00000003200,58527.11640311000, 0.00000003200, , 0.0006460,    0.0000790,-0.200, 1.800,   0.60,  2.40,800.2, 447850.544, 447482, 0.281,0,Simbad
FRB20190213B,-9999          ,FRB20190212A,276.1400000, 2.10e-01,+81.4300000, 1.90e-01,113.30, 27.80,  64.00, 45.0,  109.0,   22.0,  9.5, 302.5, 23.2, 301.31280, 0.00750, 248.5, 252.5, 0.00295, , 0.00068000,    0.00021000, 0.920, 0.500, , 4.20, 1.80, ,0,58527.71496202650, 0.00000000290,58527.71487167350, 0.00000000360, , 0.0007400,    0.0001500,58.000,14.000, -62.00, 14.00,639.2, 649199.645, 647508, 0.307,0,Simbad
FRB20190213B,-9999          ,FRB20190212A,276.1400000, 2.10e-01,+81.4300000, 1.90e-01,113.30, 27.80,  64.00, 45.0,  109.0,   22.0,  9.5, 302.5, 23.2, 301.31280, 0.00750, 248.5, 252.5, 0.00295, , 0.00068000,    0.00021000, 0.920, 0.500, , 4.20, 1.80, ,1,58527.71496222800, 0.00000000270,58527.71487187490, 0.00000000350, , 0.0002800,    0.0001600,68.000,12.000,-136.00, 24.00,514.3, 649199.645, 647508, 0.307,0,Simbad
FRB20190213D,-9999          ,-9999       ,336.4500000, 2.10e-02,+52.7100000, 1.40e-01,101.80, -4.08,  22.30,  9.2,       ,       , 18.7,1344.1, 25.0,1346.84760, 0.00220,1112.3,1097.9, 0.00197,<, 0.00070000,              , 1.000, 0.550, , 2.20, 1.20, ,0,58527.87102843800, 0.00000001600,58527.87062456600, 0.00000001600, , 0.0006260,    0.0000370,26.200, 4.200, -25.30,  4.10,671.4, 419030.878, 417690, 0.329,0,Simbad
FRB20190214A,-9999          ,-9999       ,096.0900000, 2.30e-01,+66.2400000, 2.30e-01,148.50, 22.03,  29.00, 17.0,       ,       , 11.4, 498.2, 16.7, 497.68000, 0.10000, 427.9, 421.2, 0.02359,<, 0.01700000,              , 0.460, 0.200, , 8.80, 2.30, ,0,58528.19776855300, 0.00000003200,58528.19761931500, 0.00000004400, , 0.0145000,    0.0015000, 0.100, 1.200,   0.00,  1.70,800.2,1547720.870,1536410, 0.295,0,Simbad
FRB20190214C,-9999          ,-9999       ,218.8700000, 3.70e-02,+19.3600000, 2.10e-01, 20.45, 64.93,  13.40,  6.6,       ,       , 15.5, 533.8, 24.4, 533.11200, 0.02000, 511.0, 510.9, 0.00688, , 0.00108000,    0.00016000, 1.020, 0.520, , 5.20, 2.20, ,0,58528.53955059200, 0.00000001600,58528.53939073000, 0.00000001700, , 0.0016800,    0.0002000, 4.900, 1.300, -16.70,  2.70,463.1, 436517.402, 434105, 0.303,0,Simbad
FRB20190215B,-9999          ,-9999       ,335.0400000, 1.30e-01,+45.3400000, 1.50e-01, 97.00, -9.78,  20.00,  7.0,       ,       , 44.5, 273.4, 61.9, 274.62950, 0.00330, 138.4, 148.5, 0.00197,<, 0.00092000,              , 2.200, 1.000, , 5.60, 2.50, ,0,58529.86251879831, 0.00000000052,58529.86243644660, 0.00000000110, , 0.0008640,    0.0000280,-1.270, 0.330,  -2.09,  0.58,400.2, 449923.001, 444442, 0.286,0,Simbad
FRB20190216A,-9999          ,FRB20181017A,256.3300000, 2.10e-01,+68.2800000, 2.20e-01, 99.15, 34.80,  33.00, 19.0,       ,       , 22.6,1268.1, 77.3,1282.37000, 0.28000,1239.5,1245.4, 0.12288, , 0.02340000,    0.00110000, 0.910, 0.380, ,47.00,12.00, ,0,58530.64372971500, 0.00000003300,58530.64334517800, 0.00000009000, , 0.0205100,    0.0009600,20.400, 0.840, -50.80,  1.90,489.2,4231616.655,4216569, 0.289,0,Simbad
FRB20190217A,-9999          ,-9999       ,094.8800000, 2.00e-01,+43.1100000, 2.00e-01,170.78, 12.79,  16.70,  8.9,       ,       , 15.4, 797.4, 20.7, 798.10920, 0.00940, 687.4, 650.5, 0.00786, , 0.00315000,    0.00067000, 0.290, 0.100, , 1.19, 0.39, ,0,58531.18886414210, 0.00000000410,58531.18862481740, 0.00000000500, , 0.0008600,    0.0001900, 3.400, 1.300,  -6.40,  1.70,521.5, 667833.483, 670313, 0.282,0,Simbad
FRB20190217B,-9999          ,-9999       ,022.5800000, 2.20e-01,+26.9500000, 2.40e-01,133.54,-35.12,  13.20,  8.0,       ,       , 10.8, 847.6, 16.7, 846.21200, 0.01500, 800.4, 809.2, 0.02654, , 0.00790000,    0.00140000, 0.540, 0.340, , 6.00, 2.20, ,0,58531.98568280670, 0.00000000600,58531.98542905780, 0.00000000750, , 0.0006600,    0.0003600,-3.300, 1.100,   0.90,  1.70,400.2, 992471.916, 991033, 0.363,0,Simbad
FRB20190218A,-9999          ,-9999       ,184.0500000, 2.20e-01,+56.4200000, 2.10e-01,132.70, 60.04,  21.00, 12.0,       ,       , 13.7,1282.7, 16.6,1285.12900, 0.01000,1253.7,1262.4, 0.00295,<, 0.00170000,              , 0.540, 0.270, , 1.65, 0.71, ,0,58532.43071416480, 0.00000000320,58532.43032880020, 0.00000000440, , 0.0014100,    0.0001200, 1.700, 1.200,  -4.50,  1.90,483.6, 448461.437, 448698, 0.279,0,Simbad
FRB20190218B,-9999          ,-9999       ,268.7000000, 2.20e-01,+17.9300000, 2.60e-01, 43.24, 20.34,  12.30,  7.1,       ,       , 11.1, 549.9, 19.8, 547.86800, 0.04700, 466.3, 482.5, 0.01769, , 0.01410000,    0.00220000, 0.570, 0.360, , 5.90, 1.60, ,0,58532.66733996900, 0.00000001400,58532.66717568300, 0.00000001900, , 0.0020500,    0.0007700,46.200, 7.100, -60.00,  8.80,588.0,1779049.703,1775353, 0.287,0,Simbad
FRB20190218C,-9999          ,-9999       ,156.9600000, 1.30e-01,+77.9500000, 1.10e-01,131.70, 36.62,  55.00, 29.0,   53.0,   23.0, 67.5, 318.6,155.5, 319.32387, 0.00073, 275.6, 282.8, 0.00098, , 0.00011130,    0.00000340,19.000,11.000, ,31.00,18.00, ,0,58532.84734982219, 0.00000000037,58532.84725406826, 0.00000000043, , 0.0002060,    0.0000110, 3.080, 0.200, -16.09,  0.48,440.4, 212632.236, 191513, 0.385,0,Simbad
FRB20190219A,-9999          ,-9999       ,105.7800000, 4.20e-02,+43.1300000, 1.60e-01,173.87, 20.17,  19.30,  7.1,       ,       , 23.0, 655.1, 29.8, 657.19420, 0.00890, 578.4, 562.1, 0.00393,<, 0.00170000,              , 0.305, 0.092, , 0.96, 0.22, ,0,58533.21559071220, 0.00000000220,58533.21539364290, 0.00000000350, , 0.0015920,    0.0000770,-2.690, 0.680,  -0.20,  1.20,400.2, 440703.501, 439578, 0.294,0,Simbad
FRB20190219B,-9999          ,-9999       ,246.3000000, 1.70e-01,+57.9200000, 1.70e-01, 87.96, 41.91,  26.00, 10.0,       ,       , 29.1,1675.7, 42.8,1681.11000, 0.01600,1643.4,1650.5, 0.01081, , 0.01640000,    0.00140000, 1.100, 0.400, ,14.40, 3.40, ,0,58533.60210885470, 0.00000000640,58533.60160474930, 0.00000000800, , 0.0024200,    0.0003200, 6.440, 0.990,  -7.60,  1.10,612.2,1891389.949,1885097, 0.327,0,Simbad
FRB20190219C,-9999          ,-9999       ,349.6700000, 2.30e-01,+49.2100000, 2.40e-01,107.74,-10.91,  16.00, 10.0,       ,       ,  9.1, 805.5, 12.4, 806.68800, 0.01600, 682.6, 684.6, 0.00492,<, 0.00260000,              , 0.400, 0.220, , 1.96, 0.86, ,0,58533.88884229970, 0.00000000640,58533.88860040260, 0.00000000810, , 0.0020800,    0.0002500, 8.200, 2.700,  -9.60,  3.40,613.5, 408739.579, 407962, 0.345,0,Simbad
FRB20190220A,-9999          ,-9999       ,237.2100000, 2.40e-01,+74.1600000, 2.60e-01,108.97, 37.76,  42.00, 24.0,   27.0,   19.0, 10.3, 215.1, 17.6, 216.12000, 0.01200, 175.2, 181.7, 0.00197, , 0.00023700,    0.00004900, 0.340, 0.190, , 0.68, 0.44, ,0,58534.58166239980, 0.00000000500,58534.58159759290, 0.00000000610, , 0.0005500,    0.0001100,-3.300, 1.500,  -3.30,  3.40,400.2, 445643.623, 443225, 0.288,0,Simbad
FRB20190221A,-9999          ,-9999       ,132.6000000, 5.00e-02,+09.9000000, 2.60e-01,217.60, 30.89,  12.00,  6.8,       ,       , 13.6, 224.8, 22.1, 223.80600, 0.01700, 170.9, 172.7, 0.00295, , 0.00040800,    0.00007600, 1.230, 0.360, , 2.33, 0.30, ,0,58535.28298929390, 0.00000000440,58535.28292218250, 0.00000000660, , 0.0009700,    0.0001300, 5.100, 1.800, -23.90,  5.10,444.8, 407933.415, 404921, 0.350,0,Simbad
FRB20190221B,-9999          ,-9999       ,286.7700000, 2.10e-01,+27.8600000, 2.20e-01, 59.62,  9.17,  11.50,  6.8,       ,       , 13.7, 394.7, 15.3, 393.12400, 0.04100, 227.6, 240.0, 0.00688,<, 0.00490000,              , 0.690, 0.300, , 5.60, 1.40, ,0,58535.71037734630, 0.00000000950,58535.71025946200, 0.00000001500, , 0.0039400,    0.0004500,-0.300, 1.300,  -2.40,  2.20,400.2, 665362.285, 666666, 0.286,0,Simbad
FRB20190221C,-9999          ,-9999       ,316.1500000, 2.00e-01,+54.6700000, 1.90e-01, 93.90,  5.14,  21.00, 11.0,       ,       , 19.3,2038.0, 26.4,2042.30000, 0.01200,1821.7,1669.6, 0.01475, , 0.01310000,    0.00230000, 0.590, 0.220, , 7.10, 1.60, ,0,58535.79216544340, 0.00000000840,58535.79155302980, 0.00000000910, , 0.0011800,    0.0002600,16.200, 3.100, -16.00,  3.00,664.9,1405823.298,1404473, 0.355,0,Simbad
FRB20190221D,-9999          ,-9999       ,024.8100000, 2.40e-01,+60.9300000, 2.40e-01,128.71, -1.40,  24.00, 15.0,       ,       , 10.0, 473.9, 13.0, 473.78730, 0.00770, 284.2, 183.3, 0.00197,<, 0.00095000,              , 0.650, 0.200, , 1.13, 0.20, ,0,58535.97856816590, 0.00000000850,58535.97842609390, 0.00000000880, , 0.0007740,    0.0000890, 0.300, 1.600,  -2.40,  2.50,427.2, 442040.925, 443834, 0.287,0,Simbad
FRB20190222B,-9999          ,-9999       ,160.6900000, 2.20e-01,+19.6200000, 5.80e-02,220.29, 59.62,   3.30,  5.1,       ,       , 10.0, 498.2, 19.9, 497.61900, 0.04700, 464.4, 475.4, 0.02163, , 0.00526000,    0.00098000, 0.400, 0.280, , 4.40, 1.80, ,0,58536.35734830100, 0.00000001300,58536.35719908300, 0.00000001900, , 0.0015200,    0.0005200,-1.800, 1.500, -10.20,  4.10,400.2, 894734.087, 891321, 0.284,0,Simbad
FRB20190222C,-9999          ,-9999       ,239.1800000, 4.00e-02,+40.0300000, 1.90e-01, 63.82, 49.81,  16.50,  8.1,       ,       , 16.2, 522.5, 29.0, 524.00710, 0.00660, 494.5, 497.8, 0.00197,<, 0.00074000,              , 0.440, 0.120, , 0.83, 0.14, ,0,58536.57360530620, 0.00000000410,58536.57344817490, 0.00000000450, , 0.0006760,    0.0000340, 9.300, 2.100, -53.90,  8.50,436.3, 449262.018, 448090, 0.280,0,Simbad
FRB20190222A,190222.J2052+69,FRB20190222A,313.0600000, 1.70e-01,+69.8300000, 2.10e-01,104.88, 15.88,  33.00, 20.0,       ,       , 31.2, 462.6, 92.4, 460.16900, 0.01500, 373.0, 359.4, 0.00885, , 0.00089800,    0.00005300, 1.700, 0.870, ,11.80, 5.50, ,0,58536.78196087440, 0.00000000170,58536.78182288590, 0.00000000470, , 0.0018390,    0.0000700,39.100, 1.300,-182.90,  5.70,445.3, 424328.618, 417081, 0.330,0,Simbad
FRB20190222D,-9999          ,-9999       ,313.9000000, 2.30e-01,+26.5700000, 2.60e-01, 71.38,-11.92,  12.50,  7.8,       ,       ,  9.4, 894.5, 12.6, 895.29760, 0.00480, 779.7, 806.6, 0.00098,<, 0.00074000,              , 0.790, 0.270, , 0.86, 0.28, ,0,58536.78283519260, 0.00000000930,58536.78256672460, 0.00000000940, , 0.0006010,    0.0000680, 4.800, 2.100,  -6.40,  2.80,583.6, 441186.694, 440794, 0.292,0,Simbad
FRB20190223A,-9999          ,-9999       ,064.7200000, 3.00e-01,+87.6500000, 3.20e-01,124.98, 25.66, 300.00,120.0,  290.0,  120.0, 13.2, 389.8, 20.5, 389.23650, 0.00970, 331.1, 332.5, 0.00393,<, 0.00087000,              , 0.470, 0.310, , 1.58, 0.74, ,0,58537.15022461680, 0.00000000600,58537.15010789850, 0.00000000670, , 0.0007630,    0.0000530,21.800, 3.400,-103.00, 15.00,444.8, 383741.650, 383642, 0.384,0,Simbad
FRB20190223B,-9999          ,-9999       ,311.6200000, 2.30e-01,+60.5600000, 2.40e-01, 96.92, 10.76,  23.00, 14.0,       ,       ,  9.0, 535.4, 12.5, 536.51430, 0.00480, 411.8, 371.8, 0.00197,<, 0.00080000,              , 0.550, 0.160, , 0.84, 0.20, ,0,58537.77210566400, 0.00000001100,58537.77194478200, 0.00000001100, , 0.0006540,    0.0000740, 9.800, 3.300, -10.50,  3.70,638.6, 445569.291, 444442, 0.286,0,Simbad
FRB20190224A,-9999          ,-9999       ,060.5300000, 2.50e-01,+83.3900000, 2.90e-01,128.22, 22.58, 101.00, 56.0,  104.0,   54.0, 11.7, 821.7, 28.6, 818.40000, 0.09000, 752.9, 749.5, 0.01671, , 0.00577000,    0.00075000, 0.630, 0.320, , 8.50, 3.10, ,0,58538.09529474000, 0.00000001100,58538.09504933100, 0.00000002900, , 0.0020400,    0.0005200, 2.600, 2.400, -60.00, 13.00,408.9, 801208.626, 800121, 0.357,0,Simbad
FRB20190224B,-9999          ,-9999       ,268.2400000, 2.40e-01,+82.5700000, 3.50e-01,114.73, 28.76,  92.00, 48.0,   90.0,   49.0, 10.0, 839.5, 16.2, 839.36740, 0.00510, 788.0, 792.3, 0.00197,<, 0.00075000,              , 2.000, 1.500, , 4.50, 2.60, ,0,58538.15883751500, 0.00000000850,58538.15858581840, 0.00000000870, , 0.0006390,    0.0000560, 2.200, 1.400,  -6.60,  2.30,472.7, 382751.887, 380602, 0.389,0,Simbad
FRB20190224C,-9999          ,-9999       ,124.0500000, 2.00e-01,+19.7800000, 2.20e-01,203.48, 27.20,  13.00,  7.2,       ,       , 18.3, 495.0, 30.7, 497.40000, 0.00390, 437.5, 429.2, 0.00786, , 0.00948000,    0.00081000, 1.370, 0.720, , 7.90, 3.80, ,0,58538.25043182290, 0.00000000530,58538.25028267030, 0.00000000540, , 0.0002900,    0.0001400, 7.600, 2.200,  -6.10,  2.20,747.4,1085203.693,1082233, 0.305,0,Simbad
FRB20190224D,-9999          ,-9999       ,331.8900000, 2.00e-01,+89.0500000, 2.30e-01,122.24, 26.41, 980.00,330.0,  870.0,  250.0, 29.0, 752.1, 41.9, 752.95220, 0.00190, 696.7, 698.9, 0.00197,<, 0.00072000,              , 2.750, 0.950, , 6.10, 2.00, ,0,58538.32395819340, 0.00000000330,58538.32373240970, 0.00000000340, , 0.0006730,    0.0000230, 6.960, 0.700, -12.30,  1.10,531.6, 400383.823, 400058, 0.357,0,Simbad
FRB20190224E,-9999          ,-9999       ,183.0400000, 3.40e-02,+61.5400000, 1.30e-01,131.07, 54.96,  30.00, 11.0,       ,       , 46.5, 435.1, 71.0, 435.86120, 0.00120, 402.8, 411.4, 0.00197,<, 0.00057000,              , 2.030, 0.410, , 4.00, 0.81, ,0,58538.41723285510, 0.00000000200,58538.41710215580, 0.00000000200, , 0.0005490,    0.0000110, 2.220, 0.340,  -8.64,  0.65,454.9, 442603.080, 439578, 0.294,0,Simbad
FRB20190226A,-9999          ,-9999       ,058.8300000, 1.00e-01,+31.9300000, 1.70e-01,162.45,-16.49,  12.80,  5.6,       ,       , 10.6, 600.1, 32.4, 601.57270, 0.00160, 510.3, 494.4, 0.00098,<, 0.00049000,              , 1.450, 0.440, , 1.42, 0.43, ,0,58540.06706253650, 0.00000000510,58540.06688214610, 0.00000000520, , 0.0004530,    0.0000200, 2.210, 0.680,  -4.00,  0.99,527.9, 206740.034, 204586, 0.343,0,Simbad
FRB20190226B,-9999          ,-9999       ,273.5700000, 2.30e-01,+61.8100000, 2.50e-01, 91.05, 28.02,  24.00, 15.0,       ,       ,  9.2, 630.8, 13.2, 631.60300, 0.03200, 580.9, 586.2, 0.01868,<, 0.00490000,              , 0.380, 0.190, , 2.38, 0.70, ,0,58540.65834563300, 0.00000001400,58540.65815623700, 0.00000001700, , 0.0040000,    0.0004500,29.900, 6.900, -39.30,  8.90,585.2, 679608.542, 680346, 0.271,0,Simbad
FRB20190226C,-9999          ,-9999       ,017.4600000, 2.10e-01,+26.7600000, 5.60e-02,128.01,-35.93,   4.10,  5.8,       ,       , 10.6, 826.5, 15.9, 827.77000, 0.02200, 783.3, 792.2, 0.00492,<, 0.00150000,              , 0.390, 0.160, , 1.41, 0.35, ,0,58540.94814174200, 0.00000001100,58540.94789352300, 0.00000001300, , 0.0013100,    0.0001200, 6.600, 3.300, -42.00, 13.00,433.3, 443501.090, 443834, 0.287,0,Simbad
FRB20190227A,-9999          ,-9999       ,108.4100000, 1.10e-01,+56.3400000, 1.50e-01,160.53, 25.29,  28.20,  6.3,       ,       , 63.4, 393.1,112.0, 394.03880, 0.00120, 330.6, 327.8, 0.00393,<, 0.00130000,              , 3.580, 0.620, ,12.50, 2.10, ,0,58541.19694068940, 0.00000000160,58541.19682253110, 0.00000000170, , 0.0012960,    0.0000160, 1.740, 0.200,  -2.15,  0.27,599.9, 477698.109, 444442, 0.286,0,Simbad
FRB20190227B,-9999          ,-9999       ,220.5400000, 2.30e-01,+39.8000000, 8.10e-02, 68.95, 63.82,  13.60,  9.0,       ,       ,  9.4, 331.6, 15.9, 331.22890, 0.00300, 307.3, 309.0, 0.00098,<, 0.00047000,              , 0.480, 0.130, , 0.71, 0.15, ,0,58541.50775332700, 0.00000001200,58541.50765400300, 0.00000001200, , 0.0004030,    0.0000360,-0.500, 1.200,  -0.80,  1.90,400.2, 222697.198, 221914, 0.287,0,Simbad
FRB20190228A,-9999          ,-9999       ,183.4800000, 5.00e-03,+22.9000000, 1.20e-01,237.34, 80.51,  16.00,  5.0,       ,       , 37.8, 439.9,109.3, 419.08250, 0.00510, 398.9, 399.5, 0.03047, , 0.01891000,    0.00081000, 1.790, 0.290, ,35.80, 4.60, ,0,58542.40348826460, 0.00000000350,58542.40336259660, 0.00000000390, , 0.0022500,    0.0001000,52.600, 1.600, -51.90,  1.50,664.7,2258857.629,2240473, 0.280,0,Simbad
FRB20190228B,-9999          ,-9999       ,050.0100000, 2.40e-02,+81.9400000, 2.10e-01,128.12, 20.61,  89.00, 46.0,   94.0,   42.0, 30.5,1125.8, 60.6,1115.24610, 0.00800,1043.9,1035.6, 0.02359, , 0.01459000,    0.00086000, 4.800, 2.700, ,66.00,32.00, ,0,58542.53106436570, 0.00000000630,58542.53072994290, 0.00000000670, , 0.0009700,    0.0001600, 5.840, 0.580, -14.50,  0.90,489.5,1575936.106,1566201, 0.371,0,Simbad
FRB20190301B,-9999          ,-9999       ,069.5000000, 2.30e-01,+74.0800000, 2.70e-01,136.85, 17.71,  42.00, 25.0,   27.0,   19.0,  9.3, 619.5, 14.9, 621.33300, 0.02500, 538.5, 521.9, 0.00393,<, 0.00160000,              , 0.400, 0.210, , 0.85, 0.36, ,0,58543.08615686000, 0.00000001400,58543.08597054500, 0.00000001600, , 0.0013200,    0.0001300,-1.500, 2.500, -13.40,  8.50,400.2, 462299.822, 460250, 0.261,0,Simbad
FRB20190301C,-9999          ,-9999       ,171.8300000, 2.30e-01,+34.9300000, 2.30e-01,184.30, 70.42,  13.50,  8.3,       ,       ,  9.1, 805.5, 13.6, 802.91300, 0.02400, 782.4, 790.7, 0.01180, , 0.00840000,    0.00190000, 0.340, 0.170, , 2.32, 0.52, ,0,58543.36761879500, 0.00000002000,58543.36737802900, 0.00000002200, , 0.0012400,    0.0004900,-2.400, 1.500,   0.70,  2.00,400.2,1179259.623,1176473, 0.244,0,Simbad
FRB20190301D,-9999          ,-9999       ,278.7200000, 2.20e-01,+74.6800000, 9.30e-02,105.70, 27.18,  43.00, 26.0,   30.0,   21.0, 10.4,1159.7, 16.3,1160.69200, 0.01500,1107.6,1111.7, 0.00590, , 0.00053500,    0.00008300, 0.390, 0.140, , 1.50, 0.21, ,0,58543.65941815300, 0.00000001400,58543.65907010200, 0.00000001400,<, 0.0003600,             , 3.600, 2.800, -29.40,  9.30,425.4, 409150.518, 408569, 0.344,0,Simbad
FRB20190301A,-9999          ,FRB20190222A,313.0600000, 1.70e-01,+69.8300000, 2.10e-01,104.88, 15.88,  33.00, 20.0,       ,       , 17.9, 461.0, 53.5, 459.56130, 0.00970, 372.4, 358.8, 0.00590, , 0.00156000,    0.00026000, 1.830, 0.730, , 8.60, 3.30, ,0,58543.75211196600, 0.00000000420,58543.75197415980, 0.00000000510, , 0.0014710,    0.0000980,68.900, 3.700, -87.90,  4.70,592.1, 616152.983, 610116, 0.347,0,Simbad
FRB20190301A,-9999          ,FRB20190222A,313.0600000, 1.70e-01,+69.8300000, 2.10e-01,104.88, 15.88,  33.00, 20.0,       ,       , 17.9, 461.0, 53.5, 459.56130, 0.00970, 372.4, 358.8, 0.00590, , 0.00156000,    0.00026000, 1.830, 0.730, , 8.60, 3.30, ,1,58543.75211205600, 0.00000003000,58543.75197424900, 0.00000003000, , 0.0012400,    0.0005400,69.000,26.000, -99.00, 36.00,568.3, 616152.983, 610116, 0.347,0,Simbad
FRB20190302A,-9999          ,-9999       ,034.8000000, 1.90e-01,+61.3400000, 1.90e-01,133.26,  0.24,  27.00, 13.0,       ,       , 20.4,1009.3, 48.7,1034.23900, 0.05600, 813.5, 722.0, 0.10617, , 0.09020000,    0.00580000, 0.560, 0.290, ,35.00,13.00, ,0,58544.98412775000, 0.00000001900,58544.98381761900, 0.00000002500, , 0.0071000,    0.0012000,-4.350, 0.400,   2.99,  0.55,400.2,9092628.522,9070841, 0.273,0,Simbad
FRB20190303B,-9999          ,-9999       ,128.7400000, 2.80e-02,+66.0300000, 4.70e-02,149.45, 35.06,  36.00, 11.0,       ,       , 52.3, 192.5,265.8, 193.50698, 0.00073, 146.4, 153.4, 0.00492, , 0.00157400,    0.00001600, 9.400, 4.200, ,42.00,19.00, ,0,58545.24334498434, 0.00000000093,58545.24328695845, 0.00000000095, , 0.0007150,    0.0000120,-1.678, 0.078,  -2.56,  0.13,400.2, 525390.747, 477881, 0.232,0,Simbad
FRB20190303C,-9999          ,-9999       ,173.2400000, 2.00e-01,+26.3200000, 2.10e-01,211.10, 72.48,  13.00,  7.5,       ,       , 15.6,1088.6, 19.6,1089.65500, 0.01100,1066.6,1070.5, 0.00590,<, 0.00200000,              , 0.800, 0.180, , 3.46, 0.46, ,0,58545.36873352700, 0.00000001300,58545.36840677700, 0.00000001300, , 0.0017600,    0.0001300, 0.500, 1.000,  -2.30,  1.50,449.8, 460184.558, 452954, 0.272,0,Simbad
FRB20190303D,-9999          ,-9999       ,179.5700000, 2.50e-01,+70.8400000, 2.60e-01,129.13, 45.64,  34.00, 20.0,   35.1,    8.7,  9.8, 710.1, 11.2, 711.15100, 0.01400, 674.1, 682.3, 0.00295,<, 0.00100000,              , 0.590, 0.350, , 1.17, 0.67, ,0,58545.39157111200, 0.00000002200,58545.39135786300, 0.00000002300, , 0.0008100,    0.0001000,-0.900, 2.200,  -5.60,  4.80,400.2, 468396.617, 469978, 0.245,0,Simbad
FRB20190303A,-9999          ,FRB20190303A,208.0300000, 1.30e-01,+48.2400000, 2.20e-01, 97.75, 65.81,  18.00,  9.4,       ,       , 11.2, 223.2, 23.1, 221.66700, 0.01700, 191.8, 199.9, 0.00393, , 0.00296000,    0.00065000, 0.470, 0.260, , 2.54, 0.97, ,0,58545.46200052600, 0.00000001100,58545.46193405600, 0.00000001200, , 0.0016700,    0.0002400,63.300, 9.400, -69.00, 10.00,631.5, 392213.978, 392153, 0.370,0,Simbad
FRB20190304A,-9999          ,-9999       ,124.5100000, 3.60e-02,+74.6100000, 2.10e-01,139.80, 31.79,  44.00, 26.0,   42.0,   13.0, 22.3, 483.6, 48.1, 483.72700, 0.01100, 433.9, 439.2, 0.00295, , 0.00090100,    0.00004600, 0.710, 0.310, , 2.90, 1.10, ,0,58546.22791034070, 0.00000000540,58546.22776528800, 0.00000000630, , 0.0004080,    0.0000930, 6.300, 1.400, -67.30,  7.20,419.4, 394960.166, 390329, 0.373,0,Simbad
FRB20190304B,-9999          ,-9999       ,204.8600000, 1.90e-01,+24.1900000, 2.10e-01, 20.40, 78.80,  13.30,  7.3,       ,       , 20.8, 470.7, 28.8, 470.00530, 0.00570, 447.4, 449.8, 0.00295, , 0.00062200,    0.00005800, 0.670, 0.260, , 2.22, 0.59, ,0,58546.45348531730, 0.00000000910,58546.45334437940, 0.00000000920, , 0.0003300,    0.0001000,-1.240, 0.890,  -7.40,  2.00,400.2, 458841.965, 456601, 0.267,0,Simbad
FRB20190304C,-9999          ,-9999       ,223.0100000, 2.30e-01,+26.7200000, 2.50e-01, 39.04, 63.18,  12.50,  7.9,       ,       , 10.8, 564.5, 15.9, 564.99100, 0.01400, 542.9, 542.5, 0.00295,<, 0.00110000,              , 0.530, 0.170, , 1.32, 0.13, ,0,58546.50124900440, 0.00000000230,58546.50107958360, 0.00000000490, , 0.0009480,    0.0000890,22.300, 4.600, -87.00, 17.00,454.9, 386461.932, 387290, 0.378,0,Simbad
FRB20190307A,-9999          ,-9999       ,254.5500000, 2.10e-01,+09.8500000, 2.70e-01, 28.92, 29.59,  12.00,  7.1,       ,       , 12.3, 352.6, 18.7, 355.33700, 0.06200, 297.3, 309.6, 0.00688,<, 0.00250000,              , 0.000, 0.000, , 0.00, 0.00, ,0,58549.58179548290, 0.00000000980,58549.58168893000, 0.00000002100, , 0.0020600,    0.0002100,19.700, 3.500, -29.70,  4.90,557.1, 291898.680, 291226, 0.532,0,Simbad
FRB20190307B,-9999          ,-9999       ,269.2000000, 6.40e-02,+38.4000000, 2.20e-01, 64.53, 26.61,  16.10,  8.4,       ,       , 11.8, 291.1, 19.9, 294.00100, 0.05300, 239.1, 248.9, 0.02261, , 0.02110000,    0.00230000, 0.000, 0.000, , 0.00, 0.00, ,0,58549.62415401300, 0.00000001200,58549.62406585300, 0.00000002000,<, 0.0019000,             ,25.400, 5.900, -25.60,  5.60,656.8,1622823.217,1623353, 0.479,0,Simbad
FRB20190308C,-9999          ,-9999       ,188.3600000, 2.60e-02,+44.3900000, 1.70e-01,133.59, 72.36,  18.70,  7.3,       ,       , 22.3, 498.2, 39.0, 500.51900, 0.02600, 477.4, 480.5, 0.02163, , 0.00229000,    0.00017000, 0.470, 0.360, , 4.80, 2.50, ,0,58550.39632265320, 0.00000000350,58550.39617256520, 0.00000000850, , 0.0004000,    0.0003900,15.200, 4.000, -61.00, 13.00,453.4, 666517.700, 662100, 0.291,0,Simbad
FRB20190308C,-9999          ,-9999       ,188.3600000, 2.60e-02,+44.3900000, 1.70e-01,133.59, 72.36,  18.70,  7.3,       ,       , 22.3, 498.2, 39.0, 500.51900, 0.02600, 477.4, 480.5, 0.02163, , 0.00229000,    0.00017000, 0.470, 0.360, , 4.80, 2.50, ,1,58550.39632275390, 0.00000000290,58550.39617266600, 0.00000000820, , 0.0005500,    0.0002400,13.900, 2.200, -60.50,  7.40,449.0, 666517.700, 662100, 0.291,0,Simbad
FRB20190308B,-9999          ,-9999       ,038.5900000, 4.00e-02,+83.6200000, 3.00e-01,125.90, 21.35, 107.00, 56.0,  103.0,   56.0, 10.3, 179.5, 21.8, 180.18000, 0.00700, 111.5, 106.0, 0.00197, , 0.00013400,    0.00004000, 1.110, 0.870, , 1.39, 0.85, ,0,58550.46699460010, 0.00000000150,58550.46694057050, 0.00000000260, , 0.0001860,    0.0000860,18.600, 2.900, -52.90,  7.60,477.2, 392158.517, 391540, 0.371,0,Simbad
FRB20190308B,-9999          ,-9999       ,038.5900000, 4.00e-02,+83.6200000, 3.00e-01,125.90, 21.35, 107.00, 56.0,  103.0,   56.0, 10.3, 179.5, 21.8, 180.18000, 0.00700, 111.5, 106.0, 0.00197, , 0.00013400,    0.00004000, 1.110, 0.870, , 1.39, 0.85, ,1,58550.46699463290, 0.00000000430,58550.46694060330, 0.00000000480, , 0.0005200,    0.0003200, 9.500, 7.500, -37.00, 23.00,455.5, 392158.517, 391540, 0.371,0,Simbad
FRB20190309A,-9999          ,-9999       ,278.9600000, 2.30e-01,+52.4100000, 2.40e-01, 81.37, 23.47,  18.00, 11.0,       ,       ,  9.3, 357.5, 12.3, 356.90000, 0.02600, 298.3, 303.9, 0.00197,<, 0.00075000,              , 0.390, 0.260, , 0.72, 0.44, ,0,58551.64348071370, 0.00000000190,58551.64337369200, 0.00000000800, , 0.0005810,    0.0000870,12.900, 4.800, -64.00, 19.00,442.9, 402430.771, 403706, 0.352,0,Simbad
FRB20190313B,-9999          ,-9999       ,101.9800000, 1.80e-01,+74.1300000, 2.10e-01,140.61, 25.78,  46.00, 23.0,   24.0,   19.0, 14.1,1192.1, 14.8,1191.24800, 0.06200,1131.4,1131.6, 0.00786, , 0.00444000,    0.00093000, 0.670, 0.250, , 2.74, 0.78, ,0,58555.13896379900, 0.00000001300,58555.13860658600, 0.00000002300, , 0.0006400,    0.0006300,-1.500, 1.700,   0.70,  2.80,400.2, 214310.108, 213401, 0.657,0,Simbad
FRB20190313A,-9999          ,FRB20181119A,190.5300000, 1.30e-01,+65.1300000, 2.30e-01,124.52, 51.97,  28.00, 15.0,       ,       ,  9.4, 365.6, 12.4, 364.50000, 0.12000, 330.7, 338.8, 0.00590,<, 0.00310000,              , 0.410, 0.170, , 1.48, 0.56, ,0,58555.39012453600, 0.00000002600,58555.39001523600, 0.00000004300, , 0.0018600,    0.0006000,20.900, 9.600, -16.70,  8.80,747.9, 398020.081, 398842, 0.359,0,Simbad
FRB20190316A,-9999          ,-9999       ,005.2300000, 2.20e-01,+20.5100000, 2.40e-01,113.33,-41.79,  12.10,  7.2,       ,       , 12.7, 516.0, 19.0, 515.92730, 0.00580, 477.0, 485.3, 0.00197,<, 0.00098000,              , 1.310, 0.540, , 2.53, 0.82, ,0,58558.86266536690, 0.00000000180,58558.86251065850, 0.00000000250, , 0.0008340,    0.0000740, 9.100, 1.800, -15.50,  2.90,536.1, 437805.536, 435322, 0.301,0,Simbad
FRB20190317A,-9999          ,-9999       ,087.4400000, 2.30e-01,+44.6600000, 2.30e-01,166.86,  8.75,  15.80,  9.8,       ,       ,  9.3,1156.5,  9.8,1157.25950, 0.00740,1019.3, 964.1, 0.00197,<, 0.00092000,              , 0.540, 0.230, , 1.24, 0.44, ,0,58559.09337537040, 0.00000000330,58559.09302834920, 0.00000000400, , 0.0007100,    0.0001000, 9.100, 3.500, -12.10,  4.60,582.6, 441636.829, 440794, 0.292,0,Simbad
FRB20190317B,-9999          ,-9999       ,101.0100000, 7.00e-02,+49.7300000, 2.00e-01,166.11, 19.23,  18.00, 11.0,       ,       ,  9.9, 425.4, 11.8, 424.31400, 0.01300, 343.7, 326.5, 0.00295,<, 0.00160000,              , 0.650, 0.200, , 1.89, 0.46, ,0,58559.12710654100, 0.00000000380,58559.12697930420, 0.00000000540, , 0.0012500,    0.0001800, 0.100, 1.700,  -0.10,  2.30,512.6, 436962.183, 437146, 0.298,0,Simbad
FRB20190317C,-9999          ,-9999       ,125.8200000, 2.20e-01,+32.0700000, 2.40e-01,190.52, 32.43,  11.00,  6.8,       ,       , 11.4, 601.7, 18.1, 598.26300, 0.07300, 544.7, 543.8, 0.02851, , 0.02340000,    0.00320000, 0.430, 0.210, , 7.80, 2.80, ,0,58559.19933451100, 0.00000001600,58559.19915511300, 0.00000002700, , 0.0014000,    0.0011000, 3.400, 1.400, -10.30,  2.30,472.6,2357907.573,2354169, 0.312,0,Simbad
FRB20190317F,-9999          ,-9999       ,236.2500000, 4.70e-02,+47.0500000, 1.20e-01, 75.21, 50.75,  23.40,  3.0,       ,       , 53.6,1125.8, 82.3,1118.10900, 0.01200,1084.8,1092.2, 0.02064, , 0.00902000,    0.00030000, 1.650, 0.810, ,26.00,14.00, ,0,58559.50689064490, 0.00000000270,58559.50655536360, 0.00000000450, , 0.0017000,    0.0001700, 1.180, 0.290,  -7.09,  0.48,434.8,1341552.376,1318745, 0.294,0,Simbad
FRB20190317E,-9999          ,-9999       ,274.3700000, 1.90e-01,+13.2500000, 2.30e-01, 41.12, 13.44,  13.00,  6.7,       ,       , 14.9, 800.7, 14.9, 800.88000, 0.01300, 666.6, 696.0, 0.00393,<, 0.00210000,              , 2.170, 0.670, , 7.30, 1.80, ,0,58559.61171829640, 0.00000000420,58559.61147814080, 0.00000000580, , 0.0016700,    0.0002000,-0.200, 1.400,   0.50,  1.80,800.2, 408745.649, 409178, 0.343,0,Simbad
FRB20190318A,-9999          ,-9999       ,324.1100000, 1.10e-01,+74.4600000, 1.80e-01,110.81, 16.39,  48.00, 21.0,   36.0,   17.0, 24.8, 420.5, 32.4, 419.26610, 0.00770, 333.9, 318.9, 0.01278, , 0.00623000,    0.00069000, 1.550, 0.430, ,14.20, 2.80, ,0,58560.73891962240, 0.00000000360,58560.73879389930, 0.00000000430, , 0.0009300,    0.0001600, 0.040, 0.670,  -3.04,  0.94,402.9, 843901.416, 840249, 0.325,0,Simbad
FRB20190319A,-9999          ,-9999       ,113.4300000, 1.40e-01,+05.7200000, 2.30e-01,212.61, 12.00,  14.20,  5.2,       ,       , 22.3,2041.3, 23.7,2039.93600, 0.01500,1932.3,1898.1, 0.00885, , 0.00360000,    0.00100000, 2.780, 0.790, ,19.40, 4.20, ,0,58561.15696593120, 0.00000000550,58561.15635422650, 0.00000000700, , 0.0014700,    0.0002000, 4.200, 1.600,  -4.40,  1.80,640.9, 580946.649, 573641, 0.386,0,Simbad
FRB20190320A,-9999          ,-9999       ,061.6000000, 2.00e-01,+63.3600000, 2.00e-01,142.85,  8.30,  27.00, 15.0,       ,       , 15.7, 613.0, 16.0, 614.14600, 0.01400, 470.2, 400.3, 0.00295, , 0.00126000,    0.00033000, 0.940, 0.320, , 4.40, 1.40, ,0,58562.01461107310, 0.00000000580,58562.01442691230, 0.00000000710, , 0.0011800,    0.0002000,-2.000, 1.200,   0.60,  1.70,400.2, 424979.077, 424985, 0.317,0,Simbad
FRB20190320B,-9999          ,-9999       ,250.4000000, 2.30e-01,+39.6300000, 2.20e-01, 63.19, 41.20,  14.50,  9.1,       ,       , 17.9, 490.1, 20.1, 489.49490, 0.00670, 451.8, 459.0, 0.00295,<, 0.00110000,              , 0.730, 0.200, , 1.90, 0.34, ,0,58562.53302851320, 0.00000000410,58562.53288173100, 0.00000000450, , 0.0009320,    0.0000650,-1.100, 1.000,  -1.80,  1.70,400.2, 437999.391, 437146, 0.298,0,Simbad
FRB20190320C,-9999          ,-9999       ,254.7300000, 2.20e-01,+22.3800000, 2.50e-01, 42.68, 34.17,  12.60,  7.6,       ,       , 11.4, 367.2, 12.9, 368.78980, 0.00940, 321.7, 331.4, 0.00393,<, 0.00130000,              , 1.240, 0.300, , 3.14, 0.65, ,0,58562.54789453420, 0.00000000650,58562.54778394720, 0.00000000700, , 0.0010400,    0.0001100, 0.400, 1.600,  -2.20,  2.40,442.0, 429344.540, 429242, 0.311,0,Simbad
FRB20190320D,-9999          ,-9999       ,262.2200000, 2.30e-01,+59.0700000, 2.20e-01, 87.69, 33.53,  23.00, 13.0,       ,       , 12.5,1151.7, 16.9,1141.35000, 0.20000,1097.5,1103.9, 0.03342, , 0.02000000,    0.00540000, 0.490, 0.180, ,11.40, 1.60, ,0,58562.56467839400, 0.00000005600,58562.56433614300, 0.00000008200, , 0.0058000,    0.0021000, 9.200, 3.000, -10.00,  3.10,634.8,2551123.231,2557241, 0.315,0,Simbad
FRB20190320E,-9999          ,-9999       ,076.6400000, 1.60e-01,+89.1600000, 2.00e-01,123.78, 26.75,1140.00,220.0,  940.0,  250.0, 32.7, 299.2, 38.8, 299.13500, 0.00420, 243.3, 245.7, 0.00295, , 0.00072000,    0.00010000, 4.400, 1.700, ,12.30, 4.50, ,0,58562.97182758500, 0.00000000230,58562.97173788500, 0.00000000270, , 0.0008330,    0.0000540, 6.060, 0.870,  -7.70,  1.00,592.6, 418676.648, 414649, 0.334,0,Simbad
FRB20190322A,-9999          ,-9999       ,110.7500000, 1.90e-01,+51.3000000, 1.90e-01,166.31, 25.61,  20.00, 10.0,       ,       , 19.0,1054.6, 22.5,1060.11800, 0.02600, 996.5, 993.0, 0.02359, , 0.01120000,    0.00250000, 0.640, 0.280, ,10.10, 3.20, ,0,58564.14449499900, 0.00000001300,58564.14417710700, 0.00000001500, , 0.0028300,    0.0004900, 4.800, 1.400,  -7.00,  1.70,563.0,1493625.887,1491721, 0.315,0,Simbad
FRB20190322B,-9999          ,-9999       ,132.0300000, 2.40e-01,+73.3400000, 2.60e-01,140.54, 34.14,  39.00, 24.0,   25.0,   17.0, 10.1, 577.4, 10.2, 576.98200, 0.02400, 530.0, 536.4, 0.00295,<, 0.00170000,              , 0.610, 0.410, , 2.04, 0.90, ,0,58564.19786169400, 0.00000001100,58564.19768867800, 0.00000001300, , 0.0013000,    0.0001900,-0.100, 2.500,  -6.20,  5.10,400.2, 417104.446, 418298, 0.328,0,Simbad
FRB20190322C,-9999          ,-9999       ,296.3600000, 1.40e-01,+70.7000000, 1.50e-01,102.77, 21.20,  47.00, 12.0,   39.9,    3.2, 53.1,1192.1, 61.9,1192.08060, 0.00120,1126.3,1125.9, 0.00295, , 0.00101400,    0.00005200, 4.100, 1.800, ,13.00, 5.50, ,0,58564.65575583970, 0.00000000190,58564.65539837690, 0.00000000190, , 0.0001400,    0.0000620,-0.200, 0.370,  -1.47,  0.49,400.2, 440744.588, 436537, 0.299,0,Simbad
FRB20190323A,-9999          ,-9999       ,112.3700000, 2.00e-01,+34.4600000, 2.10e-01,184.44, 22.29,  14.40,  8.1,       ,       , 14.7, 855.7, 14.4, 857.50380, 0.00890, 784.7, 768.7, 0.00393, , 0.00263000,    0.00057000, 0.670, 0.280, , 2.71, 0.79, ,0,58565.14442476800, 0.00000000890,58565.14416763290, 0.00000000920, , 0.0005400,    0.0002000, 1.800, 1.900,  -2.90,  2.40,542.7, 641678.782, 639305, 0.315,0,Simbad
FRB20190323B,-9999          ,-9999       ,193.2200000, 4.20e-02,+77.2400000, 1.50e-01,122.83, 39.89,  67.00, 18.0,   67.0,   13.0, 57.2, 787.7, 76.8, 789.56311, 0.00076, 749.3, 756.6, 0.00098, , 0.00013400,    0.00001400, 6.940, 0.990, ,10.60, 1.40, ,0,58565.36315008510, 0.00000000160,58565.36291332310, 0.00000000160, , 0.0001340,    0.0000220, 5.800, 0.420,  -7.60,  0.51,586.4, 221925.827, 214921, 0.310,0,Simbad
FRB20190323C,-9999          ,-9999       ,199.5000000, 2.20e-01,+40.0700000, 2.30e-01,101.57, 75.94,  14.90,  8.8,       ,       , 11.5, 380.1, 12.7, 381.11800, 0.01000, 357.5, 360.9, 0.00295, , 0.00108000,    0.00023000, 0.560, 0.160, , 1.38, 0.24, ,0,58565.38694190100, 0.00000001000,58565.38682761700, 0.00000001100, , 0.0003100,    0.0002300, 2.700, 2.100, -10.70,  3.80,454.3, 427990.902, 427417, 0.313,0,Simbad
FRB20190323D,-9999          ,-9999       ,056.8800000, 2.40e-01,+46.9300000, 2.40e-01,151.43, -5.97,  16.20,  9.7,       ,       ,  9.4, 760.2, 12.2, 763.65000, 0.18000, 601.3, 558.1, 0.01278,<, 0.00700000,              , 0.370, 0.180, , 2.49, 0.87, ,0,58565.99129689800, 0.00000001600,58565.99106790600, 0.00000005700, , 0.0054300,    0.0007800,-7.500, 3.200,  -3.00, 12.00,400.2, 643904.264, 644778, 0.310,0,Simbad
FRB20190325A,-9999          ,-9999       ,130.4100000, 2.20e-01,+83.0700000, 2.60e-01,130.04, 30.15,  96.00, 52.0,   94.0,   52.0, 13.3, 357.5, 15.6, 359.28900, 0.01300, 308.3, 312.9, 0.00295,<, 0.00180000,              , 1.310, 0.670, , 4.60, 1.70, ,0,58567.18038617600, 0.00000000990,58567.18027843800, 0.00000001100, , 0.0015600,    0.0001400,-0.800, 1.300,  -1.20,  2.00,400.2, 333682.560, 333786, 0.464,0,Simbad
FRB20190325B,-9999          ,-9999       ,183.9200000, 2.20e-01,+30.3200000, 7.10e-02,188.67, 81.54,   9.00,  7.2,       ,       ,  9.8,1730.7, 11.9,1733.91800, 0.02600,1714.1,1714.8, 0.00688, , 0.00208000,    0.00063000, 0.700, 0.200, , 3.81, 0.77, ,0,58567.33568433900, 0.00000001400,58567.33516439900, 0.00000001600, , 0.0013500,    0.0004100, 2.200, 2.000,  -6.20,  3.00,476.9, 515184.854, 513449, 0.450,0,Simbad
FRB20190325C,-9999          ,-9999       ,053.8500000, 2.20e-01,+60.1700000, 2.20e-01,142.01,  3.52,  24.00, 14.0,       ,       , 11.7, 799.0, 12.3, 797.83000, 0.02800, 609.4, 499.6, 0.00885,<, 0.00390000,              , 0.630, 0.230, , 3.83, 0.89, ,0,58567.97646038900, 0.00000001300,58567.97622114800, 0.00000001600, , 0.0032000,    0.0003700, 4.100, 2.000,  -6.70,  2.90,542.7, 541897.860, 540810, 0.421,0,Simbad
FRB20190326A,-9999          ,-9999       ,161.9000000, 2.20e-01,+74.2200000, 2.40e-01,133.50, 40.27,  42.00, 24.0,   26.0,   19.0, 11.7, 283.1, 13.4, 283.31130, 0.00500, 242.6, 250.5, 0.00098,<, 0.00055000,              , 1.020, 0.310, , 1.51, 0.39, ,0,58568.27726197300, 0.00000001300,58568.27717701800, 0.00000001300, , 0.0004570,    0.0000480, 2.100, 1.800,  -7.70,  3.30,458.0, 176018.263, 172666, 0.445,0,Simbad
FRB20190327A,-9999          ,-9999       ,281.3100000, 1.60e-01,+34.2800000, 5.20e-02, 63.67, 16.06,  15.70,  6.1,       ,       , 31.9, 347.8, 36.4, 346.57480, 0.00230, 257.8, 270.1, 0.00197, , 0.00032900,    0.00003200, 2.430, 0.820, , 5.20, 1.60, ,0,58569.60240525460, 0.00000000520,58569.60230132910, 0.00000000520, , 0.0003020,    0.0000440,-0.790, 0.580,  -2.15,  0.89,400.2, 361229.068, 359929, 0.422,1,Simbad
FRB20190328A,-9999          ,-9999       ,120.3500000, 2.40e-01,+59.1000000, 2.40e-01,158.17, 31.91,  23.00, 13.0,       ,       , 10.2,1303.7,  9.1,1303.58000, 0.13000,1251.8,1256.4, 0.00983,<, 0.01000000,              , 0.430, 0.180, , 2.66, 0.46, ,0,58570.15749269200, 0.00000002900,58570.15710179600, 0.00000005000, , 0.0074000,    0.0014000,-4.600, 2.000,   3.60,  3.30,400.2, 774502.271, 774586, 0.378,0,Simbad
FRB20190328B,-9999          ,-9999       ,199.4700000, 2.80e-01,+86.8500000, 3.10e-01,122.51, 30.26, 210.00, 96.0,  190.0,  100.0,  9.3, 564.5, 10.6, 565.00100, 0.01600, 514.9, 519.9, 0.00492,<, 0.00200000,              , 0.720, 0.300, , 2.14, 0.55, ,0,58570.40886353400, 0.00000001900,58570.40869411000, 0.00000002000, , 0.0016000,    0.0002100, 9.000, 3.200, -13.50,  4.40,559.5, 370849.697, 370874, 0.404,0,Simbad
FRB20190328C,-9999          ,-9999       ,073.8300000, 2.00e-01,+81.9600000, 2.80e-01,130.57, 23.02,  86.00, 45.0,   88.0,   45.0, 18.2, 470.7, 21.6, 472.86070, 0.00750, 408.2, 405.3, 0.00492, , 0.00230000,    0.00034000, 4.700, 2.300, ,14.90, 7.10, ,0,58570.51750613310, 0.00000000940,58570.51736433890, 0.00000000970, , 0.0007700,    0.0001400, 0.700, 1.200,  -2.70,  1.50,459.0, 520858.438, 518921, 0.444,0,Simbad
FRB20190329B,-9999          ,-9999       ,087.9000000, 2.40e-01,+76.2700000, 2.50e-01,137.34, 22.86,  51.00, 28.0,   45.0,   27.0, 15.3, 406.0, 24.5, 406.05390, 0.00680, 340.1, 336.0, 0.00590, , 0.00337000,    0.00034000, 0.000, 0.000, , 0.00, 0.00, ,0,58571.05593818730, 0.00000000890,58571.05581642610, 0.00000000910, , 0.0004200,    0.0001500, 6.400, 1.300, -14.40,  2.00,500.4, 481769.513, 479705, 0.486,1,Simbad
FRB20190329C,-9999          ,-9999       ,279.7900000, 2.30e-02,+51.6300000, 1.40e-01, 80.69, 22.77,  25.00,  6.4,       ,       , 26.7,1256.8, 27.5,1256.35920, 0.00710,1196.0,1201.8, 0.00492, , 0.00089000,    0.00016000, 0.000, 0.000, , 0.00, 0.00, ,0,58571.59190739140, 0.00000000790,58571.59153065370, 0.00000000820, , 0.0012620,    0.0000970, 0.130, 0.890,  -0.10,  1.10,800.2, 342994.535, 340473, 0.453,1,Simbad
FRB20190329A,-9999          ,-9999       ,065.5400000, 1.90e-01,+73.6300000, 2.70e-01,136.46, 16.58,  41.00, 24.0,   43.5,    7.9, 11.7, 189.2, 19.3, 188.60600, 0.04700, 100.8,  80.2, 0.01180, , 0.00090000,    0.00014000, 0.520, 0.200, , 2.24, 0.77, ,0,58571.99885785300, 0.00000001200,58571.99880129700, 0.00000001800, , 0.0010400,    0.0002300,42.000, 7.600,-272.00, 46.00,432.3, 332516.167, 331961, 0.467,0,Simbad
FRB20190330A,-9999          ,-9999       ,204.0900000, 2.20e-01,+38.3600000, 8.70e-02, 85.79, 75.35,  11.40,  9.5,       ,       ,  9.4, 509.5, 10.7, 508.96500, 0.02000, 484.1, 488.6, 0.00197, , 0.00051000,    0.00017000, 0.370, 0.130, , 1.14, 0.21, ,0,58572.38050408100, 0.00000002100,58572.38035146100, 0.00000002200, , 0.0009700,    0.0002400,-1.100, 2.000,  -3.10,  3.50,400.2, 386000.852, 386073, 0.380,0,Simbad
FRB20190330B,-9999          ,-9999       ,269.4100000, 3.70e-02,+52.8100000, 1.40e-01, 80.58, 29.23,  26.10,  6.2,       ,       , 44.9, 668.0, 51.9, 668.09270, 0.00190, 619.2, 626.0, 0.00197, , 0.00023000,    0.00001800, 2.790, 0.940, , 5.30, 1.60, ,0,58572.56035882390, 0.00000000450,58572.56015848660, 0.00000000450, , 0.0003420,    0.0000330, 0.910, 0.440,  -5.34,  0.72,435.9, 371190.309, 367225, 0.410,0,Simbad
FRB20190401A,-9999          ,-9999       ,196.8000000, 1.90e-01,+79.9100000, 2.10e-01,122.07, 37.19,  70.00, 35.0,   58.0,   35.0, 22.9, 779.6, 24.8, 783.21600, 0.01700, 740.8, 747.8, 0.01081,<, 0.00390000,              , 1.050, 0.460, , 8.60, 3.00, ,0,58574.35864405100, 0.00000001100,58574.35840919200, 0.00000001200, , 0.0035200,    0.0002000, 1.470, 0.850,  -4.10,  1.30,479.1, 531748.797, 529866, 0.433,0,Simbad
FRB20190402A,-9999          ,-9999       ,178.6100000, 2.30e-01,+47.1000000, 2.20e-01,148.44, 67.11,  16.20,  9.4,       ,       , 10.9,1287.5, 11.5,1291.69000, 0.08200,1265.3,1271.7, 0.01573,<, 0.00660000,              , 0.300, 0.170, , 1.34, 0.52, ,0,58575.29873229300, 0.00000002300,58575.29834496100, 0.00000003300, , 0.0053300,    0.0006200, 4.100, 2.600, -16.70,  6.30,453.3, 586927.640, 582762, 0.376,0,Simbad
FRB20190403G,-9999          ,-9999       ,081.7400000, 2.20e-01,+25.7800000, 2.50e-01,180.44, -5.19,  12.30,  8.0,       ,       , 11.4, 865.4, 15.8, 865.31100, 0.01400, 700.0, 620.0, 0.00197,<, 0.00190000,              , 0.750, 0.260, , 1.59, 0.44, ,0,58576.02952990400, 0.00000001800,58576.02927042800, 0.00000001800, , 0.0015900,    0.0001400,35.700, 6.300, -76.00, 13.00,506.6, 448191.356, 446874, 0.282,0,Simbad
FRB20190403A,-9999          ,-9999       ,116.3300000, 2.40e-01,+86.3600000, 2.90e-01,126.94, 27.92, 181.00, 88.0,  187.0,   82.0, 10.8, 519.2, 15.2, 518.83400, 0.01200, 464.6, 467.8, 0.00295,<, 0.00180000,              , 1.120, 0.340, , 3.19, 0.86, ,0,58576.10937642300, 0.00000001900,58576.10922084300, 0.00000001900, , 0.0015000,    0.0001400, 4.400, 1.600,  -8.90,  2.50,513.6, 362788.787, 360538, 0.421,0,Simbad
FRB20190403B,-9999          ,-9999       ,135.4700000, 1.80e-01,+01.4600000, 9.00e-02,227.76, 29.41,  13.00,  5.2,       ,       , 18.9, 291.1, 26.0, 292.47300, 0.02800, 238.4, 244.5, 0.01081, , 0.00578000,    0.00075000, 2.700, 1.000, ,23.80, 6.80, ,0,58576.18047848600, 0.00000001400,58576.18039078300, 0.00000001700, , 0.0023500,    0.0003900, 2.800, 1.100, -11.10,  1.90,453.2, 881211.496, 878553, 0.436,0,Simbad
FRB20190403C,-9999          ,-9999       ,249.8300000, 2.40e-01,+58.7000000, 2.50e-01, 88.33, 39.91,  22.00, 13.0,       ,       ,  9.0, 933.3, 12.2, 935.00900, 0.02800, 896.1, 903.1, 0.00492, , 0.00186000,    0.00039000, 0.370, 0.170, , 1.53, 0.33, ,0,58576.49222584600, 0.00000002400,58576.49194547000, 0.00000002500, , 0.0008700,    0.0004200,-1.300, 2.000,  -6.70,  4.20,400.2, 384013.191, 384249, 0.383,0,Simbad
FRB20190403D,-9999          ,-9999       ,326.5300000, 2.60e-01,+84.2900000, 2.90e-01,118.44, 23.12, 116.00, 62.0,  115.0,   62.0, 10.9, 613.0,  9.9, 613.45800, 0.02600, 550.5, 549.7, 0.00295,<, 0.00170000,              , 0.650, 0.370, , 1.75, 0.56, ,0,58576.72776568400, 0.00000003000,58576.72758173000, 0.00000003100, , 0.0013100,    0.0001900,-2.400, 2.300,  -3.10,  4.90,400.2, 354373.123, 355066, 0.430,0,Simbad
FRB20190403E,-9999          ,-9999       ,220.2200000, 8.60e-02,+86.5400000, 2.70e-01,121.09, 30.19, 167.00, 91.0,  153.0,   83.0, 23.7, 220.0, 57.0, 226.19800, 0.01000, 176.3, 181.1, 0.01868, , 0.01820000,    0.00120000, 3.900, 1.500, ,76.00,25.00, ,0,58576.88538933520, 0.00000000780,58576.88532150630, 0.00000000840, , 0.0022000,    0.0002100,31.700, 2.000, -36.20,  2.10,620.6,1669738.529,1655273, 0.409,0,Simbad
FRB20190403F,-9999          ,-9999       ,043.3400000, 2.00e-01,+33.1400000, 2.00e-01,150.44,-23.14,  12.40,  6.4,       ,       , 11.9, 666.4, 16.4, 664.18400, 0.02200, 596.8, 597.5, 0.01475, , 0.01050000,    0.00190000, 0.580, 0.290, , 7.10, 2.40, ,0,58576.92169857600, 0.00000002400,58576.92149941000, 0.00000002500, , 0.0010400,    0.0004600,-3.600, 1.200,   1.20,  1.70,400.2,1131202.429,1129049, 0.396,0,Simbad
FRB20190404A,-9999          ,-9999       ,143.1000000, 9.60e-02,+36.9000000, 1.70e-01,186.85, 47.18,  17.50,  5.9,       ,       , 24.3,1353.8, 24.4,1353.90070, 0.00950,1313.6,1326.5, 0.00492, , 0.00106000,    0.00017000, 1.170, 0.450, , 4.50, 1.80, ,0,58577.19521082900, 0.00000001200,58577.19480484200, 0.00000001300, , 0.0013600,    0.0001400,-1.320, 0.830,   0.00,  1.20,400.2, 376609.886, 373305, 0.400,0,Simbad
FRB20190404B,-9999          ,-9999       ,259.7900000, 1.10e-01,+40.0000000, 1.30e-01, 64.63, 34.07,  21.80,  3.2,       ,       ,134.0, 490.1,175.1, 489.42307, 0.00064, 444.4, 453.5, 0.00098, , 0.00011110,    0.00000280, 8.600, 1.700, ,16.30, 3.20, ,0,58577.52240299640, 0.00000000170,58577.52225623580, 0.00000000180, , 0.0003315,    0.0000088,-2.290, 0.130,  -2.66,  0.25,400.2, 208149.516, 196073, 0.370,0,Simbad
FRB20190405A,-9999          ,-9999       ,337.0200000, 2.30e-01,+20.9600000, 2.70e-01, 83.44,-30.71,  11.70,  7.3,       ,       ,  9.6, 423.8, 10.9, 424.88400, 0.03100, 377.6, 385.2, 0.01376, , 0.00249000,    0.00063000, 0.650, 0.360, , 2.50, 1.30, ,0,58578.73224998400, 0.00000003100,58578.73212257600, 0.00000003200, , 0.0011100,    0.0004600, 3.300, 2.500, -11.70,  4.60,460.0, 575190.398, 572729, 0.387,0,Simbad
FRB20190405B,-9999          ,-9999       ,236.4800000, 4.30e-02,+89.1600000, 1.90e-01,122.28, 27.73,1070.00,290.0,  900.0,  250.0, 20.6,1111.2, 21.4,1113.21800, 0.00870,1059.3,1062.6, 0.00492, , 0.00501000,    0.00068000, 3.400, 1.400, ,17.50, 6.30, ,0,58578.98019175800, 0.00000001600,58578.97985794400, 0.00000001600, , 0.0008200,    0.0001900, 6.900, 2.100,  -7.90,  2.30,620.7, 675227.691, 673657, 0.459,0,Simbad
FRB20190406A,-9999          ,FRB20190208A,283.5200000, 1.50e-01,+46.9600000, 2.20e-01, 76.71, 19.04,  17.40,  9.5,       ,       , 13.1, 580.7, 16.3, 580.22540, 0.00930, 508.8, 515.0, 0.00295,<, 0.00150000,              , 0.530, 0.270, , 2.30, 0.96, ,0,58579.60000000000, 1.40000000000,58579.60000000000, 1.40000000000, , 0.0012700,    0.0001100,20.600, 3.600, -34.50,  5.70,539.4, 396398.830, 397018, 0.362,0,Simbad
FRB20190408A,-9999          ,-9999       ,262.2000000, 2.30e-01,+71.6000000, 2.60e-01,102.52, 32.13,  37.00, 22.0,   34.0,   13.0,  9.2, 862.1, 12.9, 863.37960, 0.00700, 817.4, 823.1, 0.00197,<, 0.00100000,              , 0.640, 0.360, , 1.51, 0.68, ,0,58581.51794660000, 0.00000003000,58581.51768770300, 0.00000003000, , 0.0008390,    0.0000960,35.700, 8.200, -49.00, 11.00,576.6, 385127.405, 386682, 0.379,0,Simbad
FRB20190409A,-9999          ,-9999       ,079.5200000, 2.00e-01,+06.7200000, 2.70e-01,195.66,-17.27,  11.90,  7.0,       ,       , 14.5,1789.0, 19.7,1791.89080, 0.00530,1707.5,1666.3, 0.00295, , 0.00171000,    0.00026000, 3.000, 1.100, , 8.70, 2.80, ,0,58582.00692908600, 0.00000001900,58582.00639176100, 0.00000001900, , 0.0002300,    0.0002200, 3.300, 1.600,  -6.10,  1.90,524.7, 356598.736, 356281, 0.428,0,Simbad
FRB20190409B,-9999          ,-9999       ,126.6500000, 2.20e-01,+63.4700000, 2.10e-01,152.72, 34.63,  27.00, 15.0,       ,       , 12.3, 297.6, 20.2, 285.63300, 0.04400, 237.8, 244.5, 0.03047, , 0.02090000,    0.00390000, 0.390, 0.210, , 6.80, 2.50, ,0,58582.14282454800, 0.00000003300,58582.14273889700, 0.00000003600, , 0.0023400,    0.0007800,21.100, 3.400, -34.10,  4.90,545.5,2116929.351,2116745, 0.382,0,Simbad
FRB20190409C,-9999          ,-9999       ,252.6000000, 2.20e-01,+71.6200000, 2.40e-01,103.50, 35.04,  37.00, 22.0,   35.0,   12.0, 11.2, 674.5, 12.1, 674.63100, 0.01400, 631.6, 637.7, 0.00197,<, 0.00130000,              , 1.040, 0.520, , 2.17, 0.94, ,0,58582.48865724700, 0.00000003200,58582.48845494900, 0.00000003200, , 0.0010800,    0.0001300, 0.400, 1.800,  -5.00,  3.30,418.3, 387590.862, 387898, 0.377,0,Simbad
FRB20190409D,-9999          ,-9999       ,336.6400000, 2.30e-01,+26.9500000, 2.10e-01, 87.17,-25.68,  13.40,  7.4,       ,       , 16.1,1298.9, 17.3,1300.11800, 0.01100,1245.4,1253.5, 0.00295,<, 0.00180000,              , 0.590, 0.240, , 2.74, 0.69, ,0,58582.72157402900, 0.00000002200,58582.72118417000, 0.00000002300, , 0.0015500,    0.0001300, 5.100, 1.500, -10.80,  2.40,507.6, 370228.765, 370266, 0.405,0,Simbad
FRB20190410A,-9999          ,-9999       ,263.4700000, 2.30e-01,-02.3700000, 3.80e-01, 21.65, 16.04,  11.20,  7.0,       ,       ,  9.9, 278.2, 13.6, 284.02000, 0.01000, 155.5, 167.5, 0.00688,<, 0.00120000,              , 1.590, 0.760, , 5.80, 1.60, ,0,58583.51375992500, 0.00000002900,58583.51367475700, 0.00000002900, , 0.0010100,    0.0001000,43.000,11.000, -85.00, 20.00,515.7, 339753.028, 338650, 0.456,0,Simbad
FRB20190410B,-9999          ,-9999       ,265.7600000, 2.00e-02,+15.1700000, 2.00e-01, 39.33, 21.83,  14.20,  5.7,       ,       , 20.4, 642.1, 30.8, 642.16990, 0.00910, 563.8, 580.6, 0.00197, , 0.00021100,    0.00003500, 0.220, 0.120, , 0.45, 0.15, ,0,58583.51935672400, 0.00000001300,58583.51916416000, 0.00000001300, , 0.0004230,    0.0000820,18.700, 2.200, -73.40,  7.40,454.4, 364804.613, 364793, 0.414,0,Simbad
FRB20190411A,-9999          ,-9999       ,080.0000000, 2.70e-01,+83.8900000, 3.00e-01,129.13, 24.62, 112.00, 58.0,  106.0,   60.0, 11.0, 461.0,  9.8, 460.55520, 0.00740, 399.8, 399.5, 0.00197,<, 0.00060000,              , 1.240, 0.610, , 1.41, 0.51, ,0,58584.02592921160, 0.00000000200,58584.02579110740, 0.00000000300, , 0.0004170,    0.0000940,-1.700, 2.200,   3.90,  2.70,800.2, 171749.956, 169930, 0.454,0,Simbad
FRB20190411B,-9999          ,-9999       ,154.0300000, 2.00e-01,+29.2300000, 2.10e-01,200.10, 55.86,  11.60,  6.5,       ,       , 15.6,1227.7, 17.5,1229.58100, 0.02100,1194.3,1207.0, 0.00393,<, 0.00170000,              , 0.890, 0.240, , 3.70, 0.57, ,0,58584.20912153370, 0.00000000340,58584.20875282590, 0.00000000710, , 0.0013800,    0.0001400, 1.200, 1.200,  -2.50,  1.70,507.5, 381830.768, 381210, 0.388,0,Simbad
FRB20190411C,-9999          ,-9999       ,009.3300000, 5.40e-02,+20.5000000, 2.10e-01,118.46,-42.25,  14.80,  5.8,       ,       , 32.2, 234.5, 50.0, 233.66000, 0.00380, 194.8, 203.3, 0.00295,<, 0.00110000,              , 3.190, 0.930, , 9.30, 2.40, ,0,58584.80597659240, 0.00000000110,58584.80590652600, 0.00000000160, , 0.0010230,    0.0000500,24.300, 1.700, -26.10,  1.80,636.5, 382564.093, 372085, 0.402,0,Simbad
FRB20190411C,-9999          ,-9999       ,009.3300000, 5.40e-02,+20.5000000, 2.10e-01,118.46,-42.25,  14.80,  5.8,       ,       , 32.2, 234.5, 50.0, 233.66000, 0.00380, 194.8, 203.3, 0.00295,<, 0.00110000,              , 3.190, 0.930, , 9.30, 2.40, ,1,58584.80597664880, 0.00000000290,58584.80590658240, 0.00000000310, , 0.0008900,    0.0001800,11.700, 4.400, -12.50,  5.00,640.1, 382564.093, 372085, 0.402,0,Simbad
FRB20190412A,-9999          ,-9999       ,243.4500000, 1.60e-01,+61.8700000, 1.50e-01, 93.60, 41.95,  31.00, 11.0,       ,       , 42.0, 363.9, 44.3, 364.73290, 0.00340, 327.2, 334.0, 0.00295,<, 0.00140000,              , 1.770, 0.640, , 6.90, 2.20, ,0,58585.45438022800, 0.00000000110,58585.45427085760, 0.00000000150, , 0.0012430,    0.0000540, 7.110, 0.860,  -6.25,  0.95,706.8, 369121.223, 366618, 0.411,0,Simbad
FRB20190412B,-9999          ,-9999       ,285.6500000, 2.20e-01,+19.2500000, 2.50e-01, 51.37,  6.28,  12.50,  7.2,       ,       , 12.7, 375.3, 16.8, 375.75000, 0.28000, 110.9, 110.1, 0.04227, , 0.01550000,    0.00280000, 0.680, 0.430, ,12.80, 5.20, ,0,58585.57195245500, 0.00000003200,58585.57183978100, 0.00000009000, , 0.0068000,    0.0020000,-4.000, 1.400,  -2.70,  3.00,400.2,1693557.981,1696313, 0.455,0,Simbad
FRB20190414A,-9999          ,-9999       ,181.4400000, 2.10e-01,+38.9000000, 2.20e-01,159.07, 74.85,  14.70,  8.5,       ,       , 13.5, 812.0, 14.6, 811.98100, 0.02800, 791.8, 793.5, 0.00492,<, 0.00240000,              , 0.440, 0.190, , 1.74, 0.48, ,0,58587.27690285260, 0.00000000470,58587.27665936830, 0.00000000960, , 0.0019500,    0.0002200,-3.400, 1.500,  -0.70,  3.00,400.2, 380946.536, 382426, 0.386,0,Simbad
FRB20190414B,-9999          ,-9999       ,246.9000000, 2.20e-01,+57.5300000, 2.20e-01, 87.34, 41.70,  22.00, 13.0,       ,       , 13.6, 511.1, 13.7, 506.48900, 0.09000, 468.7, 475.8, 0.01180,<, 0.00580000,              , 0.490, 0.210, , 3.80, 1.00, ,0,58587.46045946700, 0.00000001200,58587.46030758900, 0.00000002900, , 0.0045700,    0.0006200,-2.200, 1.500,  -1.10,  2.70,400.2, 563966.412, 561786, 0.398,0,Simbad
FRB20190415A,-9999          ,-9999       ,182.3800000, 2.10e-01,+71.2800000, 2.30e-01,127.71, 45.46,  36.00, 20.0,   20.0,   15.0, 12.1, 632.4, 13.0, 633.68100, 0.02500, 596.7, 604.7, 0.00688,<, 0.00310000,              , 0.570, 0.300, , 3.70, 1.40, ,0,58588.27503278630, 0.00000000670,58588.27484276800, 0.00000001000, , 0.0024800,    0.0003000, 1.900, 1.600,  -5.20,  2.60,481.7, 376589.403, 374522, 0.398,0,Simbad
FRB20190415B,-9999          ,-9999       ,008.8600000, 1.50e-01,+54.8500000, 1.70e-02,120.61, -7.95,   3.60,  6.4,       ,       , 29.6, 711.7, 50.8, 722.99300, 0.07500, 567.6, 553.4, 0.03539, , 0.01861000,    0.00098000, 0.850, 0.200, ,22.30, 3.40, ,0,58588.79382000400, 0.00000001300,58588.79360320400, 0.00000002600, , 0.0036100,    0.0003500, 5.940, 0.610, -11.49,  0.87,518.3,1946413.492,1933433, 0.379,0,Simbad
FRB20190415C,-9999          ,-9999       ,074.8100000, 2.30e-01,+34.8000000, 2.50e-01,169.59, -4.78,  12.80,  9.0,       ,       ,  9.2, 648.6,  7.9, 650.18200, 0.02400, 481.7, 413.8, 0.00492,<, 0.00087000,              , 0.460, 0.220, , 0.77, 0.19, ,0,58588.97483898690, 0.00000000350,58588.97464402030, 0.00000000800, , 0.0005500,    0.0001600,13.400, 4.800, -32.00, 10.00,495.3, 366350.708, 367834, 0.409,0,Simbad
FRB20190416A,-9999          ,-9999       ,144.9900000, 2.10e-01,+33.3000000, 2.10e-01,192.33, 48.53,  11.40,  6.5,       ,       , 14.6,2287.1, 14.8,2287.26500, 0.04300,2248.1,2260.7, 0.00688, , 0.00170000,    0.00044000, 0.600, 0.260, , 2.80, 0.86, ,0,58589.17186433630, 0.00000000880,58589.17117846600, 0.00000001600, , 0.0007200,    0.0004500, 2.900, 1.700,  -9.60,  2.90,465.6, 346482.564, 344121, 0.447,0,Simbad
FRB20190416B,-9999          ,-9999       ,172.1900000, 1.80e-01,+35.9500000, 3.40e-02,181.14, 70.36,   8.20,  8.2,       ,       , 19.7, 574.2, 29.1, 575.36000, 0.01500, 554.8, 563.5, 0.00590, , 0.00049100,    0.00006500, 0.690, 0.260, , 1.47, 0.53, ,0,58589.24308784880, 0.00000000150,58589.24291531860, 0.00000000460,<, 0.0007900,             ,-3.600, 1.800, -23.50,  8.00,400.2, 369775.473, 372089, 0.402,0,Simbad
FRB20190417B,-9999          ,-9999       ,174.8700000, 2.00e-01,+64.7200000, 2.10e-01,134.95, 50.70,  27.00, 15.0,       ,       , 14.9,1151.7, 17.1,1161.20000, 0.14000,1126.2,1135.1, 0.04620, , 0.02830000,    0.00420000, 0.460, 0.170, , 9.90, 1.80, ,0,58590.25158079000, 0.00000003100,58590.25123258700, 0.00000005200, , 0.0019000,    0.0014000, 4.000, 1.900,  -6.50,  2.30,545.5,2304982.657,2304009, 0.431,0,Simbad
FRB20190417A,190417.J1939+59,FRB20190417A,294.8500000, 2.00e-01,+59.4000000, 2.70e-01, 91.49, 17.36,  22.00, 14.0,       ,       , 13.4,1378.1, 26.2,1380.08000, 0.13000,1301.9,1299.2, 0.01769, , 0.00330000,    0.00090000, 0.490, 0.200, , 5.80, 1.20, ,0,58590.58061133500, 0.00000002700,58590.58019749800, 0.00000004800, , 0.0029900,    0.0007400,88.700, 8.800,-133.00, 13.00,558.9, 741118.222, 735673, 0.409,0,Simbad
FRB20190417C,-9999          ,-9999       ,045.6800000, 3.00e-02,+71.2600000, 4.60e-02,133.15, 11.04,  41.00, 16.0,   34.2,    6.6, 52.2, 318.6, 95.1, 320.23188, 0.00043, 198.2, 146.8, 0.00098,<, 0.00043000,              , 7.900, 3.900, ,10.80, 4.90, ,0,58590.89044731865, 0.00000000038,58590.89035129244, 0.00000000040, , 0.0004132,    0.0000061,24.780, 0.770, -32.41,  0.99,586.6, 210019.972, 190298, 0.389,0,Simbad
FRB20190418A,-9999          ,-9999       ,065.7900000, 1.90e-01,+16.0400000, 2.20e-01,179.30,-22.93,  12.90,  6.6,       ,       , 20.4, 182.8, 26.7, 184.50690, 0.00760, 114.4,  98.9, 0.00197,<, 0.00078000,              , 0.990, 0.580, , 2.20, 1.00, ,0,58591.94047487800, 0.00000000190,58591.94041955090, 0.00000000300, , 0.0007060,    0.0000380,-4.800, 1.200,  -3.70,  3.50,400.2, 369722.928, 370266, 0.405,0,Simbad
FRB20190419A,-9999          ,-9999       ,104.9800000, 2.10e-01,+64.8800000, 7.10e-02,150.91, 25.27,  22.00, 17.0,       ,       , 10.6, 438.3, 10.8, 439.97200, 0.05700, 377.7, 376.3, 0.00393,<, 0.00240000,              , 0.410, 0.200, , 0.77, 0.30, ,0,58592.05307063260, 0.00000000590,58592.05293870100, 0.00000001800, , 0.0018500,    0.0002700, 1.000, 4.500, -29.00, 19.00,407.1, 376163.964, 370266, 0.405,0,Simbad
FRB20190419B,-9999          ,-9999       ,255.2700000, 1.70e-01,+86.7400000, 5.70e-02,119.64, 28.60, 200.00,100.0,  150.0,   88.0, 24.6, 166.6, 36.2, 165.07520, 0.00470, 112.8, 117.0, 0.00197, , 0.00024600,    0.00003600, 4.600, 2.200, , 7.90, 3.50, ,0,58592.94339506890, 0.00000000190,58592.94334556870, 0.00000000230, , 0.0006560,    0.0000460, 5.650, 0.900, -14.30,  1.60,487.6, 358384.993, 353241, 0.433,0,Simbad
FRB20190420B,-9999          ,-9999       ,094.7300000, 1.60e-01,+70.1200000, 2.20e-02,144.33, 22.71,  18.00, 19.0,       ,       , 28.0, 844.3, 35.5, 846.84320, 0.00440, 779.4, 774.5, 0.00688, , 0.00392000,    0.00038000, 2.200, 1.100, ,15.10, 6.70, ,0,58593.01950203300, 0.00000000320,58593.01924809470, 0.00000000350, , 0.0003000,    0.0001300, 2.890, 0.720,  -8.10,  1.10,478.4, 601047.156, 599177, 0.358,0,Simbad
FRB20190420A,-9999          ,-9999       ,106.5500000, 2.00e-01,+55.9600000, 2.10e-01,160.70, 24.20,  22.00, 12.0,       ,       , 15.9, 609.8, 25.4, 609.09980, 0.00650, 543.4, 538.7, 0.00197, , 0.00264000,    0.00054000, 0.880, 0.240, , 3.11, 0.61, ,0,58593.05198884380, 0.00000000280,58593.05180619630, 0.00000000340, , 0.0007700,    0.0001100,11.500, 5.600,  -6.10,  5.00,800.2, 589335.160, 587321, 0.371,0,Simbad
FRB20190420C,-9999          ,-9999       ,248.1000000, 2.20e-01,+37.2500000, 2.30e-01, 59.83, 42.84,  14.40,  8.7,       ,       , 10.7, 627.6, 13.2, 629.95400, 0.05900, 594.2, 600.4, 0.01376, , 0.00800000,    0.00190000, 0.440, 0.170, , 4.13, 0.96, ,0,58593.44495265200, 0.00000001600,58593.44476375100, 0.00000002400, , 0.0019500,    0.0009400,-0.500, 1.800,  -6.40,  3.30,400.2, 954183.995, 949993, 0.390,0,Simbad
FRB20190421A,190303.J1353+48,FRB20190303A,208.0300000, 1.30e-01,+48.2400000, 2.20e-01, 97.75, 65.81,  18.00,  9.4,       ,       , 12.3, 226.4, 23.2, 223.64100, 0.01500, 193.8, 201.8, 0.03047,<, 0.00380000,              , 0.380, 0.190, , 5.30, 1.30, ,0,58594.33345316160, 0.00000000800,58594.33338609960, 0.00000000920, , 0.0031400,    0.0003200,63.000,13.000, -68.00, 13.00,633.4, 777716.309, 775797, 0.377,0,Simbad
FRB20190421A,190303.J1353+48,FRB20190303A,208.0300000, 1.30e-01,+48.2400000, 2.20e-01, 97.75, 65.81,  18.00,  9.4,       ,       , 12.3, 226.4, 23.2, 223.64100, 0.01500, 193.8, 201.8, 0.03047,<, 0.00380000,              , 0.380, 0.190, , 5.30, 1.30, ,1,58594.33345334530, 0.00000000790,58594.33338628340, 0.00000000910, , 0.0034600,    0.0004400,50.200, 8.700, -66.00, 11.00,585.3, 777716.309, 775797, 0.377,0,Simbad
FRB20190421B,-9999          ,-9999       ,082.4900000, 7.60e-02,+62.3100000, 3.30e-02,149.75, 15.06,  34.10,  5.8,       ,       , 78.9, 393.1, 79.6, 392.24750, 0.00150, 295.8, 269.3, 0.00295,<, 0.00120000,              , 5.100, 1.600, ,16.40, 4.90, ,0,58594.97761810650, 0.00000000120,58594.97750048540, 0.00000000130, , 0.0011230,    0.0000200,-0.130, 0.240,  -0.80,  0.35,400.2, 389278.261, 378170, 0.393,0,Simbad
FRB20190422B,-9999          ,-9999       ,158.2700000, 2.10e-01,+45.6700000, 7.80e-02,169.59, 56.95,  14.60,  9.6,       ,       , 11.1, 975.4, 10.1, 977.38600, 0.05300, 943.3, 955.7, 0.01376,<, 0.00420000,              , 0.220, 0.140, , 1.57, 0.55, ,0,58595.18793343600, 0.00000001100,58595.18764035300, 0.00000002000, , 0.0032400,    0.0005000,-7.200, 1.900,   7.60,  3.00,400.2, 568672.763, 569082, 0.391,0,Simbad
FRB20190422A,-9999          ,-9999       ,048.5600000, 2.00e-01,+35.1500000, 2.00e-01,153.27,-19.17,  15.30,  8.0,       ,       , 18.3, 452.9, 29.1, 452.30200, 0.01000, 372.8, 367.0, 0.02949,<, 0.00270000,              , 0.600, 0.260, , 9.10, 2.80, ,0,58595.88432417500, 0.00000001500,58595.88418854600, 0.00000001600, , 0.0032200,    0.0003100,42.000, 8.200, -46.90,  9.00,626.1, 750783.346, 746608, 0.400,0,Simbad
FRB20190422A,-9999          ,-9999       ,048.5600000, 2.00e-01,+35.1500000, 2.00e-01,153.27,-19.17,  15.30,  8.0,       ,       , 18.3, 452.9, 29.1, 452.30200, 0.01000, 372.8, 367.0, 0.02949,<, 0.00270000,              , 0.600, 0.260, , 9.10, 2.80, ,1,58595.88432432000, 0.00000002400,58595.88418869100, 0.00000002400, , 0.0023100,    0.0001900,54.200, 7.500, -63.70,  8.60,612.3, 750783.346, 746608, 0.400,0,Simbad
FRB20190422A,-9999          ,-9999       ,048.5600000, 2.00e-01,+35.1500000, 2.00e-01,153.27,-19.17,  15.30,  8.0,       ,       , 18.3, 452.9, 29.1, 452.30200, 0.01000, 372.8, 367.0, 0.02949,<, 0.00270000,              , 0.600, 0.260, , 9.10, 2.80, ,2,58595.88432442400, 0.00000001300,58595.88418879400, 0.00000001300, , 0.0020000,    0.0004200,24.000,11.000, -32.00, 13.00,582.8, 750783.346, 746608, 0.400,0,Simbad
FRB20190423A,-9999          ,-9999       ,179.6800000, 1.80e-01,+55.2500000, 1.60e-01,138.14, 60.29,  24.00,  9.5,       ,       , 39.0, 244.2,458.5, 242.64562, 0.00060, 211.0, 220.2, 0.00590, , 0.00053850,    0.00000820,10.800, 1.700, ,55.40, 8.80, ,0,58596.24977163917, 0.00000000047,58596.24969887833, 0.00000000050, , 0.0004139,    0.0000073,11.190, 0.210, -30.52,  0.39,480.7, 606950.905, 520740, 0.442,0,Simbad
FRB20190423A,-9999          ,-9999       ,179.6800000, 1.80e-01,+55.2500000, 1.60e-01,138.14, 60.29,  24.00,  9.5,       ,       , 39.0, 244.2,458.5, 242.64562, 0.00060, 211.0, 220.2, 0.00590, , 0.00053850,    0.00000820,10.800, 1.700, ,55.40, 8.80, ,1,58596.24977167645, 0.00000000046,58596.24969891561, 0.00000000050, , 0.0023660,    0.0000230,-3.660, 0.120,  -5.59,  0.32,400.2, 606950.905, 520740, 0.442,0,Simbad
FRB20190423B,-9999          ,-9999       ,298.5800000, 2.10e-01,+26.1900000, 2.10e-01, 63.18, -0.87,  12.70,  7.6,       ,       , 15.9, 585.5, 26.6, 584.94900, 0.02000, 102.3, 160.8, 0.00983,<, 0.00300000,              , 0.870, 0.290, , 7.00, 1.30, ,0,58596.57777620100, 0.00000001500,58596.57760079500, 0.00000001600, , 0.0024900,    0.0002800,62.400, 9.600,-106.00, 16.00,537.6, 962826.153, 962149, 0.382,0,Simbad
FRB20190423B,-9999          ,-9999       ,298.5800000, 2.10e-01,+26.1900000, 2.10e-01, 63.18, -0.87,  12.70,  7.6,       ,       , 15.9, 585.5, 26.6, 584.94900, 0.02000, 102.3, 160.8, 0.00983,<, 0.00300000,              , 0.870, 0.290, , 7.00, 1.30, ,1,58596.57777629700, 0.00000002700,58596.57760089200, 0.00000002700, , 0.0085000,    0.0019000,63.000,16.000,-116.00, 30.00,524.6, 962826.153, 962149, 0.382,0,Simbad
FRB20190423C,-9999          ,-9999       ,349.0800000, 2.00e-01,+86.9700000, 8.40e-02,121.59, 24.35, 230.00,110.0,  230.0,  100.0, 14.8, 855.7, 20.4, 855.52730, 0.00460, 795.1, 795.4, 0.00786, , 0.00248000,    0.00030000, 1.230, 0.420, , 4.37, 0.97, ,0,58596.73367071310, 0.00000000740,58596.73341417070, 0.00000000760,<, 0.0001600,             , 1.900, 1.300, -12.30,  2.60,433.0, 361824.303, 360537, 0.421,0,Simbad
FRB20190423D,-9999          ,-9999       ,029.6900000, 1.90e-01,+84.8000000, 2.20e-01,124.56, 22.14, 143.00, 64.0,  140.0,   64.0, 23.9, 498.2, 29.1, 496.45500, 0.01800, 430.3, 426.7, 0.00885, , 0.00700000,    0.00130000, 1.710, 0.810, ,18.00, 6.80, ,0,58596.84054751290, 0.00000000870,58596.84039864400, 0.00000001000, , 0.0019000,    0.0002800,10.300, 1.500, -14.80,  1.90,565.9, 899689.783, 898313, 0.423,0,Simbad
FRB20190424A,-9999          ,-9999       ,168.3000000, 1.80e-01,+63.7800000, 4.90e-02,139.55, 50.06,  23.00, 15.0,       ,       , 18.1, 758.6, 21.4, 758.67200, 0.00430, 723.2, 732.4, 0.00098,<, 0.00075000,              , 1.130, 0.390, , 1.99, 0.58, ,0,58597.21174354580, 0.00000000600,58597.21151604690, 0.00000000620, , 0.0006660,    0.0000440, 4.900, 1.200, -12.40,  2.30,487.9, 366308.371, 365402, 0.413,0,Simbad
FRB20190425A,-9999          ,-9999       ,255.7200000, 1.40e-01,+21.5200000, 1.80e-01, 42.06, 33.02,  16.90,  4.2,       ,       , 57.6, 127.8,229.9, 128.15774, 0.00016,  79.4,  89.3, 0.00098,<, 0.00038000,              ,18.600, 2.600, ,31.60, 4.20, ,0,58598.44992977713, 0.00000000065,58598.44989134716, 0.00000000065, , 0.0003799,    0.0000023, 8.260, 0.140, -10.56,  0.18,591.8, 279123.089, 185434, 0.404,0,Simbad
FRB20190425B,-9999          ,-9999       ,210.1200000, 1.00e-01,+88.6000000, 2.10e-01,122.46, 28.46, 420.00,160.0,  440.0,  160.0, 18.2,1030.3, 21.6,1031.72360, 0.00910, 979.0, 982.9, 0.00197,<, 0.00130000,              , 1.250, 0.670, , 3.10, 1.30, ,0,58598.75403060280, 0.00000000710,58598.75372122540, 0.00000000760, , 0.0011080,    0.0000730,22.400, 3.300, -65.60,  9.20,474.8, 342929.758, 342906, 0.449,0,Simbad
FRB20190426A,-9999          ,-9999       ,115.0400000, 2.00e-01,+59.1200000, 2.00e-01,158.01, 29.19,  24.00, 13.0,       ,       , 23.9, 341.3, 37.1, 340.66240, 0.00180, 284.8, 286.7, 0.00197,<, 0.00043000,              , 1.590, 0.280, , 2.01, 0.29, ,0,58599.06118407680, 0.00000000550,58599.06108192420, 0.00000000560, , 0.0003980,    0.0000150,27.000, 2.200, -71.70,  5.70,483.0, 195167.362, 193642, 0.378,0,Simbad
FRB20190427A,-9999          ,-9999       ,078.9300000, 1.80e-01,+07.7700000, 2.30e-01,194.40,-17.22,  13.40,  6.1,       ,       , 25.2, 454.5, 27.5, 455.78280, 0.00260, 370.8, 330.1, 0.00197, , 0.00065000,    0.00012000, 3.900, 1.400, , 9.50, 2.90, ,0,58600.95452437274, 0.00000000095,58600.95438769960, 0.00000000120, , 0.0003390,    0.0000550,-2.620, 0.770,   3.30,  0.95,400.2, 322702.449, 320409, 0.485,0,Simbad
FRB20190428A,-9999          ,-9999       ,170.7300000, 2.70e-02,+23.3300000, 1.50e-01,218.78, 69.65,  16.10,  4.7,       ,       , 33.0, 968.9, 45.7, 969.40010, 0.00220, 942.4, 949.4, 0.00393, , 0.00363000,    0.00039000, 2.220, 0.710, , 7.40, 2.20, ,0,58601.20936914590, 0.00000000130,58601.20907845710, 0.00000000140, , 0.0003740,    0.0000660,54.000, 4.300, -48.80,  3.80,696.0, 509717.601, 505241, 0.459,0,Simbad
FRB20190429A,-9999          ,-9999       ,281.0900000, 2.40e-01,+59.4200000, 2.40e-01, 89.11, 23.99,  23.00, 14.0,       ,       ,  9.7, 470.7, 11.2, 470.88400, 0.01100, 413.3, 417.5, 0.00295,<, 0.00160000,              , 0.800, 0.210, , 1.83, 0.31, ,0,58602.50770928970, 0.00000000390,58602.50756808830, 0.00000000520, , 0.0012500,    0.0001700, 3.700, 2.200,  -4.60,  2.80,603.0, 362119.515, 360538, 0.421,0,Simbad
FRB20190429B,-9999          ,-9999       ,329.9300000, 2.40e-01,+03.9600000, 3.30e-01, 63.07,-38.21,  11.00,  6.2,       ,       , 10.2, 297.6, 18.2, 295.65000, 0.75000, 253.5, 263.1, 0.01671,<, 0.00780000,              , 0.740, 0.470, , 5.00, 1.60, ,0,58602.64820600800, 0.00000002500,58602.64811735000, 0.00000023000, , 0.0063800,    0.0007300,99.000,18.000,-910.00,170.00,422.4, 672175.136, 672442, 0.460,0,Simbad
FRB20190430B,-9999          ,-9999       ,237.7200000, 2.30e-01,+62.2700000, 2.40e-01, 95.69, 44.20,  24.00, 14.0,       ,       , 10.0,2617.1, 12.6,2619.39900, 0.08500,2583.0,2590.0, 0.02556, , 0.00860000,    0.00170000, 0.380, 0.180, , 1.52, 0.52, ,0,58603.38945675500, 0.00000001800,58603.38867129000, 0.00000003100,<, 0.0033000,             , 0.000, 1.800,  -2.40,  2.40,403.8, 477016.660, 477881, 0.488,0,Simbad
FRB20190430A,-9999          ,-9999       ,077.7000000, 2.40e-01,+87.0100000, 3.20e-01,125.94, 25.83, 220.00,100.0,  213.0,   99.0, 11.1, 349.4, 14.8, 339.25000, 0.19000, 281.4, 282.8, 0.01966, , 0.00323000,    0.00072000, 0.750, 0.490, , 7.70, 2.30, ,0,58603.45185672200, 0.00000001800,58603.45175499300, 0.00000006000, , 0.0033800,    0.0008400, 4.700, 2.900, -29.10,  9.20,433.8, 629710.430, 629881, 0.494,0,Simbad
FRB20190430C,-9999          ,-9999       ,277.2200000, 2.30e-01,+24.9200000, 2.20e-01, 53.26, 15.75,  13.20,  7.5,       ,       , 22.5, 399.5, 32.2, 400.56100, 0.01100, 301.5, 317.4, 0.00295,<, 0.00110000,              , 2.170, 0.530, , 5.10, 1.20, ,0,58603.49572731920, 0.00000000260,58603.49560720530, 0.00000000420, , 0.0008930,    0.0000950,48.700, 5.100, -48.80,  5.10,659.3, 338273.260, 335610, 0.461,0,Simbad
FRB20190501B,-9999          ,-9999       ,261.4500000, 1.90e-01,+54.3600000, 1.80e-01, 82.03, 34.05,  20.00, 12.0,       ,       , 24.3, 784.5, 29.8, 784.06800, 0.01100, 740.5, 747.6, 0.00590,<, 0.00110000,              , 0.880, 0.210, , 3.20, 0.55, ,0,58604.45404270930, 0.00000000150,58604.45380759490, 0.00000000370, , 0.0009320,    0.0000650,-0.030, 0.940,  -6.80,  2.00,400.2, 347549.483, 347765, 0.441,0,Simbad
FRB20190501B,-9999          ,-9999       ,261.4500000, 1.90e-01,+54.3600000, 1.80e-01, 82.03, 34.05,  20.00, 12.0,       ,       , 24.3, 784.5, 29.8, 784.06800, 0.01100, 740.5, 747.6, 0.00590,<, 0.00110000,              , 0.880, 0.210, , 3.20, 0.55, ,1,58604.45404274480, 0.00000000250,58604.45380763040, 0.00000000410, , 0.0008400,    0.0001700,-1.200, 1.500,  -1.00,  2.40,400.2, 347549.483, 347765, 0.441,0,Simbad
FRB20190502A,-9999          ,-9999       ,165.0100000, 1.40e-01,+59.9500000, 1.30e-01,145.30, 52.07,  31.70,  6.6,       ,       , 67.5, 626.0, 75.8, 625.76910, 0.00470, 590.8, 600.6, 0.00393, , 0.00099500,    0.00004800, 3.180, 0.660, ,11.50, 2.30, ,0,58605.18295228125, 0.00000000093,58605.18276463520, 0.00000000170, , 0.0008490,    0.0000350,-4.640, 0.250,   3.76,  0.36,400.2, 372435.239, 367225, 0.410,0,Simbad
FRB20190502B,-9999          ,-9999       ,212.0400000, 1.30e-01,+64.4400000, 3.60e-02,109.99, 50.72,  23.10,  9.1,       ,       , 59.7, 917.1, 66.5, 918.61430, 0.00920, 884.8, 892.3, 0.00492, , 0.00060900,    0.00007000, 2.580, 0.460, ,10.10, 1.60, ,0,58605.31307599830, 0.00000000200,58605.31280053830, 0.00000000340, , 0.0012010,    0.0000420, 1.740, 0.360,  -3.99,  0.49,498.1, 369335.964, 359929, 0.422,0,Simbad
FRB20190502C,-9999          ,-9999       ,155.6000000, 1.50e-01,+82.9700000, 4.00e-02,127.98, 32.63,  98.00, 46.0,   63.0,   57.0, 23.8, 396.3, 28.5, 396.83500, 0.00880, 349.4, 355.2, 0.00197, , 0.00032000,    0.00010000, 3.600, 2.000, , 8.30, 3.50, ,0,58605.66407299220, 0.00000000270,58605.66395399550, 0.00000000380, , 0.0005270,    0.0000940, 9.000, 1.500, -26.80,  3.20,473.2, 332112.854, 332569, 0.466,0,Simbad
FRB20190515A,-9999          ,-9999       ,310.1500000, 1.90e-01,+55.4600000, 1.80e-01, 92.32,  8.29,  23.00, 11.0,       ,       , 20.9, 452.9, 39.3, 450.50300, 0.06900, 293.1, 225.9, 0.04719, , 0.03830000,    0.00250000, 0.550, 0.140, ,16.80, 1.80, ,0,58618.54699996500, 0.00000001400,58618.54686487500, 0.00000002500, , 0.0017700,    0.0007100, 4.870, 0.790,  -9.50,  1.10,517.1,3254355.579,3245177, 0.389,0,Simbad
FRB20190515B,-9999          ,-9999       ,000.8300000, 1.70e-01,+03.4100000, 2.50e-01,100.26,-57.33,  12.20,  5.7,       ,       , 23.4, 820.1, 31.1, 822.18870, 0.00600, 789.7, 798.4, 0.00492, , 0.00188000,    0.00022000, 2.800, 1.400, ,11.30, 4.80, ,0,58618.68678962870, 0.00000000210,58618.68654308330, 0.00000000270, , 0.0003800,    0.0001400, 0.770, 0.760,  -9.30,  1.50,417.0, 356989.674, 354457, 0.431,0,Simbad
FRB20190515C,-9999          ,FRB20190213A,031.7200000, 2.50e-01,+20.0800000, 3.00e-01,146.06,-39.38,  12.10,  7.5,       ,       , 10.1, 653.5, 20.9, 652.39000, 0.17000, 609.3, 617.9, 0.01278,<, 0.00610000,              , 0.480, 0.310, , 5.50, 2.30, ,0,58618.77346460400, 0.00000002300,58618.77326897400, 0.00000005500, , 0.0049400,    0.0005800,35.200, 4.700, -62.00,  8.00,531.5, 545427.258, 543546, 0.418,0,Simbad
FRB20190515D,-9999          ,-9999       ,067.1300000, 2.10e-01,-05.0100000, 3.40e-01,199.88,-33.89,  12.50,  6.5,       ,       , 13.0, 425.4, 35.5, 426.06110, 0.00540, 378.3, 367.0, 0.00492, , 0.00149000,    0.00026000, 3.000, 1.700, , 8.80, 4.40, ,0,58618.87379879320, 0.00000000240,58618.87367103260, 0.00000000290, , 0.0004200,    0.0000920,30.600, 3.000, -54.30,  4.80,530.2, 266492.296, 265081, 0.574,0,Simbad
FRB20190516B,-9999          ,-9999       ,167.3400000, 2.10e-01,+07.3700000, 2.70e-01,247.46, 58.76,  11.50,  6.9,       ,       , 15.3,1235.8, 19.4,1235.41600, 0.04800,1202.1,1212.2, 0.01376, , 0.00372000,    0.00059000, 1.130, 0.770, , 9.90, 5.30, ,0,58619.15139266160, 0.00000000890,58619.15102220400, 0.00000001700, , 0.0014900,    0.0005500, 1.100, 1.400, -12.20,  3.10,419.4, 507054.520, 504329, 0.460,0,Simbad
FRB20190517D,-9999          ,-9999       ,339.9500000, 2.20e-01,+41.8400000, 2.30e-01, 98.20,-14.62,  13.70,  9.7,       ,       ,  9.4,1184.0, 12.0,1180.14800, 0.05800,1086.8,1097.3, 0.01475, , 0.00630000,    0.00200000, 0.450, 0.310, , 5.80, 3.00, ,0,58620.62436764600, 0.00000001900,58620.62401376100, 0.00000002600, , 0.0023000,    0.0009700, 0.100, 1.800,  -3.60,  2.80,406.8, 958800.078, 959113, 0.384,0,Simbad
FRB20190517B,-9999          ,FRB20180814A,065.5400000, 1.90e-01,+73.6300000, 2.70e-01,136.46, 16.58,  41.00, 24.0,   43.5,    7.9,  9.6, 187.6, 14.0, 191.72000, 0.26000, 103.9,  83.4, 0.01769,<, 0.00780000,              , 0.480, 0.340, , 4.20, 1.60, ,0,58620.85667787400, 0.00000002600,58620.85662038400, 0.00000008200, , 0.0058000,    0.0010000,32.400, 6.700,-105.00, 21.00,466.7, 811829.534, 803770, 0.354,0,Simbad
FRB20190517C,-9999          ,-9999       ,087.5000000, 1.90e-01,+26.6200000, 2.00e-01,182.48, -0.37,  13.70,  7.3,       ,       , 25.0, 334.8, 58.3, 335.57460, 0.00430, 147.6,  43.1, 0.00197, , 0.00014900,    0.00001200, 3.100, 1.200, , 8.70, 2.80, ,0,58620.92133121400, 0.00000000110,58620.92123058710, 0.00000000170, , 0.0003770,    0.0000330, 8.480, 0.980, -50.20,  3.80,435.5, 188812.917, 183305, 0.411,0,Simbad
FRB20190518B,-9999          ,-9999       ,175.1100000, 2.10e-01,+20.2800000, 2.40e-01,232.01, 72.39,  12.10,  7.1,       ,       , 12.8, 913.9, 16.7, 913.77220, 0.00390, 887.7, 893.6, 0.00098,<, 0.00071000,              , 1.530, 0.680, , 2.10, 1.00, ,0,58621.16637440300, 0.00000000380,58621.16610039500, 0.00000000400, , 0.0006100,    0.0000520, 0.400, 1.200,  -1.10,  1.70,478.4, 379580.436, 379994, 0.390,0,Simbad
FRB20190518C,-9999          ,-9999       ,242.0100000, 7.10e-02,+04.6400000, 2.10e-01, 16.30, 38.10,  14.80,  3.5,       ,       , 34.5, 444.8, 46.4, 444.07950, 0.00350, 402.4, 408.2, 0.00295, , 0.00028800,    0.00003000, 6.700, 1.600, ,14.80, 3.30, ,0,58621.34930159790, 0.00000000140,58621.34916843420, 0.00000000170, , 0.0006350,    0.0000360, 6.390, 0.660, -15.10,  1.20,494.3, 351087.684, 349593, 0.438,0,Simbad
FRB20190518D,-9999          ,-9999       ,174.7200000, 3.30e-01,+89.3100000, 2.40e-01,123.17, 27.78,1190.00,300.0,  960.0,  290.0, 14.9, 202.2, 19.3, 202.45510, 0.00570, 148.5, 151.8, 0.00197, , 0.00038700,    0.00007100, 1.360, 0.980, , 3.00, 1.60, ,0,58621.37825603020, 0.00000000350,58621.37819532110, 0.00000000390, , 0.0002600,    0.0001100, 5.400, 1.700, -15.60,  3.20,475.6, 353943.657, 352633, 0.434,0,Simbad
FRB20190518A,-9999          ,FRB20180916B,029.5031258, 6.00e-07,+65.7167542, 6.00e-07,129.71,  3.73,  46.06,     ,       ,       ,  9.3, 351.0, 10.6, 349.60700, 0.05000, 150.7,  24.8, 0.00492,<, 0.00270000,              , 0.330, 0.180, , 1.45, 0.28, ,0,58621.75952158580, 0.00000000800,58621.75941675100, 0.00000001700, , 0.0020700,    0.0003100, 5.100, 4.300, -28.00, 14.00,437.9, 366430.605, 364794, 0.414,0,Simbad
FRB20190518E,-9999          ,FRB20180916B,029.5031258, 6.00e-07,+65.7167542, 6.00e-07,129.68,  3.72,  46.06,     ,       ,       , 16.0, 351.0, 22.0, 350.14510, 0.00720, 151.1,  25.1, 0.00590,<, 0.00220000,              , 0.790, 0.280, , 3.81, 0.90, ,0,58621.76465289280, 0.00000000350,58621.76454789670, 0.00000000410, , 0.0019600,    0.0001300, 7.200, 3.400,  -2.60,  3.20,800.2, 364485.661, 363578, 0.416,0,Simbad
FRB20190518G,-9999          ,-9999       ,094.7900000, 2.00e-01,+75.5200000, 1.40e-01,138.68, 24.22,  48.00, 27.0,   27.0,   19.0, 20.2, 525.7, 33.6, 524.94640, 0.00430, 461.9, 460.2, 0.00098,<, 0.00072000,              , 0.990, 0.430, , 1.76, 0.62, ,0,58621.94502631660, 0.00000000220,58621.94486890370, 0.00000000260, , 0.0006660,    0.0000270,19.800, 2.000, -75.30,  7.00,456.4, 370435.485, 370266, 0.405,0,Simbad
FRB20190519D,-9999          ,-9999       ,164.5700000, 1.80e-01,+42.9900000, 3.10e-02,170.84, 62.15,  12.40,  9.4,       ,       , 18.6, 538.6, 25.3, 539.77100, 0.01100, 509.3, 521.1, 0.00197,<, 0.00200000,              , 0.360, 0.160, , 0.81, 0.36, ,0,58622.13324544100, 0.00000000310,58622.13308358280, 0.00000000460, , 0.0018300,    0.0001000,-1.460, 0.800,  -1.90,  1.40,400.2, 436660.794, 434106, 0.303,0,Simbad
FRB20190519E,-9999          ,-9999       ,168.2800000, 2.00e-01,+41.6500000, 2.00e-01,170.75, 65.20,  15.80,  8.5,       ,       , 17.0, 693.9, 30.3, 693.82970, 0.00110, 666.3, 677.3, 0.00098,<, 0.00045000,              , 1.000, 0.470, , 1.46, 0.67, ,0,58622.14498969290, 0.00000000270,58622.14478163800, 0.00000000270, , 0.0004140,    0.0000200, 2.000, 2.500,   4.10,  2.30,800.2, 218437.160, 217050, 0.303,0,Simbad
FRB20190519F,-9999          ,-9999       ,165.6300000, 2.00e-01,+77.2300000, 2.20e-01,130.34, 38.29,  52.00, 29.0,   58.0,   22.0, 20.2, 799.0, 41.0, 797.76600, 0.02300, 755.7, 763.2, 0.00688, , 0.00136000,    0.00023000, 0.750, 0.410, , 4.00, 1.30, ,0,58622.14596524300, 0.00000000490,58622.14572602120, 0.00000000840, , 0.0013600,    0.0001600,21.700, 1.800, -86.40,  6.30,453.9, 419609.602, 418297, 0.328,0,Simbad
FRB20190519G,-9999          ,-9999       ,306.6800000, 1.00e-01,+72.3400000, 1.70e-01,105.86, 18.99,  42.00, 19.0,   32.0,   16.0, 28.3, 433.5, 40.9, 430.09400, 0.02200, 356.6, 350.9, 0.01868, , 0.01110000,    0.00100000, 1.110, 0.790, ,22.00,12.00, ,0,58622.53349492030, 0.00000000750,58622.53336595020, 0.00000000990, , 0.0030600,    0.0003800, 1.740, 0.590,  -5.34,  0.84,471.1,1313484.654,1308713, 0.399,0,Simbad
FRB20190519H,-9999          ,-9999       ,342.9900000, 1.80e-01,+87.3700000, 5.50e-02,121.49, 24.84, 269.00, 87.0,  210.0,  120.0, 39.7,1169.5, 57.7,1170.87290, 0.00300,1111.5,1112.4, 0.00295, , 0.00030900,    0.00002100, 3.200, 1.700, , 6.60, 3.30, ,0,58622.64856477450, 0.00000000150,58622.64821367120, 0.00000000180, , 0.0002550,    0.0000720, 2.330, 0.510, -14.00,  1.20,435.0, 360357.459, 358105, 0.425,0,Simbad
FRB20190519A,-9999          ,FRB20180916B,029.5031258, 6.00e-07,+65.7167542, 6.00e-07,129.71,  3.73,  46.06,     ,       ,       , 11.9, 346.1, 43.4, 348.71280, 0.00420, 149.8,  23.9, 0.00885, , 0.00036000,    0.00004700, 1.180, 0.460, , 3.90, 1.10, ,0,58622.74335231570, 0.00000000290,58622.74324774910, 0.00000000310, , 0.0002690,    0.0000640,96.600, 9.500,-183.00, 18.00,521.3, 348292.269, 347156, 0.442,0,Simbad
FRB20190519A,-9999          ,FRB20180916B,029.5031258, 6.00e-07,+65.7167542, 6.00e-07,129.71,  3.73,  46.06,     ,       ,       , 11.9, 346.1, 43.4, 348.71280, 0.00420, 149.8,  23.9, 0.00885, , 0.00036000,    0.00004700, 1.180, 0.460, , 3.90, 1.10, ,1,58622.74335237440, 0.00000000310,58622.74324780780, 0.00000000340, , 0.0012800,    0.0001100,78.900, 7.900,-215.00, 21.00,480.6, 348292.269, 347156, 0.442,0,Simbad
FRB20190519B,-9999          ,FRB20180916B,029.5031258, 6.00e-07,+65.7167542, 6.00e-07,129.71,  3.73,  46.06,     ,       ,       , 21.7, 349.4, 44.8, 349.28000, 0.03800, 150.3,  24.4, 0.03244,<, 0.00220000,              , 0.970, 0.390, ,12.40, 4.00, ,0,58622.75626736060, 0.00000000850,58622.75616262400, 0.00000001400, , 0.0020300,    0.0002900,53.500, 9.700, -53.00,  9.50,662.5, 755972.269, 749035, 0.398,0,Simbad
FRB20190519B,-9999          ,FRB20180916B,029.5031258, 6.00e-07,+65.7167542, 6.00e-07,129.71,  3.73,  46.06,     ,       ,       , 21.7, 349.4, 44.8, 349.28000, 0.03800, 150.3,  24.4, 0.03244,<, 0.00220000,              , 0.970, 0.390, ,12.40, 4.00, ,1,58622.75626745440, 0.00000000820,58622.75616271800, 0.00000001400, , 0.0015100,    0.0003500,24.300, 8.900, -33.00, 11.00,575.6, 755972.269, 749035, 0.398,0,Simbad
FRB20190519B,-9999          ,FRB20180916B,029.5031258, 6.00e-07,+65.7167542, 6.00e-07,129.71,  3.73,  46.06,     ,       ,       , 21.7, 349.4, 44.8, 349.28000, 0.03800, 150.3,  24.4, 0.03244,<, 0.00220000,              , 0.970, 0.390, ,12.40, 4.00, ,2,58622.75626754200, 0.00000000970,58622.75616280500, 0.00000001500, , 0.0060600,    0.0008300,41.500, 6.700, -83.00, 13.00,514.3, 755972.269, 749035, 0.398,0,Simbad
FRB20190519B,-9999          ,FRB20180916B,029.5031258, 6.00e-07,+65.7167542, 6.00e-07,129.71,  3.73,  46.06,     ,       ,       , 21.7, 349.4, 44.8, 349.28000, 0.03800, 150.3,  24.4, 0.03244,<, 0.00220000,              , 0.970, 0.390, ,12.40, 4.00, ,3,58622.75626766690, 0.00000000380,58622.75616293000, 0.00000001200, , 0.0021900,    0.0001400,37.900, 3.600,-113.00, 11.00,473.1, 755972.269, 749035, 0.398,0,Simbad
FRB20190519C,-9999          ,FRB20180916B,029.5031258, 6.00e-07,+65.7167542, 6.00e-07,129.71,  3.73,  46.06,     ,       ,       , 16.4, 346.1, 27.1, 349.06400, 0.01900, 150.1,  24.2, 0.01180,<, 0.00320000,              , 0.640, 0.270, , 4.00, 1.40, ,0,58622.75752539220, 0.00000000390,58622.75742072020, 0.00000000680, , 0.0028800,    0.0001700,27.100, 2.900, -68.60,  7.30,487.5, 357659.801, 358106, 0.425,0,Simbad
FRB20190519J,-9999          ,-9999       ,296.2100000, 8.50e-02,+86.9300000, 3.00e-01,119.60, 26.38, 204.00, 96.0,  225.0,   86.0,  9.5, 642.1, 18.6, 642.75900, 0.04400, 586.7, 589.1, 0.00197, , 0.00050100,    0.00008800, 0.630, 0.520, , 1.70, 1.10, ,0,58622.96119967060, 0.00000000530,58622.96100693000, 0.00000001400, , 0.0004600,    0.0002500,24.300, 6.900,-259.00, 58.00,419.5, 345465.697, 344729, 0.446,0,Simbad
FRB20190520A,-9999          ,-9999       ,273.5200000, 2.60e-02,+26.3200000, 9.40e-02, 53.30, 19.37,  14.70,  6.6,       ,       , 21.8, 431.9, 28.7, 432.50630, 0.00570, 352.8, 367.3, 0.00197,<, 0.00071000,              , 1.080, 0.530, , 2.40, 1.00, ,0,58623.43406786630, 0.00000000340,58623.43393817290, 0.00000000380, , 0.0006490,    0.0000320,11.400, 2.000, -54.30,  7.40,444.4, 374488.098, 373914, 0.399,0,Simbad
FRB20190527A,-9999          ,-9999       ,012.4500000, 2.00e-01,+07.9900000, 6.70e-02,122.23,-54.88,   9.20,  7.5,       ,       , 14.8, 582.3, 32.8, 584.58000, 0.16000, 550.9, 559.9, 0.05702, , 0.00508000,    0.00045000, 0.470, 0.360, ,10.10, 4.10, ,0,58630.68620030300, 0.00000001900,58630.68602500800, 0.00000005200, , 0.0026700,    0.0009400,47.000,11.000,-122.00, 26.00,484.7,1340704.245,1346100, 0.279,0,Simbad
FRB20190527A,-9999          ,-9999       ,012.4500000, 2.00e-01,+07.9900000, 6.70e-02,122.23,-54.88,   9.20,  7.5,       ,       , 14.8, 582.3, 32.8, 584.58000, 0.16000, 550.9, 559.9, 0.05702, , 0.00508000,    0.00045000, 0.470, 0.360, ,10.10, 4.10, ,1,58630.68620052500, 0.00000001300,58630.68602523100, 0.00000005000, , 0.0024700,    0.0006500,30.700, 3.800,-133.00, 15.00,449.1,1340704.245,1346100, 0.279,0,Simbad
FRB20190527B,-9999          ,FRB20181128A,073.9200000, 1.40e-01,+63.2200000, 7.30e-02,146.73, 12.30,  13.00, 13.0,       ,       ,  9.4, 449.7, 10.0, 449.81900, 0.06700, 337.4, 297.9, 0.00885,<, 0.00330000,              , 0.360, 0.290, , 2.04, 0.87, ,0,58630.86089977600, 0.00000001500,58630.86076489100, 0.00000002500, , 0.0021200,    0.0006100,11.800, 4.700, -12.70,  5.30,637.0, 369868.919, 371482, 0.403,0,Simbad
FRB20190527C,-9999          ,-9999       ,100.2200000, 1.30e-01,+57.0000000, 3.80e-02,158.61, 21.11,  26.30,  7.0,       ,       , 48.7, 535.4, 80.2, 535.43680, 0.00190, 461.6, 451.3, 0.00688, , 0.00381000,    0.00016000, 3.000, 1.700, ,20.00,12.00, ,0,58630.93271431925, 0.00000000079,58630.93255376069, 0.00000000098, , 0.0004910,    0.0000470, 0.650, 0.280,  -3.97,  0.40,434.3, 576333.680, 563609, 0.396,0,Simbad
FRB20190529A,-9999          ,-9999       ,068.0600000, 2.20e-01,+40.3200000, 2.30e-01,161.89, -5.29,  14.90,  8.8,       ,       , 10.6, 703.6,  8.3, 704.45000, 0.08100, 539.0, 482.8, 0.00393,<, 0.00150000,              , 0.470, 0.250, , 1.45, 0.49, ,0,58632.83748817840, 0.00000000600,58632.83727693900, 0.00000002500, , 0.0010400,    0.0002400,24.200, 9.600, -97.00, 35.00,453.4, 365286.229, 367226, 0.410,0,Simbad
FRB20190530A,-9999          ,-9999       ,068.7400000, 2.50e-02,+60.5900000, 2.00e-01,147.22,  8.75,  25.00, 13.0,       ,       , 11.5, 554.8, 14.9, 555.44500, 0.02400, 416.2, 353.1, 0.00197,<, 0.00130000,              , 0.580, 0.410, , 1.69, 0.90, ,0,58633.83874122480, 0.00000000260,58633.83857466660, 0.00000000770, , 0.0010200,    0.0001300,17.700, 4.900, -91.00, 22.00,441.1, 338724.627, 340474, 0.453,0,Simbad
FRB20190531A,-9999          ,-9999       ,203.9600000, 7.10e-02,+81.7200000, 2.40e-01,120.99, 35.24,  79.00, 45.0,   84.0,   42.0, 10.9, 325.1, 14.4, 324.69810, 0.00620, 280.7, 287.2, 0.00098,<, 0.00075000,              , 0.000, 0.000, , 0.00, 0.00, ,0,58634.21831601280, 0.00000000200,58634.21821864730, 0.00000000270, , 0.0006280,    0.0000610, 5.600, 1.900, -15.00,  3.70,482.8, 315430.989, 314330, 0.495,0,Simbad
FRB20190531B,-9999          ,-9999       ,259.9100000, 6.00e-03,+49.3200000, 1.30e-01, 75.90, 34.89,  23.00,  6.0,       ,       , 55.3, 166.6,122.4, 167.95970, 0.00100, 124.9, 132.6, 0.00197,<, 0.00069000,              , 0.000, 0.000, , 0.00, 0.00, ,0,58634.36650017866, 0.00000000026,58634.36644981349, 0.00000000040, , 0.0006703,    0.0000078,15.150, 0.440, -44.40,  1.20,474.6, 334110.448, 327706, 0.474,0,Simbad
FRB20190531C,-9999          ,-9999       ,331.1400000, 2.40e-01,+43.0000000, 2.40e-01, 93.31,-10.07,  15.00,  9.2,       ,       ,  9.7, 477.2, 12.2, 478.20200, 0.03400, 345.8, 359.4, 0.00295,<, 0.00190000,              , 0.370, 0.310, , 1.20, 1.00, ,0,58634.56478826610, 0.00000000450,58634.56464487000, 0.00000001100, , 0.0014500,    0.0002200,18.300, 5.700, -74.00, 21.00,453.0, 402787.989, 403706, 0.352,0,Simbad
FRB20190531E,-9999          ,-9999       ,015.2000000, 2.60e-01,+00.5400000, 3.70e-01,127.96,-62.24,  11.10,  6.2,       ,       ,  9.5, 328.4, 14.2, 328.20340, 0.00250, 296.2, 305.6, 0.00098,<, 0.00056000,              , 2.700, 1.800, , 5.30, 2.90, ,0,58634.68627776510, 0.00000000260,58634.68617934850, 0.00000000270, , 0.0004650,    0.0000470, 1.100, 4.800,   4.60,  4.60,800.2, 176993.797, 174794, 0.438,0,Simbad
FRB20190601A,-9999          ,-9999       ,190.1100000, 2.10e-01,+62.7200000, 2.10e-01,125.09, 54.36,  25.00, 14.0,       ,       , 15.1,2228.9, 16.4,2227.89100, 0.01200,2194.9,2203.1, 0.00590,<, 0.00210000,              , 0.730, 0.630, , 2.70, 2.40, ,0,58635.17060037480, 0.00000000400,58635.16993230900, 0.00000000530, , 0.0017200,    0.0001900, 7.300, 2.100,  -7.80,  2.50,638.9, 340448.380, 339866, 0.454,0,Simbad
FRB20190601B,-9999          ,-9999       ,017.8800000, 1.70e-01,+23.8200000, 3.60e-02,128.83,-38.82,   9.60,  7.3,       ,       , 29.3, 789.3, 62.7, 787.79500, 0.08700, 745.9, 754.7, 0.02458, , 0.00567000,    0.00026000, 1.000, 0.400, ,13.00, 3.90, ,0,58635.68870368640, 0.00000000640,58635.68846745400, 0.00000002700, , 0.0040400,    0.0003600, 9.700, 1.000, -68.60,  4.70,429.5, 890218.259, 883113, 0.433,0,Simbad
FRB20190601D,-9999          ,-9999       ,085.8600000, 2.30e-01,+79.3500000, 2.60e-01,134.05, 23.58,  64.00, 36.0,   56.0,   33.0, 10.6, 669.6, 11.5, 668.47000, 0.10000, 604.6, 602.3, 0.01081,<, 0.00610000,              , 0.630, 0.360, , 5.70, 1.70, ,0,58635.87179568300, 0.00000001300,58635.87159523100, 0.00000003400, , 0.0046700,    0.0007200,-2.900, 1.800,   0.30,  3.10,400.2, 509979.242, 509802, 0.454,0,Simbad
FRB20190601C,-9999          ,-9999       ,088.5200000, 1.80e-01,+28.4700000, 5.70e-02,181.35,  1.35,  10.90,  6.7,       ,       , 25.1, 423.8, 47.9, 424.06560, 0.00610, 237.7, 137.3, 0.00590, , 0.00011900,    0.00003800, 1.320, 0.700, , 5.80, 2.50, ,0,58635.88448138320, 0.00000000200,58635.88435422100, 0.00000000270, , 0.0006840,    0.0000370,35.300, 2.600, -68.80,  4.90,517.0, 351448.028, 346548, 0.443,0,Simbad
FRB20190601C,-9999          ,-9999       ,088.5200000, 1.80e-01,+28.4700000, 5.70e-02,181.35,  1.35,  10.90,  6.7,       ,       , 25.1, 423.8, 47.9, 424.06560, 0.00610, 237.7, 137.3, 0.00590, , 0.00011900,    0.00003800, 1.320, 0.700, , 5.80, 2.50, ,1,58635.88448142390, 0.00000000210,58635.88435426170, 0.00000000280, , 0.0005100,    0.0000620,36.100, 4.200, -79.50,  9.10,502.2, 351448.028, 346548, 0.443,0,Simbad
FRB20190603B,-9999          ,-9999       ,048.8700000, 2.20e-01,+74.2800000, 4.10e-01,132.39, 14.12,  45.00, 24.0,   31.0,   19.0, 11.8, 503.0, 12.7, 504.31700, 0.02200, 404.0, 372.3, 0.00393,<, 0.00190000,              , 1.700, 1.100, , 6.20, 2.70, ,0,58637.26758836500, 0.00000000590,58637.26743713820, 0.00000000880, , 0.0015400,    0.0001700,-0.200, 1.800,  -6.80,  3.80,400.2, 315485.799, 316154, 0.492,0,Simbad
FRB20190603A,-9999          ,FRB20180916B,029.5031258, 6.00e-07,+65.7167542, 6.00e-07,129.71,  3.73,  46.06,     ,       ,       ,  9.3, 347.8, 10.5, 349.58100, 0.01400, 150.6,  24.7, 0.00393,<, 0.00220000,              , 0.570, 0.270, , 0.76, 0.18, ,0,58637.71485449040, 0.00000000780,58637.71474966330, 0.00000000880, , 0.0017100,    0.0002300,17.300, 7.200, -15.90,  7.10,691.2, 348169.416, 345946, 0.444,0,Simbad
FRB20190604D,-9999          ,-9999       ,199.9300000, 2.00e-01,+15.7300000, 2.40e-01,334.31, 76.85,  12.30,  6.6,       ,       , 15.2,1020.6, 15.0,1021.16900, 0.01000, 996.4,1000.8, 0.00295,<, 0.00190000,              , 0.820, 0.360, , 2.48, 0.79, ,0,58638.18865303440, 0.00000000580,58638.18834682210, 0.00000000650, , 0.0016300,    0.0001500, 6.300, 2.000,  -7.10,  2.50,622.6, 335648.824, 335002, 0.462,0,Simbad
FRB20190604A,190604.J1435+53,FRB20190604A,218.7800000, 1.60e-01,+53.2800000, 1.70e-01, 93.76, 57.58,  22.00,  9.9,       ,       , 33.8, 553.2, 70.0, 552.48500, 0.02400, 520.9, 528.7, 0.00983, , 0.00183000,    0.00018000, 0.920, 0.410, , 7.80, 2.50, ,0,58638.24302369540, 0.00000000400,58638.24285802480, 0.00000000830, , 0.0018400,    0.0001200,29.100, 1.600,-182.40,  8.80,433.4, 515810.945, 515273, 0.448,0,Simbad
FRB20190604E,-9999          ,-9999       ,235.5900000, 2.10e-01,+32.0600000, 2.10e-01, 51.08, 52.76,  11.40,  6.4,       ,       , 16.8,1218.0, 19.7,1218.59650, 0.00770,1192.6,1193.4, 0.00197,<, 0.00110000,              , 1.160, 0.490, , 2.26, 0.82, ,0,58638.28877139040, 0.00000000450,58638.28840597640, 0.00000000510, , 0.0009620,    0.0000680,-1.200, 1.000,  -2.50,  1.90,400.2, 342204.039, 341690, 0.451,0,Simbad
FRB20190604F,-9999          ,FRB20180916B,029.5031258, 6.00e-07,+65.7167542, 6.00e-07,129.71,  3.73,  46.06,     ,       ,       , 42.2, 352.6, 98.8, 348.72480, 0.00380, 149.8,  23.9, 0.00786, , 0.00200000,    0.00044000, 3.370, 0.820, ,21.00, 4.00, ,0,58638.71643288240, 0.00000000180,58638.71632831220, 0.00000000210, , 0.0008540,    0.0000410,59.200, 2.500, -58.50,  2.40,663.7, 531144.116, 522559, 0.440,0,Simbad
FRB20190604F,-9999          ,FRB20180916B,029.5031258, 6.00e-07,+65.7167542, 6.00e-07,129.71,  3.73,  46.06,     ,       ,       , 42.2, 352.6, 98.8, 348.72480, 0.00380, 149.8,  23.9, 0.00786, , 0.00200000,    0.00044000, 3.370, 0.820, ,21.00, 4.00, ,1,58638.71643293370, 0.00000000240,58638.71632836340, 0.00000000270, , 0.0008700,    0.0001300,66.600, 6.600, -79.20,  7.40,609.5, 531144.116, 522559, 0.440,0,Simbad
FRB20190604F,-9999          ,FRB20180916B,029.5031258, 6.00e-07,+65.7167542, 6.00e-07,129.71,  3.73,  46.06,     ,       ,       , 42.2, 352.6, 98.8, 348.72480, 0.00380, 149.8,  23.9, 0.00786, , 0.00200000,    0.00044000, 3.370, 0.820, ,21.00, 4.00, ,2,58638.71643298360, 0.00000000510,58638.71632841340, 0.00000000520, , 0.0011200,    0.0003700,66.000,14.000,-107.00, 24.00,544.0, 531144.116, 522559, 0.440,0,Simbad
FRB20190604C,-9999          ,-9999       ,077.3900000, 1.60e-01,+49.3000000, 1.50e-01,159.19,  5.52,  22.20,  6.8,       ,       , 45.1, 504.7, 61.6, 515.63600, 0.04500, 351.7, 270.9, 0.02064, , 0.01100000,    0.00062000, 1.560, 0.410, ,26.20, 4.20, ,0,58638.84560980150, 0.00000000950,58638.84545518000, 0.00000001700, , 0.0054100,    0.0004800, 2.560, 0.440, -10.59,  0.79,451.6,1036440.336,1045753, 0.580,0,Simbad
FRB20190604G,-9999          ,-9999       ,120.8100000, 2.30e-02,+59.5000000, 1.50e-01,157.70, 32.15,  27.00, 12.0,       ,       , 21.1, 231.3, 24.8, 233.04530, 0.00970, 181.6, 186.5, 0.00492, , 0.00031100,    0.00005000, 1.150, 0.300, , 4.49, 0.75, ,0,58638.96697406510, 0.00000000400,58638.96690418310, 0.00000000490, , 0.0011900,    0.0000980,-2.520, 0.820,  -0.50,  1.40,400.2, 351006.664, 352025, 0.435,0,Simbad
FRB20190605C,-9999          ,-9999       ,168.3200000, 4.80e-02,-05.1900000, 9.30e-02,262.97, 49.91,   3.70,  5.0,       ,       , 25.4, 186.0, 47.5, 187.64210, 0.00230, 149.8, 160.7, 0.00098,<, 0.00052000,              , 4.600, 1.500, , 4.40, 1.50, ,0,58639.09776557330, 0.00000000220,58639.09770930600, 0.00000000230, , 0.0004950,    0.0000150, 9.900, 1.000, -40.50,  3.40,452.2, 158225.607, 156250, 0.498,0,Simbad
FRB20190605D,-9999          ,-9999       ,026.7200000, 2.30e-01,+28.6200000, 2.50e-01,137.40,-32.69,  11.40,  6.9,       ,       , 10.9,1653.1, 17.4,1656.53320, 0.00550,1607.7,1615.9, 0.00393,<, 0.00120000,              , 0.820, 0.430, , 2.16, 0.84, ,0,58639.70354210100, 0.00000000640,58639.70304536530, 0.00000000660, , 0.0010690,    0.0000870,48.300, 9.100, -50.80,  9.50,643.9, 341204.478, 341082, 0.452,0,Simbad
FRB20190605A,-9999          ,FRB20180916B,029.5031258, 6.00e-07,+65.7167542, 6.00e-07,129.71,  3.73,  46.06,     ,       ,       , 23.0, 352.6, 55.5, 349.81600, 0.01800, 150.9,  25.0, 0.00786, , 0.00076000,    0.00014000, 1.390, 0.350, , 7.50, 1.20, ,0,58639.70561256920, 0.00000000220,58639.70550767160, 0.00000000580, , 0.0021300,    0.0001100,56.700, 3.200,-116.40,  6.30,510.6, 344883.523, 343513, 0.448,0,Simbad
FRB20190605B,-9999          ,FRB20180916B,029.5031258, 6.00e-07,+65.7167542, 6.00e-07,129.71,  3.73,  46.06,     ,       ,       , 25.5, 349.4, 87.8, 348.71100, 0.01400, 149.8,  23.9, 0.02556, , 0.00172000,    0.00011000, 1.810, 0.440, ,24.90, 4.00, ,0,58639.71007948500, 0.00000000300,58639.70997491880, 0.00000000510, , 0.0020000,    0.0002500,12.100, 2.300, -70.40,  9.40,436.2, 702534.557, 688239, 0.447,0,Simbad
FRB20190605B,-9999          ,FRB20180916B,029.5031258, 6.00e-07,+65.7167542, 6.00e-07,129.71,  3.73,  46.06,     ,       ,       , 25.5, 349.4, 87.8, 348.71100, 0.01400, 149.8,  23.9, 0.02556, , 0.00172000,    0.00011000, 1.810, 0.440, ,24.90, 4.00, ,1,58639.71007960430, 0.00000000200,58639.70997503810, 0.00000000450, , 0.0012500,    0.0001200,19.600, 1.200, -80.20,  4.10,452.2, 702534.557, 688239, 0.447,0,Simbad
FRB20190605B,-9999          ,FRB20180916B,029.5031258, 6.00e-07,+65.7167542, 6.00e-07,129.71,  3.73,  46.06,     ,       ,       , 25.5, 349.4, 87.8, 348.71100, 0.01400, 149.8,  23.9, 0.02556, , 0.00172000,    0.00011000, 1.810, 0.440, ,24.90, 4.00, ,2,58639.71007972150, 0.00000000230,58639.70997515540, 0.00000000470, , 0.0007400,    0.0001700,49.500, 4.800,-179.00, 16.00,459.7, 702534.557, 688239, 0.447,0,Simbad
FRB20190606A,-9999          ,FRB20190604A,218.7800000, 1.60e-01,+53.2800000, 1.70e-01, 93.76, 57.58,  22.00,  9.9,       ,       , 10.7, 551.6, 18.3, 552.59200, 0.05700, 521.0, 528.8, 0.00393,<, 0.00170000,              , 0.480, 0.270, , 1.87, 0.90, ,0,58640.23230936600, 0.00000000880,58640.23214366300, 0.00000001900, , 0.0013300,    0.0002000,41.800, 6.400, -62.50,  9.40,559.0, 402624.308, 401882, 0.354,0,Simbad
FRB20190606B,-9999          ,-9999       ,108.7900000, 1.80e-01,+86.8500000, 1.90e-01,126.46, 27.41, 228.00, 89.0,  206.0,   96.0, 29.2, 275.0, 39.9, 277.48600, 0.01700, 222.4, 225.2, 0.00688, , 0.00481000,    0.00040000, 2.620, 0.870, ,17.40, 5.40, ,0,58640.93030418980, 0.00000000420,58640.93022098160, 0.00000000660, , 0.0010100,    0.0002000,12.400, 1.200, -17.50,  1.50,569.2, 709663.506, 707705, 0.432,0,Simbad
FRB20190607A,-9999          ,-9999       ,026.2300000, 4.00e-02,+23.6600000, 6.00e-02,138.44,-37.60,  17.60,  3.2,       ,       , 97.7, 559.7,142.0, 562.45280, 0.00380, 518.5, 527.4, 0.00492, , 0.00039500,    0.00002700, 4.350, 0.800, ,21.30, 3.70, ,0,58641.69412814430, 0.00000000110,58641.69395948460, 0.00000000160, , 0.0017360,    0.0000360,-0.990, 0.170,  -3.73,  0.30,400.2, 357375.265, 344729, 0.446,0,Simbad
FRB20190607B,-9999          ,-9999       ,042.0200000, 1.80e-01,+49.6200000, 1.90e-01,141.57, -8.98,  20.00, 10.0,       ,       , 15.8, 289.5, 17.5, 289.37600, 0.00480, 151.1, 127.6, 0.00295,<, 0.00110000,              , 1.060, 0.360, , 3.20, 0.61, ,0,58641.73747489440, 0.00000000190,58641.73738812070, 0.00000000240, , 0.0009160,    0.0000790, 2.000, 1.400,  -0.70,  1.70,800.2, 353584.416, 352026, 0.435,0,Simbad
FRB20190608A,-9999          ,-9999       ,359.2300000, 2.20e-01,+19.1700000, 2.40e-01,105.55,-41.85,  12.10,  7.1,       ,       , 12.1, 719.8, 14.4, 722.17560, 0.00350, 683.8, 691.7, 0.00098,<, 0.00049000,              , 1.290, 0.510, , 1.51, 0.59, ,0,58642.62028093350, 0.00000000100,58642.62006437860, 0.00000000150, , 0.0003860,    0.0000500, 6.900, 2.000,  -9.70,  2.70,570.8, 184165.813, 184218, 0.408,1,Simbad
FRB20190609A,-9999          ,-9999       ,345.3000000, 2.80e-01,+87.9400000, 3.30e-01,121.88, 25.30, 330.00,140.0,  330.0,  120.0, 10.8, 315.4, 21.0, 316.64340, 0.00230, 258.2, 259.5, 0.00492,<, 0.00050000,              , 3.600, 1.600, ,10.40, 4.10, ,0,58643.11530257009, 0.00000000093,58643.11520761990, 0.00000000120, , 0.0004320,    0.0000340,62.400, 9.600, -84.00, 13.00,579.3, 185074.758, 183909, 0.409,1,Simbad
FRB20190609A,-9999          ,-9999       ,345.3000000, 2.80e-01,+87.9400000, 3.30e-01,121.88, 25.30, 330.00,140.0,  330.0,  120.0, 10.8, 315.4, 21.0, 316.64340, 0.00230, 258.2, 259.5, 0.00492,<, 0.00050000,              , 3.600, 1.600, ,10.40, 4.10, ,1,58643.11530265900, 0.00000000500,58643.11520770880, 0.00000000510, , 0.0021200,    0.0004100,55.000,23.000, -67.00, 28.00,600.5, 185074.758, 183909, 0.409,1,Simbad
FRB20190609B,-9999          ,-9999       ,210.4900000, 1.50e-01,+88.3500000, 6.70e-02,122.36, 28.70, 470.00,130.0,  340.0,  100.0, 41.2, 292.8, 76.5, 292.18750, 0.00100, 239.9, 243.9, 0.00098,<, 0.00057000,              ,11.500, 4.900, ,22.20, 8.40, ,0,58643.69978164259, 0.00000000033,58643.69969402589, 0.00000000045, , 0.0005500,    0.0000100, 4.110, 0.330, -10.46,  0.58,487.1, 344323.993, 333178, 0.465,0,Simbad
FRB20190609C,-9999          ,-9999       ,073.1700000, 2.30e-01,+24.0600000, 2.50e-01,177.28,-12.51,  12.40,  7.7,       ,       , 11.0, 480.4, 17.1, 480.28200, 0.09600, 367.6, 328.0, 0.00098,<, 0.00260000,              , 0.640, 0.210, , 1.91, 0.43, ,0,58643.81885823620, 0.00000000500,58643.81871421700, 0.00000002900, , 0.0020700,    0.0002500,15.200, 5.400,-138.00, 36.00,422.9, 353866.240, 355066, 0.430,0,Simbad
FRB20190609D,-9999          ,-9999       ,115.9400000, 4.10e-02,+51.6900000, 1.80e-01,166.52, 28.86,  20.00, 10.0,       ,       , 16.6, 509.5, 16.2, 511.71400, 0.04300, 454.2, 454.3, 0.00295,<, 0.00200000,              , 0.660, 0.340, , 2.36, 0.94, ,0,58643.93975221460, 0.00000000360,58643.93959877000, 0.00000001300, , 0.0015800,    0.0001900,-1.600, 2.700, -17.00, 10.00,400.2, 377458.876, 375738, 0.396,0,Simbad
FRB20190611A,-9999          ,FRB20180814A,065.5400000, 1.90e-01,+73.6300000, 2.70e-01,136.46, 16.58,  41.00, 24.0,   43.5,    7.9, 15.9, 187.6, 26.2, 190.44900, 0.01300, 102.6,  82.1, 0.00688,<, 0.00290000,              , 1.170, 0.300, , 8.40, 1.50, ,0,58645.78660148390, 0.00000000830,58645.78654437500, 0.00000000910, , 0.0024700,    0.0002000,45.300, 6.500, -43.80,  6.20,671.2, 560011.113, 556309, 0.404,1,Simbad
FRB20190611A,-9999          ,FRB20180814A,065.5400000, 1.90e-01,+73.6300000, 2.70e-01,136.46, 16.58,  41.00, 24.0,   43.5,    7.9, 15.9, 187.6, 26.2, 190.44900, 0.01300, 102.6,  82.1, 0.00688,<, 0.00290000,              , 1.170, 0.300, , 8.40, 1.50, ,1,58645.78660160000, 0.00000002000,58645.78654449100, 0.00000002100, , 0.0028000,    0.0014000,45.000,20.000, -44.00, 20.00,666.1, 560011.113, 556309, 0.404,1,Simbad
FRB20190612A,-9999          ,-9999       ,148.1600000, 2.00e-01,+70.4200000, 2.10e-01,140.83, 39.91,  35.00, 19.0,    8.0,   13.0, 16.6, 427.0, 22.2, 432.29100, 0.04900, 390.6, 398.9, 0.07078, , 0.03810000,    0.00470000, 0.790, 0.540, ,20.00,10.00, ,0,58646.02568994500, 0.00000001400,58646.02556031600, 0.00000002000, , 0.0019400,    0.0009400, 2.700, 1.200,  -6.30,  1.60,497.1,3241199.108,3239993, 0.390,1,Simbad
FRB20190612B,-9999          ,-9999       ,222.2100000, 2.20e-01,+04.3100000, 1.20e-01,358.95, 53.88,  10.30,  6.5,       ,       , 10.8, 186.0, 25.6, 187.59970, 0.00400, 159.9, 161.8, 0.00098, , 0.00012100,    0.00002800, 2.410, 0.540, , 3.78, 0.68, ,0,58646.22966185710, 0.00000000250,58646.22960560250, 0.00000000270, , 0.0001860,    0.0000600,10.600, 1.600, -25.90,  3.20,491.3, 180606.842, 175705, 0.436,1,Simbad
FRB20190612C,-9999          ,-9999       ,079.1200000, 3.10e-02,+61.0100000, 1.30e-01,150.02, 13.01,  31.00, 10.0,       ,       , 38.7,1638.5, 36.2,1641.56970, 0.00450,1533.8,1498.3, 0.00393, , 0.00029000,    0.00007900, 3.800, 1.000, ,12.10, 3.20, ,0,58646.83279100600, 0.00000000200,58646.83229875740, 0.00000000240, , 0.0009250,    0.0000520, 7.700, 1.000,  -8.90,  1.20,618.3, 372155.073, 432281, 0.306,1,Simbad
FRB20190613A,-9999          ,-9999       ,257.4000000, 1.90e-01,+18.8500000, 2.20e-01, 39.74, 30.62,  13.50,  6.7,       ,       , 18.2, 714.9, 14.1, 714.97700, 0.04300, 661.5, 672.6, 0.00786,<, 0.00500000,              , 1.070, 0.590, , 8.00, 3.20, ,0,58647.32319346500, 0.00000001100,58647.32297906900, 0.00000001700, , 0.0038700,    0.0005500, 3.300, 1.600,  -5.70,  2.30,535.2, 552616.896, 549930, 0.411,1,Simbad
FRB20190613B,-9999          ,-9999       ,065.7500000, 4.60e-02,+42.6700000, 1.40e-01,158.98, -4.92,  20.80,  4.6,       ,       , 37.7, 286.3, 44.5, 285.13790, 0.00140, 116.3,  60.3, 0.00098,<, 0.00045000,              , 1.080, 0.210, , 1.26, 0.27, ,0,58647.78915863990, 0.00000000190,58647.78907313720, 0.00000000200, , 0.0004260,    0.0000140, 2.520, 0.540,  -8.22,  0.97,466.6, 202199.823, 197898, 0.364,1,Simbad
FRB20190614A,-9999          ,-9999       ,179.7900000, 9.10e-02,+88.3300000, 2.40e-01,123.36, 28.75, 330.00,140.0,  350.0,  110.0, 12.4,1062.7, 14.7,1064.03900, 0.02900,1011.7,1015.7, 0.00393, , 0.00077000,    0.00016000, 0.830, 0.530, , 2.21, 0.93, ,0,58648.15712347760, 0.00000000720,58648.15680441000, 0.00000001100,<, 0.0013000,             , 1.600, 3.100, -29.00, 12.00,411.1, 355104.438, 354457, 0.431,1,Simbad
FRB20190614B,-9999          ,-9999       ,332.8600000, 3.30e-02,+24.6900000, 5.00e-02, 82.65,-25.40,   7.60,  7.2,       ,       , 57.6, 580.7, 54.8, 581.91460, 0.00130, 527.0, 535.0, 0.00197,<, 0.00068000,              , 4.500, 1.600, , 8.40, 2.80, ,0,58648.52885933490, 0.00000000180,58648.52868483930, 0.00000000180, , 0.0006480,    0.0000160, 0.810, 0.360,  -2.75,  0.54,463.9, 366407.892, 358714, 0.424,0,Simbad
FRB20190614C,-9999          ,-9999       ,356.5000000, 2.30e-01,+35.9100000, 2.30e-01,108.34,-25.10,  14.00,  8.3,       ,       , 12.0, 585.5,  9.7, 589.16300, 0.04900, 531.7, 540.2, 0.00492,<, 0.00330000,              , 0.500, 0.260, , 2.91, 0.95, ,0,58648.59248264950, 0.00000000940,58648.59230598000, 0.00000001700, , 0.0025900,    0.0003500,-9.400, 1.900,   9.60,  3.10,400.2, 372256.930, 372698, 0.401,0,Simbad
FRB20190616A,-9999          ,-9999       ,234.0300000, 2.10e-01,+34.4800000, 2.20e-01, 55.08, 54.13,  14.00,  8.1,       ,       , 14.6, 211.9, 13.4, 212.58670, 0.00660, 187.1, 187.9, 0.00197,<, 0.00079000,              , 0.730, 0.340, , 1.67, 0.55, ,0,58650.24764670060, 0.00000000900,58650.24758295340, 0.00000000920, , 0.0006540,    0.0000680,-0.800, 1.400,  -1.80,  2.40,400.2, 377758.618, 376954, 0.395,1,Simbad
FRB20190617A,-9999          ,-9999       ,178.6000000, 2.00e-01,+83.8700000, 9.50e-02,124.73, 33.06, 115.00, 56.0,  110.0,   55.0, 27.1, 195.7,156.4, 195.76930, 0.00180, 149.1, 155.1, 0.00492,<, 0.00150000,              , 5.800, 2.700, ,21.00, 9.30, ,0,58651.09212488813, 0.00000000087,58651.09206618390, 0.00000000100, , 0.0014890,    0.0000130, 0.450, 0.170,  -9.35,  0.38,409.9, 405442.534, 357498, 0.426,1,Simbad
FRB20190617B,-9999          ,-9999       ,056.4300000, 2.00e-02,+01.1600000, 2.70e-01,186.12,-39.45,  11.90,  6.2,       ,       , 12.7, 275.0, 16.3, 273.51000, 0.14000, 229.7, 225.0, 0.01376,<, 0.00950000,              , 0.990, 0.780, , 9.20, 4.70, ,0,58651.75348023400, 0.00000001900,58651.75339821700, 0.00000004500, , 0.0075800,    0.0009500,10.600, 2.800, -38.40,  8.50,459.3, 715852.982, 716218, 0.425,1,Simbad
FRB20190617C,-9999          ,-9999       ,134.3700000, 2.10e-01,+35.7000000, 2.10e-01,187.73, 40.08,  14.30,  8.1,       ,       , 14.1, 637.3, 14.1, 640.15600, 0.02300, 594.8, 602.9, 0.00983,<, 0.00470000,              , 0.540, 0.260, , 4.10, 1.40, ,0,58651.96779725900, 0.00000001100,58651.96760529900, 0.00000001300, , 0.0038800,    0.0004000,10.400, 4.100,  -8.60,  4.10,732.3, 553715.355, 553578, 0.407,1,Simbad
FRB20190618A,-9999          ,-9999       ,321.2500000, 1.70e-01,+25.4400000, 7.50e-02, 74.96,-17.65,  12.60,  7.3,       ,       , 33.4, 228.1, 52.5, 228.94690, 0.00320, 151.7, 164.8, 0.00197,<, 0.00058000,              , 2.400, 1.000, , 4.30, 1.70, ,0,58652.48764431190, 0.00000000300,58652.48757565880, 0.00000000310, , 0.0005480,    0.0000150, 3.340, 0.960, -35.80,  4.10,419.3, 366436.499, 363578, 0.416,1,Simbad
FRB20190619A,-9999          ,-9999       ,165.1800000, 2.20e-01,+68.3700000, 2.30e-01,137.10, 45.59,  32.00, 18.0,       ,       , 14.3, 897.7, 15.9, 899.91160, 0.00630, 862.3, 871.1, 0.00197,<, 0.00110000,              , 1.570, 0.560, , 3.33, 0.89, ,0,58653.05320074300, 0.00000001000,58653.05293089100, 0.00000001100, , 0.0009390,    0.0000840, 4.900, 1.600,  -7.50,  2.20,552.9, 372038.997, 370266, 0.405,1,Simbad
FRB20190619B,-9999          ,-9999       ,231.7400000, 2.00e-01,+82.1500000, 2.30e-01,117.06, 33.12,  88.00, 45.0,   95.0,   44.0, 19.7, 270.1, 19.0, 270.58680, 0.00480, 224.7, 230.6, 0.00098,<, 0.00059000,              , 1.960, 0.940, , 4.50, 1.60, ,0,58653.24015754950, 0.00000000880,58653.24007641010, 0.00000000890, , 0.0005160,    0.0000380,-0.500, 1.200,  -5.60,  2.50,400.2, 186962.057, 183914, 0.409,1,Simbad
FRB20190619C,-9999          ,-9999       ,038.2900000, 2.50e-01,+36.3300000, 2.20e-01,144.87,-22.17,  15.00,  8.1,       ,       , 10.2, 486.9, 11.5, 488.27120, 0.00300, 419.0, 420.4, 0.00098,<, 0.00050000,              , 0.720, 0.290, , 1.22, 0.37, ,0,58653.69903132900, 0.00000001500,58653.69888491300, 0.00000001500, , 0.0003990,    0.0000490, 0.400, 2.200,   1.70,  2.60,800.2, 192974.783, 192730, 0.381,1,Simbad
FRB20190619D,-9999          ,-9999       ,114.7900000, 2.10e-01,+41.5900000, 2.10e-01,177.52, 26.12,  15.40,  9.1,       ,       , 13.4, 375.3, 18.4, 378.46600, 0.02500, 314.5, 308.3, 0.03244, , 0.01200000,    0.00220000, 0.480, 0.190, , 6.50, 1.60, ,0,58653.90962847700, 0.00000001700,58653.90951498900, 0.00000001800, , 0.0013900,    0.0005000,-6.460, 0.990,   4.90,  1.50,400.2,1346556.856,1344889, 0.383,1,Simbad
FRB20190621A,180908.J1232+74,FRB20180908B,188.2200000, 2.80e-01,+74.1900000, 3.10e-01,124.66, 42.88,  42.00, 24.0,   24.0,   18.0,  9.0, 197.3, 11.1, 197.32000, 0.42000, 159.1, 166.7, 0.01966,<, 0.01100000,              , 0.200, 0.120, , 0.88, 0.26, ,0,58655.09819361400, 0.00000002700,58655.09813444000, 0.00000013000, , 0.0086000,    0.0014000, 0.100, 6.300, -53.00, 39.00,400.7, 916958.469, 916554, 0.411,0,Simbad
FRB20190621B,-9999          ,-9999       ,193.1400000, 2.30e-01,+55.6400000, 2.30e-01,122.60, 61.49,  20.00, 12.0,       ,       , 11.4,1059.5,  9.9,1061.23400, 0.02900,1030.5,1038.7, 0.00197,<, 0.00180000,              , 0.300, 0.160, , 1.19, 0.38, ,0,58655.12005026300, 0.00000002000,58655.11973203700, 0.00000002200, , 0.0013800,    0.0002000,-0.500, 2.700,  -7.70,  6.40,400.2, 375466.725, 374522, 0.398,0,Simbad
FRB20190621C,-9999          ,-9999       ,206.5700000, 2.10e-01,+05.2300000, 2.90e-01,336.18, 64.50,  11.60,  6.4,       ,       , 14.4, 571.0, 17.5, 570.26720, 0.00410, 544.6, 547.8, 0.00098,<, 0.00051000,              , 1.980, 0.630, , 2.38, 0.54, ,0,58655.15951307500, 0.00000001100,58655.15934207200, 0.00000001100, , 0.0004430,    0.0000360,39.100, 6.800,-101.00, 17.00,485.4, 174612.684, 173274, 0.443,0,Simbad
FRB20190621D,-9999          ,-9999       ,270.6300000, 1.60e-02,+78.8900000, 1.70e-01,110.51, 28.93,  61.00, 34.0,   49.0,   33.0, 17.4, 645.4, 20.0, 647.51400, 0.02000, 596.8, 601.4, 0.00393,<, 0.00260000,              , 0.890, 0.520, , 4.30, 1.90, ,0,58655.34370798700, 0.00000001000,58655.34351382000, 0.00000001200, , 0.0022900,    0.0001600, 7.400, 1.700, -22.30,  4.20,472.1, 372236.999, 372698, 0.401,0,Simbad
FRB20190622A,-9999          ,-9999       ,298.9800000, 2.40e-01,+85.8100000, 3.00e-01,118.46, 25.89, 163.00, 79.0,  157.0,   78.0,  9.9,1120.9, 13.7,1122.81800, 0.02100,1066.0,1068.1, 0.00197,<, 0.00140000,              , 0.610, 0.370, , 1.28, 0.58, ,0,58656.40714944100, 0.00000001600,58656.40681274800, 0.00000001700, , 0.0011900,    0.0001300, 0.900, 2.500, -15.60,  7.80,411.9, 360023.967, 359930, 0.422,0,Simbad
FRB20190623A,-9999          ,-9999       ,270.4800000, 2.30e-01,+24.5200000, 2.60e-01, 50.44, 21.27,  12.40,  7.9,       ,       ,  9.6,1082.1, 11.1,1082.20100, 0.03100,1008.0,1022.5, 0.00295,<, 0.00120000,              , 0.410, 0.130, , 0.86, 0.19, ,0,58657.33092150380, 0.00000000330,58657.33059699010, 0.00000000980, , 0.0009800,    0.0001300, 4.100, 2.500, -12.80,  5.00,469.8, 364470.156, 364794, 0.414,0,Simbad
FRB20190623B,-9999          ,-9999       ,335.2200000, 1.80e-01,+46.1200000, 1.80e-01, 97.54, -9.20,  18.40,  8.5,       ,       , 25.3,1554.4, 37.2,1556.76500, 0.00550,1413.0,1422.0, 0.00197, , 0.00072000,    0.00016000, 1.580, 0.490, , 2.78, 0.87, ,0,58657.51178406180, 0.00000000170,58657.51131724300, 0.00000000240,<, 0.0004400,             ,54.200, 5.000, -57.10,  5.10,643.3, 380003.410, 379385, 0.391,0,Simbad
FRB20190623C,-9999          ,-9999       ,192.3100000, 2.40e-01,+86.0300000, 3.10e-01,122.98, 31.10, 162.00, 78.0,  163.0,   79.0, 12.5,1049.8, 15.0,1049.82600, 0.00400,1001.0,1006.2, 0.00590, , 0.00159000,    0.00037000, 1.920, 0.980, , 5.90, 1.70, ,0,58657.63060790770, 0.00000000160,58657.63029310200, 0.00000000200,<, 0.0001800,             ,-0.400, 1.600,  -0.60,  2.00,400.2, 348288.642, 345945, 0.444,0,Simbad
FRB20190624A,-9999          ,-9999       ,168.3200000, 2.00e-01,+69.7800000, 5.10e-02,134.65, 45.05,  32.00, 18.0,       ,       , 15.3, 973.7, 19.2, 973.84700, 0.03300, 936.0, 944.7, 0.00590, , 0.00095000,    0.00022000, 0.580, 0.260, , 3.01, 0.98, ,0,58658.04837361750, 0.00000000550,58658.04808159500, 0.00000001100, , 0.0015200,    0.0002500,-5.300, 1.100,   2.20,  1.90,400.2, 385623.361, 383641, 0.384,0,Simbad
FRB20190624B,-9999          ,-9999       ,304.6500000, 6.80e-02,+73.6100000, 2.00e-01,106.73, 20.13,  45.00, 22.0,   42.0,   11.0, 39.1, 215.1, 80.4, 213.92220, 0.00200, 144.2, 141.2, 0.00098,<, 0.00040000,              ,16.500, 4.400, ,20.00, 5.20, ,0,58658.92438010847, 0.00000000045,58658.92431596078, 0.00000000076, , 0.0003720,    0.0000160,34.800, 1.400, -43.20,  1.60,598.8, 164386.993, 151994, 0.512,0,Simbad
FRB20190625A,-9999          ,-9999       ,227.9100000, 1.10e-01,+32.8800000, 1.90e-01, 52.31, 59.25,  12.90,  5.8,       ,       , 19.8, 297.6, 38.7, 302.14000, 0.10000, 279.0, 278.8, 0.05800, , 0.01690000,    0.00120000, 0.350, 0.160, ,11.90, 2.70, ,0,58659.21025848300, 0.00000001200,58659.21016788300, 0.00000003300, , 0.0039200,    0.0006500,-1.100, 0.830,  -8.10,  1.60,400.2,1541921.457,1535193, 0.507,0,Simbad
FRB20190625E,-9999          ,FRB20180814A,065.5400000, 1.90e-01,+73.6300000, 2.70e-01,136.46, 16.58,  41.00, 24.0,   43.5,    7.9, 11.4, 187.6, 27.8, 188.53300, 0.05800, 100.7,  80.2, 0.00295, , 0.00066000,    0.00012000, 0.840, 0.300, , 4.20, 1.00, ,0,58659.73873553710, 0.00000000490,58659.73867900300, 0.00000001800, , 0.0008300,    0.0002800,48.000,10.000,-292.00, 58.00,434.6, 696676.114, 689455, 0.446,0,Simbad
FRB20190625E,-9999          ,FRB20180814A,065.5400000, 1.90e-01,+73.6300000, 2.70e-01,136.46, 16.58,  41.00, 24.0,   43.5,    7.9, 11.4, 187.6, 27.8, 188.53300, 0.05800, 100.7,  80.2, 0.00295, , 0.00066000,    0.00012000, 0.840, 0.300, , 4.20, 1.00, ,1,58659.73873561400, 0.00000000440,58659.73867908000, 0.00000001800, , 0.0009700,    0.0002500,60.300, 9.800,-422.00, 66.00,429.8, 696676.114, 689455, 0.446,0,Simbad
FRB20190625E,-9999          ,FRB20180814A,065.5400000, 1.90e-01,+73.6300000, 2.70e-01,136.46, 16.58,  41.00, 24.0,   43.5,    7.9, 11.4, 187.6, 27.8, 188.53300, 0.05800, 100.7,  80.2, 0.00295, , 0.00066000,    0.00012000, 0.840, 0.300, , 4.20, 1.00, ,2,58659.73873585330, 0.00000000470,58659.73867931900, 0.00000001800, , 0.0006200,    0.0004000, 0.000,11.000,-115.00, 98.00,400.2, 696676.114, 689455, 0.446,0,Simbad
FRB20190625C,-9999          ,-9999       ,073.2000000, 2.10e-01,+11.1000000, 5.10e-02,188.20,-20.14,  10.00,  7.3,       ,       , 12.1, 441.6, 21.1, 442.23880, 0.00430, 366.1, 337.3, 0.00098,<, 0.00063000,              , 2.220, 0.590, , 4.02, 0.83, ,0,58659.77532216966, 0.00000000091,58659.77518955790, 0.00000000160, , 0.0005470,    0.0000400, 0.300, 1.000,  -5.90,  2.00,410.7, 335188.999, 333178, 0.465,0,Simbad
FRB20190625D,-9999          ,-9999       ,115.0200000, 1.30e-02,+04.8700000, 3.30e-02,214.12, 13.03,   9.60,  5.9,       ,       , 36.3, 716.6, 66.9, 717.88310, 0.00280, 616.5, 587.1, 0.00197,<, 0.00072000,              , 5.300, 1.300, ,12.10, 2.10, ,0,58659.89395235612, 0.00000000037,58659.89373708838, 0.00000000092, , 0.0006870,    0.0000170,17.840, 0.950, -76.10,  3.60,450.0, 307048.714, 305818, 0.509,0,Simbad
FRB20190626A,-9999          ,FRB20180814A,065.5400000, 1.90e-01,+73.6300000, 2.70e-01,136.46, 16.58,  42.00, 23.0,   41.0,   11.0, 11.9, 194.1, 17.6, 192.49000, 0.58000, 101.5,  80.7, 0.04227,<, 0.00980000,              , 0.430, 0.310, , 5.30, 2.20, ,0,58660.77630580200, 0.00000002100,58660.77624808000, 0.00000017000, , 0.0083500,    0.0007300,28.000, 7.000,-248.00, 59.00,423.0, 935641.356, 936314, 0.398,0,Simbad
FRB20190627A,-9999          ,-9999       ,195.8900000, 2.40e-01,+00.7500000, 3.70e-01,309.73, 63.46,  10.80,  6.1,       ,       ,  9.4, 402.8, 14.7, 404.22130, 0.00770, 373.9, 381.7, 0.00197,<, 0.00080000,              , 1.980, 0.680, , 2.62, 0.68, ,0,58661.11582702670, 0.00000000260,58661.11570581500, 0.00000000350, , 0.0006630,    0.0000660, 9.300, 2.600, -27.30,  6.50,474.6, 327797.244, 326490, 0.476,0,Simbad
FRB20190627B,-9999          ,-9999       ,256.4000000, 1.40e-01,+40.7900000, 1.30e-01, 65.18, 36.74,  20.90,  4.9,       ,       , 56.2, 428.6, 68.4, 430.32240, 0.00160, 388.3, 396.7, 0.00295, , 0.00062000,    0.00003900, 4.060, 0.610, ,10.20, 1.40, ,0,58661.28223901965, 0.00000000067,58661.28210998120, 0.00000000082, , 0.0004440,    0.0000260, 2.080, 0.370,  -4.61,  0.50,501.6, 352263.636, 347769, 0.441,0,Simbad
FRB20190627C,-9999          ,-9999       ,267.8800000, 7.80e-02,+71.5800000, 1.60e-01,102.22, 30.35,  46.00, 16.0,   38.8,    7.2, 49.9, 968.9, 57.0, 968.61270, 0.00270, 920.6, 925.8, 0.00197, , 0.00016400,    0.00001700, 4.000, 1.500, ,11.30, 4.00, ,0,58661.30789415470, 0.00000000073,58661.30760370200, 0.00000000110, , 0.0008200,    0.0000320,-0.190, 0.350,  -3.33,  0.59,400.2, 349021.926, 345945, 0.444,0,Simbad
FRB20190627D,-9999          ,-9999       ,295.3300000, 2.20e-01,+43.8400000, 2.20e-01, 77.24, 10.21,  15.90,  9.4,       ,       , 12.0,1999.2, 15.0,2002.24200, 0.01500,1870.2,1861.3, 0.00786, , 0.00270000,    0.00073000, 0.236, 0.078, , 1.54, 0.28, ,0,58661.39018155330, 0.00000000620,58661.38958115180, 0.00000000760,<, 0.0014000,             , 5.200, 1.900, -13.90,  3.30,482.4, 359610.349, 358105, 0.425,0,Simbad
FRB20190628A,-9999          ,-9999       ,199.0600000, 2.20e-01,+51.7500000, 2.20e-01,113.85, 64.94,  18.00, 11.0,       ,       , 10.9, 745.7, 14.4, 745.84300, 0.01100, 716.0, 724.0, 0.00098,<, 0.00058000,              , 0.810, 0.270, , 1.28, 0.32, ,0,58662.11932632180, 0.00000000180,58662.11910266980, 0.00000000380, , 0.0004770,    0.0000530, 4.700, 1.800,  -6.40,  2.40,579.1, 184427.038, 183914, 0.409,0,Simbad
FRB20190628B,-9999          ,-9999       ,248.4800000, 2.00e-01,+80.1400000, 8.80e-02,113.30, 32.36,  66.00, 40.0,   68.0,   34.0, 12.4, 406.0, 16.3, 408.00900, 0.01600, 361.5, 367.2, 0.00295, , 0.00047100,    0.00009200, 0.750, 0.260, , 1.39, 0.34, ,0,58662.24780819760, 0.00000000190,58662.24768585000, 0.00000000530, , 0.0002700,    0.0001900,-6.000, 1.500,  -0.40,  3.60,400.2, 365131.881, 367225, 0.410,0,Simbad
FRB20190628C,-9999          ,-9999       ,011.5200000, 2.20e-01,+48.5900000, 7.50e-02,122.02,-14.27,  15.00, 10.0,       ,       , 10.0,1740.4, 13.7,1748.44000, 0.18000,1649.6,1647.2, 0.01966, , 0.00390000,    0.00100000, 0.380, 0.220, , 2.45, 0.62, ,0,58662.59897689900, 0.00000002400,58662.59845260300, 0.00000006000, , 0.0042000,    0.0010000, 1.800, 2.100, -11.70,  4.50,433.1, 935194.373, 936313, 0.398,0,Simbad
FRB20190629A,-9999          ,-9999       ,006.3400000, 2.50e-01,+12.6700000, 2.60e-01,113.07,-49.70,  12.30,  6.8,       ,       , 10.0, 503.0, 13.2, 503.77900, 0.03800, 468.7, 477.2, 0.00393,<, 0.00170000,              , 0.820, 0.340, , 3.05, 0.76, ,0,58663.57903458020, 0.00000000700,58663.57888351500, 0.00000001300, , 0.0011400,    0.0002600,24.700, 5.600, -35.30,  7.70,568.2, 372887.837, 369050, 0.407,0,Simbad
FRB20190630B,-9999          ,-9999       ,328.2100000, 1.50e-01,+43.0100000, 1.40e-01, 91.60, -8.74,  20.60,  5.4,       ,       , 48.3, 653.5, 93.3, 652.14500, 0.01500, 501.6, 517.2, 0.02064, , 0.01197000,    0.00037000, 0.920, 0.150, ,14.70, 1.80, ,0,58664.47172146290, 0.00000000350,58664.47152590780, 0.00000000580, , 0.0018700,    0.0001600, 2.590, 0.290,  -4.72,  0.37,526.8,1006096.493, 993769, 0.544,0,Simbad
FRB20190630A,-9999          ,FRB20190117A,331.7100000, 1.50e-01,+17.3700000, 2.60e-01, 76.31,-30.23,  12.50,  6.9,       ,       , 19.4, 401.1, 31.2, 392.43800, 0.02600, 344.3, 352.4, 0.02163, , 0.00518000,    0.00041000, 0.400, 0.140, , 4.80, 0.86, ,0,58664.48245886460, 0.00000000390,58664.48234118620, 0.00000000870, , 0.0007500,    0.0002900,42.200, 4.400,-121.00, 12.00,476.6, 553094.302, 553273, 0.556,0,Simbad
FRB20190630C,-9999          ,-9999       ,068.3800000, 2.20e-01,+80.9500000, 9.20e-02,130.96, 21.78,  73.00, 43.0,   76.0,   37.0, 10.8,1659.6, 14.2,1660.34700, 0.01800,1592.3,1586.9, 0.00393,<, 0.00150000,              , 0.660, 0.330, , 2.27, 0.83, ,0,58664.74321943860, 0.00000000310,58664.74272155920, 0.00000000620, , 0.0012100,    0.0001500, 1.900, 1.900, -10.00,  4.10,439.7, 264991.299, 265690, 0.573,0,Simbad
FRB20190630D,-9999          ,-9999       ,143.3600000, 2.00e-01,+08.9000000, 2.50e-01,224.58, 39.91,  12.00,  6.6,       ,       , 19.1, 321.9, 19.7, 323.51740, 0.00410, 279.8, 287.3, 0.00197,<, 0.00063000,              , 1.730, 0.510, , 2.60, 0.75, ,0,58664.95826374940, 0.00000000170,58664.95816673790, 0.00000000210, , 0.0005550,    0.0000400,-2.300, 1.300,  -1.60,  2.10,400.2, 230876.012, 229818, 0.631,0,Simbad
FRB20190701A,-9999          ,-9999       ,277.4700000, 2.10e-01,+59.0400000, 2.20e-01, 88.29, 25.72,  23.00, 14.0,       ,       , 12.1, 635.7, 14.6, 637.09340, 0.00360, 582.8, 587.8, 0.00197,<, 0.00072000,              , 1.260, 0.250, , 1.70, 0.29, ,0,58665.32792152490, 0.00000000250,58665.32773048310, 0.00000000280, , 0.0006080,    0.0000570,-1.100, 1.500,   3.30,  1.90,800.2, 341779.300, 341690, 0.451,0,Simbad
FRB20190701B,-9999          ,-9999       ,302.9300000, 2.20e-01,+80.1800000, 2.40e-01,112.88, 23.40,  69.00, 38.0,   70.0,   33.0, 15.0, 748.9, 17.5, 749.11400, 0.01100, 687.6, 688.1, 0.00295, , 0.00034000,    0.00011000, 1.100, 0.490, , 1.90, 0.72, ,0,58665.41022506420, 0.00000000290,58665.41000043140, 0.00000000450, , 0.0006300,    0.0001300, 3.900, 1.700, -11.80,  3.10,471.5, 329229.311, 330137, 0.470,0,Simbad
FRB20190701C,-9999          ,-9999       ,096.3600000, 2.30e-01,+81.6300000, 2.70e-01,132.18, 25.88,  82.00, 44.0,   82.0,   43.0, 11.5, 972.1, 16.8, 974.19500, 0.02900, 915.8, 916.6, 0.00197,<, 0.00180000,              , 0.880, 0.500, , 2.50, 1.60, ,0,58665.81753324220, 0.00000000370,58665.81724111570, 0.00000000950, , 0.0014400,    0.0001600,46.200, 9.000,-211.00, 41.00,446.4, 285697.192, 286362, 0.540,0,Simbad
FRB20190701D,-9999          ,-9999       ,112.1000000, 1.80e-01,+66.7000000, 1.60e-01,149.28, 28.38,  34.00, 15.0,       ,       , 34.4, 934.9, 44.8, 933.36290, 0.00970, 877.4, 879.4, 0.00885, , 0.00153000,    0.00020000, 1.330, 0.670, , 8.60, 3.60, ,0,58665.87092473580, 0.00000000330,58665.87064485330, 0.00000000440, , 0.0014000,    0.0001200, 6.490, 0.750, -20.90,  1.60,467.6, 358566.724, 354457, 0.431,0,Simbad
FRB20190701E,-9999          ,-9999       ,138.5700000, 1.90e-01,+61.7100000, 3.60e-02,153.27, 40.37,  15.00, 14.0,       ,       , 15.2, 888.0, 16.7, 890.47710, 0.00810, 848.1, 857.0, 0.00295, , 0.00067000,    0.00015000, 0.680, 0.280, , 2.00, 0.49, ,0,58665.93893019070, 0.00000000350,58665.93866316810, 0.00000000430, , 0.0004200,    0.0001500, 0.300, 1.400,  -5.10,  2.20,410.3, 359241.191, 356889, 0.427,0,Simbad
